amount,currency,userId,paymentStatus,paymentType
2594.08,USD,3714,NEW,CARD
1822.47,USD,3774,FAILED,CARD
1044.51,EUR,3224,NEW,BLIK
4075.99,USD,2815,FAILED,CARD
4017.72,PLN,4518,NEW,CARD
1739.52,EUR,483,FAILED,TRANSFER
3461.87,PLN,4146,NEW,TRANSFER
956.05,USD,804,PAID,BLIK
1507.13,USD,62,PAID,CARD
3523.17,PLN,3182,FAILED,TRANSFER
397.04,EUR,3956,FAILED,BLIK
4831.73,PLN,1272,PAID,CARD
1889.28,USD,1420,NEW,CARD
3330.56,EUR,1904,FAILED,BLIK
4058.91,USD,28,PAID,CARD
3351.46,PLN,3491,PAID,TRANSFER
1316.1,PLN,3193,FAILED,CARD
307.73,USD,2214,NEW,CARD
4571.58,EUR,1817,NEW,CARD
3902.89,USD,2981,PAID,TRANSFER
4856.26,EUR,4025,PAID,BLIK
1958.37,PLN,2765,NEW,CARD
1746.78,PLN,760,NEW,TRANSFER
3546.1,USD,38,NEW,BLIK
4492.67,EUR,969,NEW,BLIK
3322.7,EUR,2929,NEW,CARD
1801.26,PLN,859,FAILED,BLIK
1610.79,EUR,3541,FAILED,CARD
2608.43,PLN,4886,NEW,CARD
3913.59,USD,1254,NEW,BLIK
4193.31,PLN,822,PAID,TRANSFER
1341.3,EUR,3347,NEW,CARD
2129.03,EUR,3315,NEW,TRANSFER
1777.83,USD,4361,PAID,BLIK
282.27,EUR,4105,NEW,TRANSFER
1482.79,PLN,1385,NEW,BLIK
327.47,PLN,4505,NEW,TRANSFER
1296.72,EUR,2928,FAILED,CARD
1499.44,EUR,1319,NEW,CARD
2369.43,USD,1406,NEW,CARD
2242.77,EUR,1109,PAID,BLIK
606.75,USD,2691,NEW,TRANSFER
3109.53,USD,3745,PAID,BLIK
4919.52,USD,4456,NEW,BLIK
2623.9,PLN,2066,PAID,BLIK
3695.77,USD,2482,FAILED,CARD
1326.19,USD,339,FAILED,CARD
3867.46,EUR,1502,NEW,BLIK
669.18,PLN,264,PAID,CARD
1092.63,EUR,596,FAILED,BLIK
3854.68,PLN,2468,PAID,TRANSFER
2754.25,EUR,3196,PAID,TRANSFER
3681.44,USD,4784,NEW,TRANSFER
3793.58,PLN,4961,PAID,CARD
4211.17,USD,3949,FAILED,CARD
3076.42,PLN,3328,PAID,TRANSFER
765.77,EUR,264,PAID,TRANSFER
4168.53,USD,1031,NEW,BLIK
2140.46,PLN,2582,NEW,TRANSFER
1203.25,PLN,14,NEW,CARD
2812.72,EUR,3829,FAILED,BLIK
3756.34,USD,1580,PAID,TRANSFER
2585.65,PLN,2193,NEW,BLIK
1439.92,EUR,3899,NEW,BLIK
2068.82,USD,4754,NEW,TRANSFER
4787.52,EUR,1489,FAILED,BLIK
3456.02,EUR,797,PAID,BLIK
1479.97,PLN,4351,FAILED,TRANSFER
3911.21,USD,3531,NEW,BLIK
4141.92,EUR,2599,FAILED,CARD
2306.77,USD,2562,FAILED,CARD
28.15,PLN,4061,NEW,TRANSFER
1502.74,PLN,488,NEW,TRANSFER
3958.91,EUR,3571,NEW,CARD
3113.21,USD,3823,FAILED,CARD
2448.41,USD,192,NEW,TRANSFER
3566.12,USD,2966,NEW,CARD
75.52,USD,1821,PAID,TRANSFER
2980.55,USD,915,NEW,CARD
1232.89,EUR,524,PAID,BLIK
4313.06,USD,1909,NEW,CARD
3539.23,USD,1959,PAID,CARD
1819.69,EUR,3194,FAILED,TRANSFER
333.4,PLN,3532,NEW,BLIK
3010.0,EUR,755,PAID,BLIK
3313.3,PLN,105,NEW,BLIK
2047.22,EUR,3509,PAID,CARD
130.68,PLN,3987,FAILED,CARD
2618.41,PLN,683,PAID,BLIK
2778.09,PLN,2819,FAILED,CARD
1674.06,PLN,3484,FAILED,CARD
1326.0,PLN,3868,NEW,CARD
1922.64,PLN,297,PAID,TRANSFER
2969.39,PLN,2263,FAILED,CARD
1136.48,USD,1235,PAID,CARD
2930.31,USD,408,NEW,CARD
4161.92,PLN,383,PAID,TRANSFER
4218.92,EUR,4882,PAID,TRANSFER
185.31,USD,2855,PAID,CARD
2479.46,EUR,3479,NEW,CARD
2698.16,PLN,4349,NEW,TRANSFER
551.17,EUR,852,PAID,TRANSFER
1164.21,EUR,3784,FAILED,CARD
3602.19,PLN,2604,PAID,TRANSFER
3821.06,EUR,3174,FAILED,TRANSFER
1796.54,USD,555,PAID,TRANSFER
2917.78,USD,1654,FAILED,TRANSFER
2802.38,PLN,2497,NEW,TRANSFER
4771.86,EUR,2028,FAILED,CARD
2479.1,EUR,601,NEW,BLIK
3358.74,EUR,3925,FAILED,TRANSFER
3458.58,EUR,2155,NEW,BLIK
3293.55,USD,3876,FAILED,TRANSFER
1820.38,USD,3823,PAID,TRANSFER
928.42,EUR,3831,PAID,BLIK
2369.4,USD,861,FAILED,TRANSFER
1591.48,USD,981,PAID,TRANSFER
878.81,EUR,4600,PAID,BLIK
4507.86,EUR,1035,PAID,CARD
4665.16,PLN,3414,NEW,CARD
1890.61,USD,4954,FAILED,BLIK
994.28,EUR,4369,PAID,CARD
3296.49,PLN,2952,FAILED,CARD
2377.94,USD,804,PAID,TRANSFER
2992.16,EUR,4434,FAILED,BLIK
1217.91,PLN,4229,NEW,BLIK
552.79,PLN,3793,PAID,CARD
347.45,USD,3629,FAILED,BLIK
4184.41,EUR,2054,NEW,TRANSFER
1572.55,USD,3407,NEW,CARD
3911.91,USD,4004,PAID,TRANSFER
357.5,PLN,2035,PAID,CARD
2163.52,USD,4186,FAILED,TRANSFER
2033.37,PLN,855,FAILED,TRANSFER
696.05,EUR,1306,NEW,TRANSFER
2688.73,USD,1684,PAID,BLIK
2187.37,EUR,1772,FAILED,BLIK
2349.61,PLN,427,FAILED,BLIK
3758.44,USD,4264,FAILED,BLIK
378.02,PLN,1489,PAID,TRANSFER
2871.5,USD,2326,FAILED,TRANSFER
2389.82,USD,1828,NEW,CARD
3019.91,EUR,2581,FAILED,TRANSFER
3950.32,EUR,4936,PAID,TRANSFER
3465.32,PLN,3856,FAILED,TRANSFER
3745.78,EUR,2696,PAID,BLIK
1631.86,PLN,1651,FAILED,BLIK
2443.01,USD,2434,NEW,TRANSFER
3227.46,EUR,673,PAID,BLIK
1033.88,PLN,2775,FAILED,TRANSFER
3325.76,EUR,2275,NEW,CARD
657.15,PLN,2904,PAID,BLIK
3881.21,PLN,45,PAID,BLIK
1284.66,USD,1500,PAID,BLIK
460.4,USD,2393,PAID,TRANSFER
1465.42,EUR,3184,PAID,BLIK
4403.37,EUR,2812,FAILED,CARD
934.09,USD,4037,FAILED,BLIK
428.2,EUR,2152,FAILED,CARD
3361.39,USD,633,PAID,TRANSFER
1831.18,EUR,3894,FAILED,CARD
4555.11,USD,2446,FAILED,BLIK
3099.02,USD,3437,FAILED,TRANSFER
1668.42,USD,1795,FAILED,TRANSFER
2226.37,PLN,1474,NEW,CARD
1427.37,USD,911,FAILED,CARD
2730.33,EUR,4740,FAILED,CARD
4962.57,EUR,1559,FAILED,CARD
1869.79,USD,2431,FAILED,CARD
4355.62,EUR,2346,FAILED,BLIK
2590.52,USD,4791,PAID,CARD
4358.9,USD,3355,NEW,BLIK
456.98,USD,883,NEW,BLIK
2578.27,USD,2959,PAID,CARD
1482.71,USD,4965,PAID,BLIK
4022.24,USD,4423,PAID,BLIK
4487.42,USD,1478,PAID,CARD
916.0,EUR,3344,PAID,TRANSFER
3160.7,EUR,3167,PAID,CARD
3565.52,PLN,2503,PAID,BLIK
1057.58,EUR,1312,PAID,BLIK
911.63,PLN,3663,PAID,TRANSFER
909.65,EUR,3657,NEW,CARD
857.06,EUR,37,FAILED,CARD
1176.01,EUR,1267,FAILED,BLIK
1894.91,PLN,2302,FAILED,CARD
3855.74,PLN,4669,NEW,CARD
1286.05,USD,3827,FAILED,TRANSFER
2556.04,USD,3150,NEW,BLIK
4610.14,EUR,3142,FAILED,TRANSFER
594.92,PLN,2516,PAID,BLIK
233.09,EUR,4878,PAID,BLIK
1674.27,USD,4674,FAILED,CARD
4346.9,EUR,1900,FAILED,CARD
415.24,EUR,3830,NEW,BLIK
699.01,EUR,884,NEW,TRANSFER
253.24,EUR,2782,NEW,BLIK
4420.22,EUR,2509,NEW,BLIK
1152.2,EUR,4692,FAILED,CARD
3975.02,USD,11,NEW,BLIK
1894.37,PLN,3980,NEW,CARD
2366.64,EUR,1641,NEW,BLIK
2225.15,PLN,4166,PAID,BLIK
3496.19,USD,1499,FAILED,BLIK
4404.95,USD,4313,PAID,BLIK
3765.04,EUR,17,NEW,TRANSFER
1531.77,PLN,3430,NEW,TRANSFER
3725.22,PLN,2677,FAILED,CARD
897.57,EUR,3413,PAID,CARD
4930.83,USD,1947,FAILED,TRANSFER
1859.94,EUR,4651,PAID,BLIK
3649.5,EUR,4046,FAILED,CARD
2264.89,EUR,2905,FAILED,CARD
3969.87,USD,64,PAID,TRANSFER
909.38,PLN,3679,NEW,CARD
3397.41,PLN,1495,NEW,BLIK
1656.23,EUR,330,PAID,BLIK
4333.32,PLN,4601,FAILED,BLIK
918.21,USD,3433,NEW,CARD
1545.65,EUR,4969,FAILED,CARD
1010.25,PLN,1477,FAILED,TRANSFER
4491.03,PLN,3623,PAID,BLIK
404.07,EUR,2221,NEW,CARD
1615.92,USD,4109,NEW,BLIK
1346.94,EUR,267,PAID,BLIK
2545.65,PLN,4792,PAID,TRANSFER
4862.82,EUR,4763,NEW,BLIK
148.09,USD,3584,PAID,BLIK
3986.74,PLN,531,NEW,BLIK
4393.86,EUR,2103,NEW,CARD
3071.87,PLN,2682,PAID,TRANSFER
4404.62,PLN,1861,NEW,BLIK
2498.16,PLN,842,PAID,BLIK
1077.07,PLN,1317,NEW,BLIK
3196.75,EUR,3781,NEW,TRANSFER
4827.34,EUR,3483,NEW,TRANSFER
3673.9,USD,2663,PAID,CARD
236.04,PLN,1107,NEW,TRANSFER
1841.28,USD,2313,FAILED,BLIK
2687.21,EUR,4359,NEW,BLIK
1120.17,EUR,1470,NEW,CARD
3382.9,PLN,4277,NEW,CARD
3748.14,USD,3895,PAID,CARD
1430.44,USD,4604,NEW,BLIK
2520.4,EUR,3702,PAID,TRANSFER
3027.71,PLN,4900,NEW,CARD
429.97,EUR,3201,PAID,TRANSFER
4906.04,PLN,3150,PAID,TRANSFER
3165.7,USD,2468,NEW,CARD
851.91,PLN,3057,FAILED,BLIK
3718.67,PLN,3171,NEW,BLIK
1910.44,EUR,1593,PAID,BLIK
1612.37,USD,3664,NEW,CARD
833.49,USD,3130,PAID,TRANSFER
3620.89,PLN,989,NEW,CARD
2173.36,EUR,2181,NEW,TRANSFER
296.71,EUR,3473,NEW,BLIK
4900.39,EUR,3237,PAID,BLIK
4237.44,USD,1610,FAILED,BLIK
1278.21,EUR,3835,NEW,BLIK
1803.81,PLN,2929,FAILED,BLIK
1014.28,USD,4977,NEW,TRANSFER
4356.39,USD,2537,NEW,TRANSFER
2373.66,USD,1798,NEW,BLIK
2589.78,PLN,647,FAILED,BLIK
4970.5,EUR,3882,PAID,CARD
2280.61,EUR,386,FAILED,BLIK
4113.17,EUR,3727,FAILED,CARD
3498.8,USD,1858,NEW,CARD
1288.56,EUR,3284,PAID,CARD
3456.69,USD,2369,FAILED,BLIK
4573.56,EUR,4319,NEW,TRANSFER
1249.29,PLN,1099,PAID,TRANSFER
4062.89,PLN,2452,FAILED,TRANSFER
3199.61,PLN,4601,FAILED,BLIK
4935.83,USD,3586,NEW,CARD
181.16,PLN,2359,PAID,TRANSFER
238.62,USD,3717,PAID,CARD
4524.31,EUR,799,PAID,CARD
4702.1,USD,569,PAID,CARD
2026.57,USD,4601,NEW,BLIK
3561.18,PLN,4233,PAID,CARD
2226.51,EUR,3614,FAILED,BLIK
1898.12,USD,3315,FAILED,TRANSFER
2803.73,PLN,4502,FAILED,TRANSFER
1906.22,USD,1181,PAID,BLIK
1732.39,USD,2359,FAILED,BLIK
4379.35,PLN,1784,PAID,BLIK
4684.23,EUR,523,PAID,BLIK
858.96,EUR,1952,NEW,TRANSFER
2896.01,EUR,2221,NEW,CARD
3672.29,PLN,2465,FAILED,BLIK
3595.83,EUR,1088,NEW,CARD
3449.77,EUR,1092,FAILED,BLIK
2419.28,USD,686,PAID,TRANSFER
180.56,USD,4027,NEW,TRANSFER
3160.96,EUR,1231,PAID,CARD
944.9,EUR,703,FAILED,CARD
3925.25,EUR,3183,FAILED,BLIK
2348.73,USD,428,PAID,CARD
3245.04,USD,2862,FAILED,BLIK
1120.85,PLN,3230,FAILED,TRANSFER
4649.08,PLN,3211,PAID,BLIK
3940.43,USD,3693,NEW,BLIK
4418.78,USD,3057,PAID,TRANSFER
134.46,PLN,4315,NEW,CARD
3876.45,USD,3415,PAID,CARD
4943.03,USD,3449,FAILED,TRANSFER
1211.91,PLN,337,FAILED,TRANSFER
3108.37,EUR,4026,PAID,BLIK
1004.87,PLN,2327,FAILED,TRANSFER
2850.06,USD,341,NEW,TRANSFER
2571.77,PLN,4384,PAID,TRANSFER
3337.25,USD,890,PAID,CARD
1129.57,EUR,3895,NEW,CARD
2076.05,PLN,3686,FAILED,BLIK
289.69,PLN,2610,NEW,CARD
3067.05,USD,438,NEW,TRANSFER
4395.81,USD,121,FAILED,TRANSFER
3678.16,EUR,1864,NEW,TRANSFER
1942.91,USD,1145,PAID,TRANSFER
2542.78,PLN,1923,FAILED,CARD
179.21,USD,4615,NEW,TRANSFER
2486.22,USD,3814,PAID,TRANSFER
2083.0,USD,95,NEW,BLIK
1826.15,EUR,4168,PAID,CARD
1179.94,USD,1949,NEW,CARD
3994.27,EUR,1375,FAILED,TRANSFER
1462.72,USD,3001,FAILED,BLIK
4326.8,USD,349,NEW,TRANSFER
2367.28,EUR,3320,PAID,TRANSFER
3630.07,PLN,4305,FAILED,CARD
3773.17,PLN,4040,FAILED,CARD
4507.01,PLN,2542,NEW,CARD
3541.77,EUR,3762,FAILED,BLIK
4077.86,EUR,3365,PAID,BLIK
2019.51,USD,4357,NEW,TRANSFER
1750.02,USD,4439,PAID,TRANSFER
3201.95,USD,2522,FAILED,TRANSFER
2450.65,PLN,1544,PAID,BLIK
3996.83,EUR,4773,PAID,TRANSFER
3299.37,PLN,3854,PAID,CARD
387.48,PLN,3695,FAILED,CARD
4611.33,EUR,2956,NEW,TRANSFER
4426.82,EUR,690,PAID,TRANSFER
2213.94,PLN,397,FAILED,TRANSFER
4892.19,EUR,4466,FAILED,TRANSFER
4491.37,EUR,1936,FAILED,CARD
1298.46,USD,1243,NEW,CARD
1804.02,USD,943,FAILED,TRANSFER
3208.79,USD,2735,PAID,TRANSFER
2305.76,PLN,4886,FAILED,BLIK
4390.57,PLN,2241,PAID,TRANSFER
2546.52,USD,4984,FAILED,CARD
1476.96,PLN,1622,FAILED,CARD
2997.3,EUR,293,NEW,TRANSFER
103.89,EUR,3384,NEW,TRANSFER
2629.94,USD,1848,FAILED,BLIK
1870.58,USD,3021,NEW,TRANSFER
2945.85,USD,2586,NEW,BLIK
1829.63,PLN,4124,NEW,TRANSFER
434.22,USD,480,PAID,CARD
4652.32,USD,4391,FAILED,BLIK
1505.34,EUR,2981,FAILED,BLIK
3822.93,USD,149,PAID,CARD
1513.19,USD,4389,FAILED,TRANSFER
1938.39,USD,3686,FAILED,TRANSFER
3819.05,USD,1100,FAILED,CARD
2458.88,PLN,838,NEW,TRANSFER
3008.1,EUR,2970,NEW,CARD
2205.82,EUR,1985,NEW,CARD
2180.02,PLN,114,FAILED,BLIK
1294.68,EUR,397,PAID,TRANSFER
276.81,PLN,2547,PAID,TRANSFER
1062.06,USD,2573,NEW,TRANSFER
1869.39,EUR,3358,NEW,BLIK
4940.08,PLN,2449,FAILED,CARD
3140.85,EUR,683,NEW,TRANSFER
4510.32,PLN,142,FAILED,BLIK
2209.54,EUR,236,FAILED,CARD
3192.99,USD,4677,NEW,TRANSFER
531.25,EUR,733,FAILED,TRANSFER
3542.71,EUR,4593,NEW,BLIK
529.76,USD,2854,FAILED,TRANSFER
2521.75,PLN,4870,PAID,CARD
3979.47,PLN,1474,PAID,BLIK
2806.79,PLN,3119,NEW,TRANSFER
1418.67,PLN,4954,PAID,TRANSFER
1746.03,EUR,1579,NEW,TRANSFER
2781.68,PLN,1604,PAID,TRANSFER
4893.11,PLN,2350,NEW,CARD
4832.68,EUR,3922,NEW,BLIK
2751.97,PLN,2110,FAILED,TRANSFER
1147.78,EUR,4928,FAILED,BLIK
3968.75,EUR,1906,FAILED,BLIK
1950.5,USD,1289,NEW,CARD
2708.49,PLN,2532,FAILED,TRANSFER
2755.9,PLN,3805,NEW,BLIK
4215.66,PLN,1524,NEW,BLIK
1191.96,PLN,3603,PAID,CARD
1481.01,EUR,2020,NEW,TRANSFER
1151.61,PLN,2487,FAILED,BLIK
962.56,USD,4253,FAILED,BLIK
4756.43,USD,1333,FAILED,BLIK
83.89,EUR,2202,PAID,TRANSFER
517.27,EUR,3650,NEW,CARD
4491.43,PLN,717,PAID,TRANSFER
2115.29,USD,1754,PAID,CARD
1241.97,USD,3282,PAID,CARD
758.85,PLN,3972,PAID,TRANSFER
3859.11,EUR,2749,FAILED,TRANSFER
2502.57,PLN,542,FAILED,BLIK
2476.79,PLN,4580,PAID,TRANSFER
2673.32,EUR,2295,PAID,BLIK
1600.62,EUR,2654,NEW,TRANSFER
4602.18,USD,383,FAILED,TRANSFER
674.94,USD,1781,PAID,CARD
100.99,EUR,4960,FAILED,TRANSFER
4629.03,EUR,900,NEW,CARD
659.51,EUR,2663,NEW,BLIK
3008.08,PLN,182,PAID,CARD
1387.85,PLN,3106,NEW,BLIK
2014.38,USD,3643,PAID,CARD
651.56,PLN,3485,FAILED,CARD
4896.99,EUR,526,FAILED,BLIK
659.83,EUR,2398,NEW,BLIK
462.8,PLN,244,NEW,CARD
2592.82,EUR,4709,NEW,BLIK
4799.39,EUR,116,PAID,CARD
1154.18,USD,2829,PAID,CARD
556.62,USD,2591,NEW,BLIK
3191.36,PLN,1243,FAILED,CARD
3579.49,PLN,85,FAILED,BLIK
382.16,USD,1408,NEW,BLIK
1766.3,PLN,877,FAILED,CARD
4804.68,PLN,4578,FAILED,CARD
4601.32,EUR,3667,FAILED,CARD
3727.77,PLN,1088,NEW,TRANSFER
1992.65,USD,4049,PAID,BLIK
4030.06,EUR,2990,FAILED,TRANSFER
3914.21,EUR,1164,FAILED,TRANSFER
2883.65,EUR,2361,FAILED,TRANSFER
1115.5,USD,4774,FAILED,TRANSFER
4371.21,USD,2699,FAILED,TRANSFER
27.69,USD,431,PAID,CARD
941.31,USD,3629,PAID,BLIK
3631.31,EUR,4,PAID,BLIK
4652.06,PLN,2363,NEW,CARD
3001.16,USD,1498,NEW,CARD
3172.47,EUR,2425,FAILED,CARD
2084.27,EUR,4420,FAILED,TRANSFER
4394.69,PLN,1347,FAILED,TRANSFER
2420.42,EUR,2458,FAILED,TRANSFER
156.66,EUR,1816,FAILED,CARD
4873.82,PLN,1731,FAILED,CARD
2212.26,PLN,3796,PAID,CARD
4313.23,USD,1437,FAILED,BLIK
4360.39,EUR,3208,PAID,CARD
417.97,PLN,4115,FAILED,CARD
3402.77,EUR,659,NEW,TRANSFER
2403.89,EUR,3416,NEW,TRANSFER
388.95,USD,2995,NEW,BLIK
4446.8,PLN,3834,FAILED,BLIK
667.69,PLN,4364,FAILED,TRANSFER
2821.64,PLN,381,NEW,BLIK
3603.32,PLN,2737,NEW,BLIK
3391.66,PLN,4145,FAILED,CARD
3787.25,USD,709,PAID,CARD
4364.33,PLN,1822,PAID,BLIK
2233.84,PLN,2901,FAILED,TRANSFER
2373.43,EUR,3306,PAID,CARD
1082.62,EUR,2358,PAID,CARD
1993.97,EUR,2506,PAID,CARD
4468.12,PLN,1663,PAID,CARD
3133.06,PLN,3477,NEW,CARD
2107.42,USD,4010,PAID,BLIK
1517.22,EUR,3303,NEW,BLIK
1857.54,PLN,3387,PAID,TRANSFER
739.22,USD,979,NEW,TRANSFER
1581.4,EUR,1608,NEW,TRANSFER
67.86,USD,4845,FAILED,TRANSFER
3053.82,USD,769,NEW,CARD
3360.11,PLN,2497,NEW,CARD
2839.38,PLN,444,FAILED,CARD
3960.94,USD,887,FAILED,TRANSFER
3933.59,PLN,4671,PAID,TRANSFER
4107.32,USD,2412,FAILED,CARD
1954.33,USD,3872,PAID,BLIK
1966.15,PLN,985,FAILED,CARD
3421.46,USD,1153,NEW,BLIK
4018.49,EUR,4762,FAILED,BLIK
2308.56,PLN,991,PAID,CARD
4181.1,PLN,2741,FAILED,TRANSFER
2199.55,EUR,2189,PAID,TRANSFER
4234.02,EUR,2813,FAILED,TRANSFER
734.82,EUR,2051,FAILED,CARD
3086.64,EUR,477,PAID,TRANSFER
98.16,USD,2794,NEW,CARD
4482.45,PLN,4135,NEW,BLIK
2815.47,PLN,2406,FAILED,CARD
435.43,PLN,4982,NEW,BLIK
3686.61,EUR,3888,FAILED,TRANSFER
4724.88,PLN,3726,PAID,BLIK
960.95,EUR,2676,NEW,CARD
1585.74,EUR,4706,PAID,TRANSFER
4987.78,EUR,1308,PAID,CARD
1584.28,EUR,1458,NEW,BLIK
4705.23,PLN,721,FAILED,TRANSFER
3490.5,PLN,3108,FAILED,TRANSFER
3310.68,PLN,2874,FAILED,CARD
2434.53,PLN,3733,NEW,BLIK
243.99,EUR,1592,NEW,CARD
3454.65,USD,933,FAILED,BLIK
2337.06,PLN,494,FAILED,CARD
2501.31,PLN,2638,FAILED,TRANSFER
2600.62,USD,1474,NEW,BLIK
1718.78,USD,4834,PAID,TRANSFER
3308.98,PLN,1745,PAID,BLIK
3662.65,PLN,1701,NEW,TRANSFER
1158.43,USD,3226,NEW,CARD
2161.35,EUR,4356,PAID,TRANSFER
3603.47,EUR,231,NEW,TRANSFER
3250.67,EUR,2181,PAID,TRANSFER
2147.71,USD,903,PAID,BLIK
1791.58,USD,3511,NEW,CARD
1239.51,USD,3031,NEW,BLIK
895.84,EUR,2001,NEW,BLIK
4680.35,EUR,910,NEW,BLIK
879.41,USD,530,FAILED,CARD
4043.06,USD,1118,NEW,TRANSFER
4302.06,PLN,4336,FAILED,BLIK
494.68,EUR,2890,NEW,TRANSFER
428.91,PLN,3627,PAID,CARD
2908.19,EUR,2834,PAID,CARD
391.69,USD,2305,FAILED,CARD
2443.42,PLN,4065,PAID,BLIK
928.88,EUR,59,FAILED,BLIK
1719.62,PLN,2089,FAILED,BLIK
2739.21,EUR,4265,NEW,TRANSFER
1087.91,EUR,1927,PAID,BLIK
1409.81,EUR,4458,NEW,BLIK
2456.47,EUR,1797,PAID,BLIK
2619.93,USD,2153,PAID,BLIK
2124.9,EUR,4275,FAILED,CARD
1363.31,USD,198,FAILED,BLIK
1310.63,USD,2955,PAID,BLIK
4606.31,PLN,3716,NEW,CARD
3911.4,USD,2484,NEW,TRANSFER
3020.55,EUR,2196,PAID,BLIK
4464.88,USD,646,PAID,CARD
1432.14,USD,2987,FAILED,CARD
1496.24,EUR,1630,PAID,TRANSFER
2230.44,USD,2317,NEW,TRANSFER
1319.13,USD,245,FAILED,BLIK
3935.27,USD,660,NEW,CARD
615.15,USD,2092,PAID,TRANSFER
3916.34,PLN,1324,FAILED,TRANSFER
1825.45,PLN,1619,NEW,CARD
3177.57,USD,4442,FAILED,BLIK
4695.1,PLN,1378,PAID,TRANSFER
4825.54,EUR,1324,PAID,CARD
642.01,USD,70,NEW,BLIK
208.57,EUR,1069,FAILED,CARD
3837.29,EUR,4157,NEW,BLIK
2044.79,USD,2400,FAILED,TRANSFER
3897.03,USD,2308,NEW,TRANSFER
4141.41,USD,4849,NEW,BLIK
4816.28,PLN,150,FAILED,BLIK
1727.6,PLN,4634,PAID,TRANSFER
212.55,EUR,885,FAILED,CARD
1313.39,USD,407,FAILED,BLIK
2204.84,PLN,3871,FAILED,CARD
929.47,EUR,3690,PAID,TRANSFER
1912.74,USD,447,PAID,BLIK
2710.42,USD,4916,NEW,TRANSFER
4769.86,PLN,599,NEW,TRANSFER
3432.36,EUR,119,FAILED,BLIK
55.63,PLN,484,FAILED,TRANSFER
2276.92,PLN,1867,PAID,CARD
3614.54,PLN,2516,FAILED,BLIK
4707.86,EUR,2617,NEW,CARD
1042.8,USD,1214,NEW,CARD
4709.63,EUR,4449,PAID,BLIK
1711.27,USD,4001,PAID,BLIK
3367.35,EUR,2278,FAILED,BLIK
518.23,USD,3958,FAILED,BLIK
1665.14,USD,1925,NEW,TRANSFER
4974.39,EUR,4410,FAILED,TRANSFER
1461.18,PLN,2139,FAILED,TRANSFER
191.04,EUR,3323,NEW,BLIK
1124.57,PLN,4011,NEW,CARD
4034.74,USD,130,PAID,BLIK
4442.71,USD,4763,PAID,CARD
3987.83,USD,4397,PAID,CARD
73.36,USD,3776,NEW,BLIK
1410.4,EUR,4128,NEW,CARD
3094.39,EUR,3573,FAILED,BLIK
1441.27,PLN,691,FAILED,CARD
3491.39,USD,3161,NEW,CARD
1179.08,EUR,1087,PAID,TRANSFER
442.7,USD,4007,PAID,CARD
2661.01,USD,1583,NEW,TRANSFER
1288.58,PLN,524,NEW,TRANSFER
4256.77,USD,1042,PAID,TRANSFER
2998.52,USD,2445,PAID,BLIK
222.14,EUR,322,FAILED,BLIK
4005.14,EUR,3544,PAID,CARD
2655.92,EUR,4850,NEW,BLIK
11.72,USD,2255,NEW,BLIK
3565.04,EUR,929,NEW,BLIK
2231.83,PLN,4767,FAILED,CARD
193.1,PLN,2776,FAILED,BLIK
1348.05,PLN,4707,NEW,CARD
1675.38,USD,586,NEW,TRANSFER
3327.57,PLN,4848,FAILED,CARD
4366.82,EUR,4510,FAILED,CARD
4192.76,PLN,4506,PAID,TRANSFER
3000.77,USD,1069,FAILED,TRANSFER
4425.0,USD,118,FAILED,CARD
2421.82,EUR,2906,FAILED,CARD
3309.46,EUR,3078,FAILED,CARD
2249.21,EUR,1095,PAID,CARD
2183.41,PLN,4103,PAID,TRANSFER
4943.26,EUR,1444,PAID,TRANSFER
2091.32,PLN,4372,NEW,CARD
4428.92,USD,3202,NEW,CARD
1431.65,EUR,2757,PAID,TRANSFER
2787.52,PLN,99,NEW,TRANSFER
2190.02,PLN,3989,FAILED,CARD
4019.02,USD,2249,NEW,CARD
822.04,USD,4870,NEW,BLIK
783.01,EUR,2875,NEW,BLIK
3165.33,USD,3463,FAILED,BLIK
3158.31,EUR,844,PAID,TRANSFER
4122.9,USD,753,FAILED,CARD
4907.63,EUR,1419,PAID,BLIK
1446.83,USD,4933,NEW,CARD
1090.74,PLN,57,NEW,CARD
1050.08,USD,1721,NEW,TRANSFER
418.93,EUR,745,PAID,TRANSFER
374.98,PLN,4538,PAID,BLIK
1168.69,USD,2348,NEW,TRANSFER
2453.08,EUR,1600,FAILED,CARD
3063.48,USD,3744,NEW,TRANSFER
4161.92,USD,1829,NEW,BLIK
1648.82,PLN,4313,PAID,CARD
1785.31,EUR,2485,NEW,TRANSFER
3666.22,PLN,2588,FAILED,BLIK
965.88,USD,4851,NEW,CARD
172.35,EUR,4726,PAID,TRANSFER
4539.78,EUR,448,PAID,CARD
4011.35,EUR,1107,FAILED,TRANSFER
479.84,PLN,1852,FAILED,BLIK
3588.73,EUR,2189,FAILED,TRANSFER
277.04,USD,1674,PAID,TRANSFER
2277.0,USD,2153,FAILED,BLIK
2911.52,USD,4001,NEW,TRANSFER
3081.55,PLN,1428,FAILED,TRANSFER
3341.23,EUR,1181,NEW,CARD
2467.16,PLN,4024,PAID,TRANSFER
2123.3,EUR,3569,FAILED,TRANSFER
3930.29,USD,4508,NEW,TRANSFER
4073.5,PLN,4200,NEW,CARD
159.37,PLN,1790,NEW,TRANSFER
399.74,PLN,2569,NEW,TRANSFER
2891.16,PLN,4036,NEW,CARD
2328.87,PLN,4607,FAILED,TRANSFER
3164.58,USD,772,NEW,CARD
3681.97,EUR,3345,FAILED,CARD
2945.75,PLN,1982,PAID,TRANSFER
751.28,PLN,4368,NEW,BLIK
4527.64,EUR,508,NEW,CARD
2345.08,EUR,2357,FAILED,TRANSFER
4854.96,PLN,2201,PAID,CARD
705.24,USD,15,PAID,BLIK
4174.7,EUR,4052,PAID,BLIK
3623.92,USD,4528,NEW,CARD
491.34,PLN,3222,FAILED,BLIK
2203.85,EUR,3845,NEW,TRANSFER
279.81,USD,4494,PAID,BLIK
3896.36,PLN,3333,FAILED,CARD
2689.35,USD,1426,NEW,TRANSFER
3743.61,USD,2622,PAID,BLIK
2969.58,EUR,1365,NEW,TRANSFER
994.24,PLN,2793,FAILED,CARD
1871.21,EUR,4366,NEW,CARD
1557.92,USD,1126,FAILED,CARD
806.9,PLN,3069,FAILED,TRANSFER
2590.93,EUR,4882,FAILED,CARD
2336.33,PLN,4642,NEW,CARD
2710.19,PLN,3760,FAILED,TRANSFER
3391.6,USD,1319,NEW,CARD
1948.58,PLN,245,FAILED,CARD
2941.67,PLN,3610,PAID,TRANSFER
2353.68,USD,4467,NEW,CARD
3861.54,PLN,4929,NEW,TRANSFER
1944.7,USD,1494,PAID,CARD
4350.05,PLN,4471,FAILED,CARD
4586.96,PLN,2253,FAILED,BLIK
3133.56,USD,1737,FAILED,TRANSFER
3043.01,PLN,867,NEW,TRANSFER
4796.05,USD,2400,PAID,CARD
4391.18,EUR,4885,NEW,TRANSFER
3146.87,PLN,4167,FAILED,TRANSFER
2486.94,USD,911,PAID,CARD
2790.2,USD,4896,PAID,TRANSFER
387.01,EUR,750,PAID,CARD
4244.89,EUR,985,NEW,TRANSFER
3420.83,PLN,3598,NEW,BLIK
940.88,USD,2357,NEW,BLIK
555.91,EUR,1063,NEW,CARD
3832.16,PLN,1065,PAID,BLIK
4226.97,USD,1756,PAID,BLIK
3148.82,EUR,1749,PAID,TRANSFER
1034.85,USD,2689,FAILED,CARD
1728.1,PLN,36,FAILED,CARD
3108.72,EUR,4055,NEW,CARD
1193.92,EUR,737,PAID,BLIK
4982.4,USD,4935,FAILED,CARD
3643.93,USD,3318,FAILED,CARD
1085.97,USD,858,FAILED,TRANSFER
4465.07,USD,954,NEW,TRANSFER
455.89,PLN,4911,NEW,TRANSFER
1634.44,EUR,838,PAID,BLIK
906.85,PLN,4432,FAILED,TRANSFER
3403.2,PLN,1288,NEW,CARD
113.59,EUR,3994,FAILED,CARD
4983.87,EUR,842,NEW,CARD
315.25,EUR,783,PAID,TRANSFER
1834.15,PLN,783,NEW,CARD
4436.99,EUR,2895,NEW,CARD
743.92,USD,3253,NEW,CARD
199.2,PLN,787,PAID,TRANSFER
1568.53,USD,3010,PAID,CARD
3494.89,USD,3177,FAILED,BLIK
2273.19,PLN,457,NEW,BLIK
879.34,USD,920,FAILED,TRANSFER
2912.59,USD,971,FAILED,CARD
438.52,USD,1971,PAID,TRANSFER
1958.12,EUR,4071,NEW,BLIK
3692.8,USD,2935,NEW,CARD
1201.2,USD,2684,PAID,TRANSFER
4577.94,EUR,2355,NEW,TRANSFER
1108.44,PLN,1533,PAID,TRANSFER
1626.65,EUR,4824,FAILED,TRANSFER
1058.28,PLN,1776,NEW,TRANSFER
1155.57,PLN,1359,PAID,CARD
2672.01,PLN,733,NEW,BLIK
3280.1,USD,4504,FAILED,CARD
2584.07,USD,4374,NEW,CARD
3385.48,PLN,264,FAILED,CARD
3151.73,PLN,1571,FAILED,BLIK
4289.18,EUR,1134,NEW,CARD
963.96,USD,4825,PAID,BLIK
335.68,EUR,2008,FAILED,CARD
2832.44,PLN,4135,FAILED,TRANSFER
421.96,PLN,3605,NEW,BLIK
4071.39,PLN,2240,FAILED,BLIK
3525.71,USD,4093,PAID,BLIK
2591.56,USD,3763,NEW,BLIK
2192.4,PLN,1385,NEW,BLIK
1024.53,PLN,1938,FAILED,BLIK
3546.01,USD,1713,PAID,TRANSFER
3165.93,PLN,2223,PAID,TRANSFER
3312.97,EUR,284,PAID,TRANSFER
38.04,EUR,1520,FAILED,CARD
3478.23,EUR,1814,PAID,CARD
73.65,EUR,1713,NEW,TRANSFER
2629.36,USD,1483,PAID,TRANSFER
4513.3,PLN,539,FAILED,CARD
3725.37,PLN,3502,PAID,CARD
2859.71,PLN,4126,PAID,CARD
1079.12,EUR,10,FAILED,TRANSFER
2232.3,EUR,1828,FAILED,TRANSFER
584.34,EUR,4596,PAID,TRANSFER
4674.43,USD,1622,NEW,CARD
3574.75,USD,1634,NEW,CARD
777.89,EUR,1690,NEW,CARD
2093.06,EUR,2224,FAILED,TRANSFER
2139.1,PLN,1885,FAILED,CARD
3908.95,PLN,4284,NEW,BLIK
2921.59,USD,1778,NEW,CARD
370.16,USD,598,PAID,BLIK
1785.56,PLN,1042,PAID,TRANSFER
534.27,USD,226,FAILED,TRANSFER
137.75,PLN,3014,PAID,BLIK
2016.03,EUR,4626,PAID,CARD
1389.22,EUR,3903,FAILED,CARD
4627.11,PLN,3112,NEW,BLIK
2179.74,USD,3618,NEW,BLIK
2380.79,PLN,4194,NEW,TRANSFER
2738.57,USD,2169,FAILED,BLIK
1231.37,EUR,449,FAILED,BLIK
3413.55,EUR,2993,NEW,TRANSFER
3403.48,USD,186,FAILED,CARD
4907.73,USD,950,FAILED,CARD
2830.18,EUR,2210,PAID,CARD
4754.59,PLN,1871,NEW,CARD
4957.54,USD,105,FAILED,CARD
1312.3,PLN,4558,NEW,TRANSFER
1494.47,EUR,2520,NEW,BLIK
1217.02,EUR,467,FAILED,BLIK
1095.83,PLN,4701,PAID,TRANSFER
787.17,EUR,2512,FAILED,BLIK
1104.01,USD,3341,PAID,TRANSFER
2783.58,PLN,4557,PAID,TRANSFER
1034.53,PLN,870,NEW,BLIK
1929.89,PLN,628,FAILED,CARD
3689.78,EUR,2040,FAILED,TRANSFER
3197.05,EUR,3043,NEW,CARD
4300.91,EUR,258,FAILED,TRANSFER
2361.45,PLN,2569,PAID,TRANSFER
1977.02,PLN,3212,FAILED,BLIK
2654.09,USD,3219,PAID,TRANSFER
4217.83,PLN,1814,NEW,BLIK
1822.56,PLN,4936,PAID,BLIK
4271.34,EUR,3978,NEW,BLIK
3691.85,USD,3695,NEW,CARD
3925.88,USD,2925,FAILED,CARD
3467.49,PLN,2239,NEW,BLIK
4732.7,USD,2178,NEW,CARD
4556.39,USD,3883,FAILED,CARD
862.91,PLN,2395,FAILED,CARD
3733.13,EUR,4916,FAILED,TRANSFER
4745.52,USD,487,PAID,CARD
1581.36,EUR,901,PAID,CARD
2942.49,PLN,4568,NEW,BLIK
808.35,USD,2612,NEW,CARD
81.45,EUR,875,PAID,CARD
2438.9,PLN,1980,PAID,CARD
2509.35,EUR,2815,NEW,CARD
2834.24,EUR,170,FAILED,TRANSFER
3103.19,USD,917,FAILED,TRANSFER
1088.66,EUR,4191,PAID,CARD
1578.93,USD,2200,PAID,BLIK
954.52,EUR,3598,FAILED,BLIK
1971.43,USD,2450,FAILED,BLIK
1287.91,EUR,1553,PAID,TRANSFER
4229.71,EUR,4334,PAID,CARD
1453.09,EUR,4952,PAID,BLIK
4216.73,USD,3210,PAID,TRANSFER
288.21,EUR,4267,FAILED,CARD
1687.79,EUR,4683,NEW,CARD
2881.25,USD,2693,PAID,TRANSFER
2349.28,USD,2182,NEW,BLIK
1178.68,EUR,3571,NEW,BLIK
4710.16,PLN,4895,FAILED,BLIK
690.7,PLN,4360,PAID,CARD
4247.98,EUR,2007,NEW,BLIK
700.87,USD,917,FAILED,CARD
969.89,PLN,2551,FAILED,BLIK
1123.99,EUR,2788,PAID,BLIK
1398.34,PLN,355,FAILED,BLIK
3581.09,PLN,2930,NEW,BLIK
983.88,PLN,3943,PAID,BLIK
3510.42,PLN,3891,PAID,TRANSFER
2426.13,EUR,1676,PAID,TRANSFER
2632.03,EUR,3290,PAID,TRANSFER
4463.01,EUR,2981,FAILED,TRANSFER
455.01,EUR,3482,NEW,BLIK
1804.59,EUR,1674,PAID,CARD
3273.65,USD,1865,NEW,BLIK
3227.96,EUR,4794,NEW,TRANSFER
3094.29,PLN,2445,PAID,BLIK
4428.64,PLN,2489,NEW,TRANSFER
287.97,USD,1581,FAILED,CARD
1714.91,USD,3951,NEW,BLIK
4748.21,PLN,1333,NEW,TRANSFER
3037.9,PLN,3404,PAID,BLIK
3682.27,EUR,4145,NEW,CARD
4888.07,USD,4658,FAILED,BLIK
811.6,PLN,4002,NEW,CARD
4061.0,USD,236,FAILED,CARD
245.56,EUR,1123,FAILED,TRANSFER
1768.22,USD,2582,PAID,TRANSFER
2283.46,EUR,672,NEW,BLIK
2577.13,EUR,1548,FAILED,CARD
3694.59,USD,3436,FAILED,BLIK
2549.02,PLN,1954,NEW,CARD
1672.11,USD,2271,PAID,CARD
2832.55,EUR,4829,FAILED,CARD
2080.57,EUR,639,NEW,TRANSFER
4599.25,EUR,3968,NEW,BLIK
2639.93,USD,1243,PAID,TRANSFER
4054.77,EUR,1350,FAILED,TRANSFER
214.02,PLN,1797,NEW,BLIK
2249.34,USD,4402,NEW,CARD
1242.68,EUR,1097,NEW,CARD
4390.67,PLN,285,PAID,BLIK
1611.69,USD,4452,FAILED,TRANSFER
208.39,USD,4821,PAID,TRANSFER
4052.7,EUR,2577,PAID,BLIK
4936.82,EUR,3432,PAID,CARD
3092.51,EUR,2993,NEW,BLIK
2948.09,PLN,1539,FAILED,TRANSFER
3110.88,USD,3782,FAILED,TRANSFER
2698.94,USD,1575,FAILED,CARD
1953.23,EUR,3304,PAID,CARD
2918.3,USD,2102,NEW,CARD
3598.8,PLN,2044,FAILED,BLIK
3095.86,USD,2405,FAILED,CARD
2722.86,EUR,3760,FAILED,TRANSFER
1385.78,USD,286,PAID,TRANSFER
847.77,EUR,1159,FAILED,TRANSFER
2746.8,USD,4652,NEW,TRANSFER
147.05,USD,4085,FAILED,BLIK
4432.7,EUR,1010,PAID,TRANSFER
1748.3,PLN,1284,NEW,TRANSFER
3131.42,USD,1527,FAILED,TRANSFER
4997.05,EUR,1951,PAID,TRANSFER
3004.54,EUR,2732,FAILED,CARD
1304.79,PLN,2704,PAID,BLIK
821.12,USD,2519,PAID,BLIK
1612.6,USD,2506,NEW,CARD
2725.14,USD,1681,PAID,TRANSFER
1445.42,EUR,710,NEW,TRANSFER
4055.11,PLN,4494,PAID,TRANSFER
901.31,EUR,2544,FAILED,BLIK
2606.58,EUR,2972,PAID,BLIK
3771.05,USD,4246,PAID,CARD
3484.45,USD,4135,PAID,TRANSFER
4745.58,PLN,3482,FAILED,CARD
1688.96,EUR,3274,NEW,CARD
4251.19,USD,669,FAILED,TRANSFER
770.44,EUR,22,PAID,TRANSFER
3486.4,PLN,4490,FAILED,CARD
2677.08,EUR,2596,NEW,CARD
4444.69,EUR,1615,PAID,CARD
2677.24,USD,2206,FAILED,TRANSFER
1766.79,PLN,4462,NEW,BLIK
4941.03,PLN,3357,PAID,CARD
3527.9,EUR,3811,NEW,BLIK
4488.47,PLN,1616,FAILED,BLIK
2556.25,EUR,1684,PAID,CARD
4012.83,PLN,964,FAILED,CARD
1052.45,PLN,4528,FAILED,CARD
2210.72,PLN,3947,NEW,TRANSFER
2924.36,USD,289,FAILED,CARD
2199.17,EUR,1984,FAILED,BLIK
2904.0,EUR,3897,PAID,CARD
939.52,USD,2841,FAILED,BLIK
224.6,EUR,1386,FAILED,BLIK
3492.95,EUR,4450,PAID,CARD
4813.78,USD,3690,FAILED,TRANSFER
3438.27,USD,1434,FAILED,TRANSFER
2444.13,EUR,111,PAID,BLIK
2011.14,PLN,149,FAILED,CARD
4267.67,PLN,3112,NEW,TRANSFER
1012.49,EUR,3048,NEW,CARD
2326.11,USD,597,PAID,TRANSFER
2243.96,USD,4866,FAILED,TRANSFER
4634.64,USD,95,NEW,BLIK
4468.26,PLN,40,NEW,BLIK
4991.69,EUR,3497,FAILED,CARD
862.38,USD,2060,NEW,BLIK
4008.74,EUR,4223,PAID,CARD
4003.21,USD,4154,FAILED,CARD
655.45,USD,4075,NEW,CARD
4484.71,USD,3334,FAILED,TRANSFER
4311.37,USD,1321,NEW,TRANSFER
2867.9,USD,3777,NEW,BLIK
522.52,USD,2917,PAID,BLIK
1597.03,EUR,741,FAILED,BLIK
3374.46,PLN,1098,PAID,BLIK
3967.36,EUR,3192,PAID,TRANSFER
3604.26,PLN,336,PAID,CARD
2347.06,EUR,1782,NEW,TRANSFER
246.58,EUR,4238,PAID,TRANSFER
3027.25,USD,4096,PAID,TRANSFER
3671.03,PLN,1731,FAILED,BLIK
3866.4,USD,190,NEW,TRANSFER
3064.37,PLN,2698,NEW,TRANSFER
1743.73,EUR,3816,FAILED,TRANSFER
4745.2,PLN,132,FAILED,BLIK
2616.49,PLN,1926,FAILED,BLIK
236.41,PLN,1779,PAID,TRANSFER
4561.06,PLN,1419,PAID,TRANSFER
60.89,USD,1957,NEW,CARD
863.34,PLN,2846,FAILED,TRANSFER
3059.34,PLN,3403,NEW,TRANSFER
2886.16,USD,187,PAID,TRANSFER
3797.42,PLN,197,NEW,CARD
4612.28,PLN,1040,FAILED,CARD
1570.02,PLN,4676,NEW,BLIK
4781.93,EUR,1747,PAID,BLIK
1728.79,PLN,4605,PAID,CARD
388.55,EUR,2276,PAID,TRANSFER
1063.73,PLN,3480,PAID,CARD
4218.42,USD,1040,NEW,TRANSFER
4989.55,PLN,1730,NEW,CARD
3177.38,PLN,4034,PAID,CARD
2823.46,PLN,2305,PAID,TRANSFER
615.93,PLN,3770,FAILED,BLIK
4498.89,PLN,2695,PAID,CARD
4135.38,PLN,3057,FAILED,TRANSFER
4699.19,USD,1402,NEW,CARD
2075.29,EUR,47,PAID,CARD
3790.64,USD,220,NEW,CARD
1252.84,PLN,2935,PAID,CARD
1583.64,EUR,2529,NEW,CARD
4225.27,USD,2810,NEW,TRANSFER
810.62,EUR,2657,NEW,BLIK
4890.16,PLN,455,FAILED,TRANSFER
4559.2,USD,826,PAID,TRANSFER
4745.6,EUR,2796,FAILED,CARD
3803.08,USD,3875,NEW,CARD
3030.63,EUR,2275,PAID,TRANSFER
136.16,EUR,1213,PAID,BLIK
1927.82,USD,2318,FAILED,TRANSFER
3877.56,EUR,3286,PAID,BLIK
2530.15,EUR,2899,NEW,BLIK
2547.23,PLN,4143,FAILED,CARD
2168.11,USD,1200,PAID,TRANSFER
692.46,EUR,919,FAILED,CARD
668.27,EUR,2631,NEW,BLIK
4458.43,EUR,4634,NEW,CARD
4153.64,PLN,1036,PAID,CARD
2958.36,PLN,1835,PAID,CARD
1246.08,EUR,3035,PAID,CARD
3510.37,USD,1624,FAILED,TRANSFER
2618.62,PLN,3076,FAILED,CARD
3620.41,USD,3770,NEW,BLIK
2272.66,USD,4953,FAILED,CARD
4003.18,EUR,3570,FAILED,CARD
3697.02,USD,3399,FAILED,TRANSFER
2811.1,PLN,1311,PAID,TRANSFER
2303.25,USD,4798,FAILED,CARD
4536.37,EUR,1831,FAILED,CARD
745.42,EUR,212,NEW,TRANSFER
4986.83,USD,3656,NEW,TRANSFER
4741.94,PLN,4937,FAILED,BLIK
1229.18,PLN,2349,NEW,CARD
4947.13,EUR,4850,FAILED,TRANSFER
1746.73,EUR,3818,PAID,TRANSFER
1151.88,EUR,4066,PAID,CARD
1241.08,PLN,3759,NEW,BLIK
3940.73,EUR,4863,FAILED,TRANSFER
1088.22,PLN,2509,FAILED,CARD
1016.03,EUR,856,NEW,CARD
4483.43,PLN,238,FAILED,TRANSFER
4291.74,USD,3498,FAILED,BLIK
4154.45,USD,473,NEW,TRANSFER
1994.48,EUR,1849,PAID,TRANSFER
2070.42,USD,4470,NEW,CARD
833.0,PLN,1221,NEW,TRANSFER
241.15,USD,2321,PAID,CARD
168.52,EUR,3944,PAID,CARD
2333.89,USD,1191,NEW,BLIK
691.88,PLN,3746,FAILED,BLIK
4673.32,EUR,2167,PAID,BLIK
4190.24,PLN,707,PAID,CARD
426.7,USD,2070,PAID,CARD
1046.22,EUR,2394,FAILED,CARD
1345.99,PLN,375,NEW,TRANSFER
3274.36,EUR,2870,PAID,BLIK
4256.88,EUR,2079,FAILED,CARD
4396.63,EUR,93,FAILED,CARD
3892.84,PLN,1574,NEW,TRANSFER
2131.11,PLN,4218,FAILED,TRANSFER
3999.94,PLN,2212,FAILED,TRANSFER
4864.02,EUR,2160,PAID,TRANSFER
3563.46,PLN,709,FAILED,BLIK
22.9,PLN,262,FAILED,TRANSFER
1254.08,PLN,1570,PAID,TRANSFER
4615.4,EUR,1277,NEW,CARD
2830.45,EUR,141,PAID,TRANSFER
896.44,USD,1774,NEW,BLIK
3467.95,PLN,2305,PAID,CARD
4106.12,PLN,3334,NEW,CARD
2335.3,EUR,4469,FAILED,BLIK
1376.88,USD,1989,FAILED,CARD
4208.8,USD,3727,NEW,CARD
2107.68,EUR,4982,FAILED,TRANSFER
1834.27,EUR,3904,FAILED,CARD
3084.73,USD,3470,PAID,BLIK
2582.26,PLN,241,PAID,BLIK
4819.43,EUR,1506,PAID,TRANSFER
2431.36,PLN,189,FAILED,CARD
3499.45,EUR,2179,PAID,TRANSFER
4365.67,EUR,4905,PAID,CARD
4963.23,EUR,289,NEW,BLIK
904.9,EUR,753,PAID,TRANSFER
3461.94,EUR,1593,NEW,TRANSFER
1899.39,EUR,3442,NEW,CARD
2130.29,EUR,17,PAID,CARD
3297.84,EUR,4098,NEW,CARD
1544.3,PLN,2913,NEW,BLIK
3402.77,USD,4080,NEW,BLIK
2458.4,EUR,2062,FAILED,CARD
3432.97,USD,4598,NEW,TRANSFER
2695.43,PLN,671,PAID,CARD
3697.19,EUR,309,FAILED,BLIK
1407.01,USD,3563,FAILED,CARD
949.37,USD,3625,FAILED,TRANSFER
3595.38,PLN,1565,NEW,TRANSFER
2284.16,USD,4747,FAILED,CARD
4616.92,USD,4001,FAILED,CARD
3268.73,EUR,129,NEW,TRANSFER
521.63,EUR,1580,NEW,CARD
4454.35,PLN,3615,NEW,CARD
4824.68,EUR,611,NEW,TRANSFER
1882.88,EUR,2120,FAILED,BLIK
2525.22,USD,1602,FAILED,TRANSFER
3290.68,PLN,2039,PAID,BLIK
12.2,PLN,3960,PAID,TRANSFER
2887.4,USD,4786,PAID,CARD
3926.89,EUR,3584,NEW,TRANSFER
2961.85,USD,1740,NEW,TRANSFER
2584.27,PLN,2451,PAID,BLIK
3708.2,USD,2238,NEW,TRANSFER
2430.37,USD,2058,NEW,BLIK
2546.0,PLN,1507,FAILED,TRANSFER
3629.51,EUR,296,FAILED,CARD
229.61,USD,2338,NEW,BLIK
2714.85,USD,407,FAILED,TRANSFER
4207.69,PLN,2020,NEW,CARD
3093.31,USD,2957,PAID,CARD
2362.17,USD,4415,NEW,CARD
4147.75,EUR,3676,FAILED,CARD
4576.1,USD,2569,FAILED,BLIK
1676.55,PLN,162,NEW,CARD
3469.75,PLN,2424,PAID,CARD
2467.81,PLN,2244,PAID,BLIK
3819.61,EUR,1771,FAILED,TRANSFER
1510.66,USD,2112,PAID,CARD
87.93,EUR,3886,NEW,TRANSFER
4118.81,PLN,966,PAID,CARD
637.82,PLN,4093,NEW,BLIK
2338.73,EUR,1576,PAID,TRANSFER
1773.62,EUR,3455,PAID,BLIK
2293.74,EUR,3719,NEW,TRANSFER
1783.35,PLN,4834,FAILED,BLIK
2482.81,USD,3511,PAID,CARD
195.73,PLN,3861,NEW,CARD
2287.83,USD,4083,PAID,CARD
1668.32,EUR,1275,FAILED,CARD
3980.07,USD,1146,NEW,BLIK
2053.17,EUR,1419,PAID,BLIK
538.84,PLN,2532,PAID,BLIK
3109.64,PLN,243,PAID,CARD
1602.98,USD,284,NEW,CARD
3707.98,EUR,2525,PAID,TRANSFER
1565.56,EUR,2759,NEW,BLIK
4018.15,EUR,4568,PAID,BLIK
1353.19,PLN,3586,FAILED,BLIK
3421.13,USD,1314,NEW,BLIK
4334.56,EUR,4926,PAID,CARD
2393.99,PLN,159,NEW,BLIK
3793.84,USD,2401,NEW,TRANSFER
2602.39,EUR,3424,PAID,CARD
2902.89,PLN,2694,FAILED,CARD
3517.08,USD,1668,NEW,BLIK
722.5,EUR,176,FAILED,CARD
947.21,USD,3735,NEW,TRANSFER
1904.2,EUR,630,PAID,BLIK
2432.25,USD,2586,FAILED,BLIK
1055.38,USD,2324,FAILED,TRANSFER
756.28,USD,1161,FAILED,TRANSFER
776.33,PLN,2464,NEW,BLIK
4727.85,USD,919,FAILED,CARD
3724.0,PLN,2762,NEW,TRANSFER
2005.08,EUR,2541,FAILED,TRANSFER
3823.98,PLN,1063,NEW,BLIK
1439.96,PLN,1560,FAILED,TRANSFER
723.44,PLN,1077,NEW,CARD
1569.44,PLN,1878,NEW,BLIK
3043.48,PLN,2297,PAID,TRANSFER
2070.84,PLN,2641,PAID,BLIK
2720.46,EUR,96,NEW,BLIK
4831.83,USD,3746,NEW,CARD
3557.62,USD,3826,FAILED,BLIK
2807.87,EUR,1926,NEW,CARD
2691.72,PLN,101,FAILED,CARD
4452.03,EUR,4485,NEW,TRANSFER
1736.13,PLN,1407,PAID,CARD
3192.86,USD,759,PAID,BLIK
1526.9,PLN,4608,PAID,CARD
4480.51,EUR,3603,FAILED,TRANSFER
4109.35,EUR,1631,NEW,BLIK
2722.35,USD,428,FAILED,TRANSFER
1917.74,USD,4101,PAID,BLIK
1976.2,PLN,2629,NEW,TRANSFER
3529.93,PLN,3755,PAID,BLIK
3219.7,USD,1806,NEW,BLIK
3370.7,PLN,1735,NEW,BLIK
4050.36,USD,4765,PAID,CARD
2290.82,PLN,2722,NEW,CARD
80.84,PLN,3423,FAILED,BLIK
2780.21,USD,4854,FAILED,BLIK
2886.41,EUR,615,PAID,BLIK
4685.03,USD,2071,PAID,BLIK
1722.03,PLN,686,NEW,TRANSFER
872.31,PLN,2534,NEW,BLIK
767.43,EUR,1715,PAID,BLIK
3087.08,PLN,4623,NEW,TRANSFER
4791.67,EUR,4435,NEW,CARD
2828.14,EUR,1004,PAID,BLIK
4971.33,PLN,2691,PAID,CARD
1755.81,USD,4651,NEW,CARD
2538.04,USD,2391,NEW,BLIK
2811.26,PLN,281,PAID,BLIK
3822.59,PLN,607,NEW,BLIK
2886.14,EUR,4892,PAID,BLIK
2483.84,PLN,3017,NEW,BLIK
598.44,USD,3947,FAILED,TRANSFER
37.24,USD,4609,NEW,TRANSFER
4024.51,EUR,3444,NEW,CARD
738.6,EUR,1951,FAILED,TRANSFER
3591.23,USD,734,FAILED,BLIK
4054.52,EUR,424,FAILED,CARD
1506.59,EUR,2014,FAILED,CARD
3881.06,PLN,2639,NEW,BLIK
278.93,PLN,448,FAILED,CARD
1961.92,USD,3011,FAILED,CARD
1585.01,EUR,985,NEW,BLIK
4392.04,USD,2244,NEW,TRANSFER
3009.34,PLN,4087,FAILED,CARD
3215.53,USD,360,PAID,BLIK
4877.75,USD,3935,PAID,CARD
733.51,PLN,3384,NEW,TRANSFER
145.66,PLN,1365,NEW,TRANSFER
2225.84,PLN,3481,FAILED,BLIK
687.3,PLN,2976,NEW,CARD
4931.02,PLN,674,FAILED,CARD
2464.69,PLN,389,PAID,CARD
3128.75,PLN,3935,FAILED,BLIK
2786.26,EUR,4513,FAILED,TRANSFER
1455.11,PLN,4728,FAILED,TRANSFER
3324.04,EUR,12,PAID,CARD
2831.08,EUR,2684,NEW,TRANSFER
4013.51,USD,174,PAID,BLIK
3284.66,EUR,3537,FAILED,BLIK
4847.49,PLN,1566,FAILED,BLIK
2195.49,PLN,830,NEW,CARD
4085.76,USD,2422,FAILED,CARD
3901.01,PLN,4835,FAILED,CARD
2465.98,PLN,4454,FAILED,BLIK
4433.67,EUR,4432,NEW,BLIK
4201.33,EUR,693,FAILED,BLIK
2570.44,PLN,3329,NEW,CARD
913.2,USD,2756,FAILED,TRANSFER
4489.57,PLN,3232,FAILED,BLIK
2287.41,PLN,4370,NEW,TRANSFER
288.55,USD,4970,PAID,CARD
4827.01,EUR,3339,FAILED,BLIK
421.85,PLN,658,NEW,BLIK
2749.72,EUR,2297,PAID,CARD
3824.86,USD,4744,NEW,CARD
1336.59,PLN,54,PAID,CARD
1161.55,EUR,4267,FAILED,TRANSFER
2266.08,PLN,1600,PAID,BLIK
238.49,USD,4481,PAID,TRANSFER
3308.52,EUR,4093,PAID,TRANSFER
1337.53,USD,4466,PAID,TRANSFER
1413.54,EUR,991,NEW,BLIK
2836.09,PLN,470,FAILED,TRANSFER
2868.67,EUR,4096,NEW,BLIK
2618.62,EUR,2392,NEW,TRANSFER
2175.89,EUR,3475,PAID,CARD
1429.84,EUR,4663,FAILED,CARD
2665.72,USD,1559,PAID,BLIK
1521.03,EUR,1690,NEW,TRANSFER
2906.91,PLN,2932,FAILED,TRANSFER
4269.47,USD,2188,FAILED,CARD
791.8,PLN,4915,NEW,TRANSFER
1951.45,PLN,1473,FAILED,TRANSFER
668.6,USD,1104,FAILED,CARD
3129.36,PLN,1300,PAID,CARD
3728.22,EUR,4819,FAILED,BLIK
2622.04,USD,4946,FAILED,TRANSFER
1575.62,PLN,4827,PAID,TRANSFER
2970.5,PLN,4809,FAILED,BLIK
2388.78,USD,1632,FAILED,BLIK
125.66,EUR,2295,NEW,BLIK
3669.97,USD,3057,FAILED,CARD
2376.74,PLN,4607,FAILED,BLIK
3118.57,USD,3304,NEW,CARD
724.21,USD,2399,NEW,CARD
4681.25,EUR,2276,PAID,BLIK
4222.73,PLN,348,FAILED,CARD
4667.38,USD,1791,FAILED,CARD
2376.32,USD,2805,FAILED,CARD
3675.83,USD,3211,NEW,CARD
2519.01,PLN,2080,FAILED,TRANSFER
1048.5,EUR,1633,NEW,TRANSFER
3172.26,PLN,4003,FAILED,CARD
855.37,PLN,4703,NEW,TRANSFER
1321.07,EUR,3064,PAID,TRANSFER
624.93,EUR,483,NEW,TRANSFER
4713.37,PLN,3588,NEW,BLIK
682.2,USD,686,PAID,TRANSFER
2856.86,PLN,1435,FAILED,CARD
4549.42,PLN,4977,NEW,BLIK
3589.44,EUR,508,FAILED,TRANSFER
4355.3,EUR,4663,PAID,CARD
394.83,USD,2662,PAID,TRANSFER
1637.18,EUR,4025,NEW,BLIK
4604.66,PLN,3647,NEW,TRANSFER
2700.94,USD,2332,NEW,CARD
728.85,EUR,4445,NEW,TRANSFER
2046.18,EUR,4271,PAID,CARD
4823.03,EUR,535,FAILED,BLIK
1555.35,EUR,177,NEW,BLIK
1920.91,PLN,2983,PAID,BLIK
1409.4,USD,2743,NEW,CARD
3701.45,PLN,4636,FAILED,BLIK
4528.16,PLN,4117,FAILED,BLIK
1061.02,USD,4835,PAID,TRANSFER
4010.79,EUR,3569,PAID,TRANSFER
2953.59,EUR,935,FAILED,BLIK
1654.96,EUR,1617,PAID,TRANSFER
4366.8,PLN,890,PAID,TRANSFER
2324.0,PLN,408,NEW,CARD
3473.07,USD,4948,FAILED,BLIK
2775.63,PLN,2687,FAILED,CARD
2614.82,PLN,3585,NEW,CARD
2127.73,EUR,2148,FAILED,CARD
3002.85,PLN,3814,PAID,CARD
2227.23,PLN,3584,NEW,TRANSFER
1135.05,USD,153,FAILED,BLIK
2454.76,EUR,4712,NEW,CARD
3039.42,PLN,1090,FAILED,TRANSFER
149.61,PLN,3781,NEW,TRANSFER
3505.08,USD,3382,PAID,BLIK
1135.56,PLN,4781,NEW,TRANSFER
4454.78,USD,1761,FAILED,CARD
2063.06,EUR,2989,PAID,TRANSFER
4003.21,USD,4448,NEW,CARD
241.21,PLN,1384,FAILED,TRANSFER
3317.07,EUR,3557,NEW,BLIK
1519.67,USD,3283,PAID,CARD
3514.64,USD,2651,NEW,TRANSFER
4676.25,EUR,4684,PAID,CARD
779.17,USD,1935,PAID,TRANSFER
325.4,USD,3058,PAID,TRANSFER
2475.54,PLN,1567,PAID,BLIK
1681.5,EUR,3901,FAILED,BLIK
302.68,EUR,2377,NEW,BLIK
523.93,PLN,1706,PAID,BLIK
391.27,USD,4520,PAID,TRANSFER
1342.77,PLN,4032,PAID,CARD
3103.58,USD,1291,PAID,TRANSFER
461.74,PLN,1326,FAILED,CARD
4766.76,PLN,1276,PAID,CARD
3798.72,USD,3657,FAILED,BLIK
1964.41,EUR,1487,NEW,CARD
1747.13,EUR,720,FAILED,BLIK
3181.1,EUR,3247,PAID,TRANSFER
4290.32,USD,589,PAID,CARD
4246.51,PLN,3815,FAILED,TRANSFER
2479.74,EUR,951,PAID,BLIK
3597.11,PLN,3620,FAILED,BLIK
291.11,EUR,1542,FAILED,TRANSFER
3895.19,PLN,2067,NEW,BLIK
1640.26,USD,811,PAID,TRANSFER
1456.08,EUR,1666,PAID,TRANSFER
244.96,EUR,4284,NEW,BLIK
2981.62,EUR,4058,FAILED,BLIK
4053.42,EUR,3765,NEW,CARD
4700.95,PLN,4778,FAILED,BLIK
3966.51,PLN,1761,FAILED,TRANSFER
4391.74,EUR,436,NEW,CARD
394.91,PLN,1218,PAID,TRANSFER
892.96,EUR,4435,FAILED,BLIK
2380.36,PLN,906,NEW,TRANSFER
3734.18,EUR,199,FAILED,BLIK
1998.66,EUR,1182,FAILED,TRANSFER
570.67,USD,4343,FAILED,TRANSFER
4317.36,PLN,679,PAID,CARD
2882.46,EUR,1822,FAILED,BLIK
553.2,PLN,3899,NEW,TRANSFER
4094.4,PLN,2101,PAID,CARD
2536.31,USD,1990,FAILED,CARD
615.73,USD,3306,PAID,CARD
732.54,USD,2339,FAILED,TRANSFER
2599.53,USD,1139,PAID,CARD
4164.24,EUR,1290,NEW,TRANSFER
503.87,PLN,4917,PAID,BLIK
1059.47,EUR,2724,NEW,BLIK
863.67,EUR,2610,FAILED,BLIK
1991.48,USD,1415,PAID,TRANSFER
264.46,EUR,1347,NEW,BLIK
852.15,EUR,2245,FAILED,CARD
3497.78,PLN,4772,NEW,TRANSFER
3529.02,EUR,4155,NEW,CARD
1491.46,EUR,4663,PAID,BLIK
434.49,USD,3001,PAID,TRANSFER
4158.9,USD,2879,PAID,CARD
2238.65,USD,4455,FAILED,CARD
2507.93,PLN,4886,PAID,CARD
1148.3,EUR,3126,FAILED,BLIK
3897.85,PLN,4448,FAILED,BLIK
2944.57,USD,2267,FAILED,BLIK
1002.2,PLN,3707,NEW,BLIK
2327.08,USD,172,NEW,CARD
1325.54,USD,3321,NEW,CARD
515.8,USD,2692,NEW,TRANSFER
2807.33,USD,968,NEW,TRANSFER
2740.41,PLN,2902,NEW,BLIK
3929.31,PLN,1653,FAILED,BLIK
1081.96,PLN,3530,FAILED,BLIK
2180.13,PLN,1651,NEW,TRANSFER
2057.81,USD,1480,FAILED,TRANSFER
4514.43,USD,3092,FAILED,TRANSFER
2001.0,USD,2496,NEW,BLIK
3900.14,PLN,4365,NEW,BLIK
2343.03,USD,1523,PAID,BLIK
1256.36,USD,3511,FAILED,TRANSFER
805.77,USD,1160,NEW,CARD
162.41,USD,3326,NEW,CARD
4967.47,USD,701,PAID,TRANSFER
4960.73,PLN,4049,NEW,TRANSFER
395.41,USD,695,PAID,TRANSFER
1182.53,PLN,1166,FAILED,CARD
4960.86,USD,1265,PAID,BLIK
4908.68,USD,4124,PAID,BLIK
2318.63,USD,509,FAILED,TRANSFER
209.37,USD,4933,FAILED,TRANSFER
4315.84,PLN,3833,PAID,BLIK
2521.16,USD,3289,FAILED,TRANSFER
2452.9,EUR,2162,NEW,CARD
912.5,EUR,3910,FAILED,CARD
1043.87,EUR,832,PAID,CARD
303.49,PLN,4336,PAID,CARD
82.93,EUR,1484,FAILED,TRANSFER
4143.09,EUR,1025,FAILED,CARD
3537.2,USD,2839,NEW,TRANSFER
348.73,PLN,2949,PAID,TRANSFER
1866.63,USD,4314,FAILED,TRANSFER
1175.17,PLN,3217,FAILED,TRANSFER
806.34,EUR,4883,PAID,CARD
167.78,USD,2585,PAID,CARD
457.09,EUR,4585,FAILED,BLIK
1914.57,EUR,4945,PAID,TRANSFER
198.0,USD,2475,NEW,TRANSFER
4983.17,PLN,4337,NEW,CARD
1132.76,PLN,4604,NEW,BLIK
888.54,USD,3052,PAID,TRANSFER
1353.04,EUR,4472,NEW,BLIK
35.64,PLN,3807,FAILED,BLIK
686.05,EUR,2546,PAID,BLIK
3481.25,USD,1823,PAID,BLIK
4474.21,PLN,1605,FAILED,CARD
3631.92,PLN,3233,FAILED,CARD
1130.04,PLN,4663,FAILED,BLIK
4776.65,PLN,4503,NEW,CARD
3989.15,USD,105,FAILED,CARD
2238.83,EUR,1712,PAID,BLIK
3737.52,USD,1343,PAID,TRANSFER
4028.87,EUR,3801,NEW,TRANSFER
3483.03,PLN,4633,NEW,TRANSFER
2084.24,USD,4279,NEW,TRANSFER
3848.15,PLN,9,FAILED,CARD
4151.36,EUR,67,FAILED,CARD
2800.18,USD,2009,NEW,BLIK
906.28,USD,2697,PAID,BLIK
2077.62,EUR,226,PAID,CARD
3080.27,PLN,3152,NEW,TRANSFER
1917.56,EUR,1364,PAID,CARD
1506.18,EUR,2764,PAID,CARD
3447.14,EUR,4196,NEW,CARD
1791.51,USD,4386,NEW,TRANSFER
3196.38,USD,3312,FAILED,BLIK
1647.24,PLN,1332,NEW,CARD
4006.86,USD,3266,NEW,TRANSFER
521.49,EUR,1687,PAID,TRANSFER
1487.72,USD,1638,PAID,CARD
3078.76,EUR,4482,NEW,TRANSFER
3423.4,PLN,117,PAID,BLIK
448.41,EUR,2360,PAID,BLIK
3506.95,EUR,1298,PAID,TRANSFER
1311.54,PLN,4267,PAID,BLIK
4827.0,EUR,3440,FAILED,CARD
4372.27,PLN,1645,FAILED,TRANSFER
1187.79,USD,3373,FAILED,CARD
4622.43,PLN,1924,FAILED,TRANSFER
534.36,EUR,4961,FAILED,BLIK
1579.68,PLN,3826,NEW,CARD
727.17,EUR,3707,PAID,CARD
2819.69,PLN,3167,FAILED,TRANSFER
1434.69,USD,3169,FAILED,TRANSFER
4253.95,PLN,3802,FAILED,TRANSFER
3894.94,USD,1177,NEW,CARD
583.02,USD,393,PAID,BLIK
4541.87,PLN,3558,FAILED,TRANSFER
1113.08,USD,4065,FAILED,CARD
1868.04,EUR,3587,NEW,TRANSFER
1659.74,PLN,1553,PAID,CARD
1743.22,USD,2107,NEW,TRANSFER
3117.66,EUR,4036,PAID,CARD
3528.67,EUR,97,FAILED,BLIK
3995.0,PLN,931,NEW,CARD
1350.44,PLN,3882,NEW,BLIK
21.94,USD,4526,NEW,CARD
1425.08,USD,3393,FAILED,BLIK
2320.73,PLN,3581,PAID,TRANSFER
4646.38,USD,3415,FAILED,BLIK
3786.33,USD,321,PAID,CARD
3062.81,USD,4087,FAILED,CARD
1038.93,PLN,1996,NEW,CARD
1112.54,PLN,2589,PAID,BLIK
539.9,EUR,1774,PAID,TRANSFER
561.49,PLN,724,FAILED,BLIK
134.35,EUR,4952,FAILED,CARD
2234.71,USD,541,PAID,TRANSFER
3126.44,EUR,2835,FAILED,CARD
1036.71,EUR,548,NEW,CARD
4805.22,USD,1841,PAID,TRANSFER
4747.86,PLN,4534,FAILED,CARD
1633.74,USD,3707,FAILED,BLIK
2295.96,PLN,3501,NEW,TRANSFER
4869.99,EUR,2358,NEW,BLIK
1571.53,USD,2622,NEW,BLIK
1788.17,EUR,3117,PAID,CARD
3106.82,EUR,4143,FAILED,TRANSFER
919.54,PLN,417,FAILED,CARD
906.86,USD,2637,PAID,TRANSFER
4418.65,PLN,1314,PAID,CARD
713.79,PLN,2177,PAID,CARD
2809.42,PLN,4042,PAID,BLIK
1117.36,EUR,538,NEW,CARD
3993.35,USD,1215,FAILED,TRANSFER
1759.04,PLN,1345,PAID,TRANSFER
2800.77,EUR,2232,PAID,BLIK
2795.88,PLN,1491,NEW,CARD
250.32,PLN,1491,PAID,CARD
2458.82,EUR,436,FAILED,BLIK
666.14,EUR,2339,PAID,BLIK
154.68,USD,1907,PAID,CARD
869.72,EUR,4628,FAILED,TRANSFER
1436.18,PLN,9,PAID,CARD
538.36,USD,2435,PAID,CARD
662.82,PLN,3040,FAILED,TRANSFER
684.52,PLN,4626,NEW,BLIK
490.22,PLN,4019,NEW,BLIK
1037.77,EUR,1855,FAILED,BLIK
3122.74,EUR,1254,NEW,TRANSFER
4800.57,PLN,4301,PAID,CARD
4288.27,EUR,3734,NEW,TRANSFER
1021.18,PLN,3814,FAILED,TRANSFER
2947.65,PLN,3064,PAID,CARD
4885.2,EUR,45,NEW,TRANSFER
4829.13,EUR,1603,PAID,TRANSFER
4284.23,USD,1570,FAILED,TRANSFER
3614.22,PLN,4688,NEW,TRANSFER
3197.43,USD,3940,PAID,TRANSFER
574.05,PLN,4725,NEW,CARD
2045.02,EUR,2508,NEW,TRANSFER
753.55,PLN,3591,PAID,TRANSFER
4337.5,EUR,938,NEW,BLIK
2684.73,EUR,276,PAID,BLIK
4610.17,PLN,1164,FAILED,CARD
781.46,USD,4397,PAID,BLIK
3511.22,EUR,3623,FAILED,TRANSFER
3648.26,PLN,4890,NEW,TRANSFER
3171.0,PLN,3620,FAILED,CARD
4457.13,EUR,3256,NEW,CARD
4920.86,USD,1327,PAID,CARD
2817.16,EUR,981,PAID,TRANSFER
287.59,USD,3474,FAILED,TRANSFER
1649.83,EUR,4085,FAILED,CARD
4707.65,USD,604,NEW,CARD
4820.99,PLN,1889,NEW,CARD
4996.52,EUR,57,PAID,TRANSFER
1582.68,EUR,2270,PAID,CARD
1061.27,PLN,1969,FAILED,TRANSFER
2857.58,EUR,771,NEW,BLIK
3655.55,PLN,1875,PAID,CARD
1926.19,EUR,3464,FAILED,BLIK
1645.49,PLN,1432,FAILED,BLIK
1816.46,USD,3795,PAID,BLIK
1112.72,PLN,2827,PAID,BLIK
3622.08,PLN,3033,FAILED,TRANSFER
2657.36,EUR,2445,NEW,CARD
4974.61,PLN,1497,PAID,TRANSFER
2114.53,EUR,3613,NEW,TRANSFER
3366.81,USD,1218,PAID,BLIK
3974.68,USD,1069,FAILED,CARD
2738.96,USD,626,PAID,BLIK
2804.22,PLN,1460,PAID,TRANSFER
2205.04,USD,317,FAILED,TRANSFER
4259.58,PLN,904,PAID,CARD
1586.62,PLN,893,NEW,CARD
2519.0,EUR,783,FAILED,CARD
1624.66,USD,2941,NEW,TRANSFER
4336.9,USD,4691,PAID,BLIK
667.66,PLN,205,PAID,BLIK
2204.92,PLN,2863,FAILED,BLIK
4392.31,USD,4556,NEW,TRANSFER
2035.18,USD,2830,NEW,TRANSFER
1305.19,PLN,169,PAID,BLIK
3086.58,PLN,3738,FAILED,TRANSFER
4647.67,EUR,4814,PAID,CARD
3084.89,EUR,75,FAILED,BLIK
30.62,PLN,320,NEW,BLIK
3845.67,USD,523,NEW,TRANSFER
3831.47,PLN,4050,NEW,CARD
3583.88,EUR,702,PAID,CARD
866.73,EUR,992,NEW,BLIK
1641.07,USD,2921,NEW,CARD
4638.63,PLN,2142,PAID,CARD
2167.1,EUR,3822,FAILED,BLIK
1124.8,USD,3073,FAILED,BLIK
1315.91,USD,3755,PAID,CARD
4517.58,EUR,4577,NEW,CARD
4359.63,USD,2626,PAID,BLIK
4386.94,USD,1401,PAID,CARD
2968.66,EUR,2260,PAID,CARD
3444.91,USD,2355,PAID,TRANSFER
4097.54,EUR,2424,NEW,TRANSFER
2975.32,PLN,835,NEW,BLIK
2905.46,USD,2982,PAID,BLIK
4024.73,USD,4662,PAID,CARD
2772.27,USD,3401,FAILED,CARD
2791.84,EUR,515,PAID,TRANSFER
4200.73,EUR,4483,PAID,CARD
1071.04,PLN,262,FAILED,CARD
879.71,USD,2425,PAID,BLIK
3842.96,USD,443,PAID,TRANSFER
4697.31,USD,642,PAID,TRANSFER
2979.56,EUR,1558,FAILED,CARD
1716.16,PLN,891,NEW,BLIK
1432.59,EUR,3150,PAID,BLIK
2858.23,USD,3401,FAILED,BLIK
3853.68,EUR,3004,FAILED,BLIK
3855.78,PLN,4019,FAILED,CARD
887.02,EUR,2784,PAID,TRANSFER
1260.45,USD,1979,PAID,CARD
607.49,USD,1235,NEW,CARD
3996.59,USD,2603,NEW,TRANSFER
3779.32,USD,4799,FAILED,TRANSFER
3587.76,USD,1197,FAILED,BLIK
4758.18,USD,3705,PAID,BLIK
3690.2,PLN,3577,NEW,CARD
1654.24,EUR,2724,NEW,TRANSFER
3082.06,EUR,841,PAID,TRANSFER
4581.76,PLN,2235,PAID,CARD
1960.66,USD,2723,NEW,TRANSFER
3952.34,PLN,710,PAID,BLIK
4745.34,USD,654,FAILED,BLIK
2449.05,USD,156,PAID,BLIK
3276.71,PLN,1471,FAILED,BLIK
4168.6,USD,3094,PAID,CARD
4213.5,PLN,45,NEW,CARD
70.85,EUR,4964,PAID,TRANSFER
1399.16,USD,2718,PAID,BLIK
4357.36,EUR,210,NEW,BLIK
195.18,PLN,2379,PAID,BLIK
4312.55,EUR,64,PAID,CARD
1184.25,EUR,2647,PAID,BLIK
4348.46,USD,4135,NEW,BLIK
384.36,EUR,814,FAILED,CARD
1304.94,USD,4175,NEW,TRANSFER
607.59,USD,3080,PAID,TRANSFER
1980.0,PLN,93,NEW,TRANSFER
3567.09,USD,4104,FAILED,CARD
965.35,USD,4641,NEW,BLIK
3023.12,USD,3961,NEW,TRANSFER
2494.3,EUR,4963,FAILED,CARD
2269.07,EUR,4639,FAILED,CARD
576.01,USD,4178,FAILED,TRANSFER
4932.36,EUR,1249,PAID,BLIK
1639.54,EUR,3000,FAILED,BLIK
702.47,USD,2351,NEW,BLIK
2978.94,USD,766,NEW,TRANSFER
147.41,USD,3730,FAILED,CARD
4007.09,EUR,3562,NEW,TRANSFER
306.33,USD,540,NEW,TRANSFER
3580.72,EUR,1897,NEW,TRANSFER
559.19,USD,2620,NEW,CARD
3460.35,EUR,2269,PAID,BLIK
1430.85,EUR,365,FAILED,TRANSFER
400.83,PLN,678,NEW,TRANSFER
1932.82,USD,228,NEW,CARD
1642.91,USD,2628,FAILED,TRANSFER
1028.84,PLN,1855,FAILED,CARD
1089.94,EUR,3545,NEW,BLIK
1161.49,USD,3966,FAILED,BLIK
4366.6,EUR,3813,NEW,TRANSFER
4251.7,USD,4920,PAID,TRANSFER
2075.63,EUR,1915,PAID,TRANSFER
2865.74,PLN,2046,PAID,BLIK
3627.43,EUR,2475,NEW,CARD
3417.43,EUR,2707,FAILED,TRANSFER
1064.21,PLN,1461,NEW,BLIK
2308.9,EUR,4805,FAILED,CARD
2849.39,EUR,4581,PAID,BLIK
4922.67,EUR,4074,NEW,BLIK
876.36,PLN,2137,FAILED,TRANSFER
2452.87,EUR,3976,NEW,BLIK
2606.47,PLN,420,NEW,BLIK
1526.06,USD,1156,FAILED,TRANSFER
3390.65,PLN,3173,PAID,TRANSFER
1476.18,USD,2954,NEW,CARD
1354.21,PLN,3213,PAID,BLIK
4814.13,USD,1126,PAID,CARD
4654.74,PLN,3187,FAILED,CARD
4793.92,EUR,3628,NEW,CARD
903.79,PLN,2855,FAILED,CARD
4283.15,PLN,507,PAID,CARD
335.24,PLN,305,PAID,BLIK
25.77,PLN,1868,FAILED,TRANSFER
493.53,USD,3445,NEW,CARD
300.98,USD,2552,PAID,CARD
1173.21,EUR,4457,PAID,CARD
3831.67,PLN,617,FAILED,TRANSFER
940.31,USD,1932,NEW,TRANSFER
1029.4,USD,1834,FAILED,TRANSFER
4964.31,USD,2828,FAILED,TRANSFER
1948.75,EUR,3288,FAILED,TRANSFER
3495.99,EUR,2456,NEW,BLIK
3729.65,USD,1916,NEW,TRANSFER
1007.27,PLN,1776,PAID,TRANSFER
1081.67,EUR,4046,NEW,BLIK
1929.13,PLN,3698,NEW,TRANSFER
4726.36,USD,489,FAILED,CARD
4085.33,PLN,1950,NEW,CARD
465.92,USD,1160,PAID,TRANSFER
4029.18,EUR,4268,PAID,BLIK
2578.97,EUR,2761,FAILED,BLIK
1200.21,EUR,1500,FAILED,CARD
1517.25,PLN,3441,FAILED,BLIK
3526.38,USD,1257,NEW,TRANSFER
4096.23,EUR,4775,PAID,TRANSFER
2212.44,USD,3311,NEW,TRANSFER
860.65,USD,1077,PAID,CARD
2022.34,PLN,2725,FAILED,BLIK
4380.68,USD,3022,PAID,TRANSFER
118.05,USD,214,FAILED,TRANSFER
4932.2,PLN,3405,NEW,BLIK
3518.55,USD,1867,PAID,CARD
4946.57,USD,4241,FAILED,TRANSFER
3330.64,USD,24,FAILED,BLIK
700.9,EUR,4136,NEW,CARD
4519.49,PLN,2421,FAILED,CARD
4263.15,EUR,2390,FAILED,BLIK
3503.0,USD,2511,PAID,TRANSFER
1382.57,USD,533,FAILED,TRANSFER
3082.82,PLN,3419,FAILED,CARD
2412.02,USD,1467,PAID,BLIK
1705.58,USD,2625,FAILED,BLIK
522.07,EUR,3529,FAILED,CARD
2085.71,EUR,3302,PAID,TRANSFER
1481.5,EUR,4800,NEW,CARD
2775.5,EUR,1232,PAID,CARD
4410.79,USD,2065,PAID,CARD
4755.99,PLN,968,NEW,TRANSFER
2229.0,PLN,4375,PAID,TRANSFER
4499.71,USD,3053,FAILED,TRANSFER
4529.43,EUR,2604,FAILED,CARD
564.5,USD,1235,FAILED,TRANSFER
3355.5,PLN,3150,FAILED,BLIK
1623.13,PLN,93,NEW,TRANSFER
1394.55,USD,50,FAILED,TRANSFER
677.49,EUR,2729,FAILED,TRANSFER
4813.73,EUR,4931,PAID,CARD
928.66,USD,4081,PAID,TRANSFER
2705.62,PLN,440,PAID,BLIK
2507.12,EUR,1858,PAID,BLIK
3698.54,PLN,412,PAID,TRANSFER
2528.39,EUR,4579,PAID,TRANSFER
3573.91,USD,603,PAID,CARD
4314.32,USD,3705,PAID,TRANSFER
3663.58,EUR,3536,PAID,CARD
3095.81,PLN,3184,PAID,BLIK
3996.3,EUR,2664,FAILED,BLIK
3104.85,EUR,183,FAILED,CARD
534.04,PLN,308,FAILED,TRANSFER
597.94,USD,2889,FAILED,CARD
2002.82,EUR,3789,PAID,BLIK
3138.16,USD,3315,NEW,CARD
1706.02,PLN,2048,FAILED,CARD
4004.63,PLN,2167,NEW,BLIK
3874.58,PLN,3052,NEW,TRANSFER
3164.51,PLN,2551,NEW,TRANSFER
435.53,USD,2025,FAILED,CARD
2862.05,USD,4973,PAID,CARD
3130.26,EUR,545,NEW,TRANSFER
1258.13,EUR,221,NEW,CARD
4995.57,USD,4938,PAID,BLIK
4978.1,EUR,1595,FAILED,CARD
4274.74,EUR,2217,FAILED,TRANSFER
2186.75,USD,3806,FAILED,CARD
159.21,EUR,1910,NEW,BLIK
4680.86,USD,3300,FAILED,TRANSFER
4480.46,EUR,5,NEW,CARD
2130.07,EUR,2678,NEW,TRANSFER
4737.22,PLN,1828,NEW,TRANSFER
4461.93,EUR,1443,PAID,TRANSFER
1965.77,EUR,2963,PAID,TRANSFER
65.02,PLN,2741,FAILED,TRANSFER
1562.87,USD,1211,NEW,TRANSFER
2772.66,USD,1498,PAID,TRANSFER
289.41,EUR,3972,NEW,CARD
2597.09,USD,4804,FAILED,BLIK
3110.19,PLN,763,FAILED,BLIK
3211.45,PLN,1221,PAID,BLIK
380.57,USD,1179,FAILED,TRANSFER
3852.35,USD,1135,NEW,CARD
3245.44,PLN,951,FAILED,CARD
977.39,USD,3439,PAID,BLIK
4737.13,PLN,3970,FAILED,BLIK
352.77,USD,621,FAILED,BLIK
4348.34,EUR,148,FAILED,BLIK
1985.82,USD,2942,NEW,TRANSFER
463.46,USD,1596,PAID,BLIK
3584.91,EUR,4930,FAILED,BLIK
2379.43,PLN,1409,NEW,CARD
3684.96,USD,136,FAILED,CARD
2961.06,PLN,4710,FAILED,BLIK
3525.92,EUR,4113,NEW,TRANSFER
1925.34,EUR,2876,PAID,TRANSFER
4303.19,USD,2294,PAID,TRANSFER
2404.66,USD,4886,PAID,TRANSFER
2951.41,USD,186,FAILED,BLIK
3051.7,EUR,823,FAILED,TRANSFER
4361.14,EUR,2561,PAID,CARD
1207.5,USD,1747,NEW,CARD
1957.93,EUR,3961,FAILED,BLIK
2541.63,USD,1774,PAID,CARD
2608.53,USD,1478,FAILED,CARD
1805.37,USD,599,NEW,CARD
2474.89,EUR,1624,FAILED,BLIK
2366.2,EUR,1177,PAID,CARD
3142.5,USD,2509,PAID,CARD
4867.56,EUR,666,PAID,CARD
3022.62,PLN,4732,NEW,CARD
4703.23,EUR,3002,NEW,TRANSFER
111.2,PLN,701,FAILED,TRANSFER
1920.87,USD,440,FAILED,BLIK
1217.13,USD,2556,FAILED,BLIK
4481.44,PLN,3848,FAILED,CARD
1121.81,PLN,960,NEW,BLIK
4078.57,USD,3236,FAILED,BLIK
1566.35,PLN,2955,NEW,BLIK
4684.83,PLN,568,NEW,TRANSFER
4587.02,EUR,297,NEW,TRANSFER
2753.36,EUR,3060,PAID,CARD
798.87,PLN,265,FAILED,TRANSFER
141.69,PLN,162,NEW,TRANSFER
3316.55,USD,4349,NEW,CARD
243.71,USD,2714,PAID,BLIK
1429.99,PLN,1239,FAILED,CARD
2657.5,USD,1939,NEW,BLIK
2175.83,PLN,4511,PAID,BLIK
3647.39,PLN,689,PAID,BLIK
4398.57,EUR,4934,PAID,CARD
4709.57,EUR,2636,PAID,BLIK
1703.89,USD,3341,FAILED,BLIK
3877.5,EUR,2770,NEW,TRANSFER
2062.09,USD,1851,FAILED,BLIK
1619.17,PLN,2370,NEW,CARD
734.8,USD,749,PAID,TRANSFER
869.53,PLN,1855,FAILED,CARD
1863.11,EUR,1496,NEW,BLIK
4192.38,USD,2991,PAID,CARD
3685.36,EUR,3946,NEW,CARD
1981.08,PLN,474,NEW,BLIK
4009.39,PLN,2664,PAID,CARD
2583.69,EUR,3786,PAID,BLIK
3132.17,EUR,3087,PAID,BLIK
54.12,EUR,3570,NEW,TRANSFER
1773.05,USD,4025,NEW,BLIK
2975.49,EUR,1490,FAILED,BLIK
1558.51,PLN,1026,NEW,BLIK
4271.7,USD,2157,NEW,TRANSFER
4839.75,USD,1530,FAILED,BLIK
214.34,USD,1593,PAID,BLIK
3889.23,PLN,1502,NEW,TRANSFER
3178.56,PLN,3133,NEW,TRANSFER
4008.86,PLN,4268,NEW,TRANSFER
3461.83,USD,3116,FAILED,CARD
2932.26,EUR,3212,PAID,BLIK
1139.74,EUR,3965,FAILED,TRANSFER
4946.21,EUR,3308,FAILED,BLIK
932.98,PLN,4286,PAID,CARD
4334.54,USD,1940,NEW,CARD
3208.36,EUR,3146,FAILED,CARD
2106.56,PLN,4820,PAID,CARD
944.5,PLN,3642,FAILED,BLIK
330.16,EUR,4374,NEW,BLIK
3309.83,USD,2343,NEW,CARD
4602.98,PLN,2777,NEW,TRANSFER
693.03,PLN,582,PAID,CARD
46.32,EUR,2904,FAILED,CARD
105.11,EUR,395,PAID,TRANSFER
2805.43,USD,455,FAILED,CARD
665.66,PLN,578,PAID,CARD
4120.03,EUR,1510,FAILED,BLIK
2257.87,PLN,1320,PAID,CARD
3696.99,EUR,4881,NEW,TRANSFER
4689.79,EUR,504,NEW,CARD
4142.62,USD,3494,NEW,BLIK
3697.81,EUR,2985,PAID,CARD
2336.64,PLN,2654,FAILED,BLIK
3808.81,EUR,3057,PAID,BLIK
2692.24,USD,4639,FAILED,BLIK
1186.18,PLN,2963,PAID,TRANSFER
3093.2,USD,1264,FAILED,CARD
3415.33,USD,4127,PAID,TRANSFER
4177.02,USD,2017,NEW,TRANSFER
4997.28,EUR,879,NEW,TRANSFER
3182.94,USD,1786,NEW,CARD
480.68,USD,865,PAID,CARD
220.05,EUR,2105,PAID,TRANSFER
2707.61,EUR,4966,PAID,TRANSFER
3056.47,EUR,1238,PAID,CARD
4315.3,USD,2489,FAILED,TRANSFER
254.16,PLN,2906,PAID,BLIK
4574.39,USD,4208,NEW,TRANSFER
1804.48,EUR,2336,PAID,TRANSFER
633.64,PLN,2113,PAID,CARD
2186.18,EUR,2025,FAILED,BLIK
1638.15,PLN,4174,NEW,BLIK
1223.64,USD,4577,FAILED,TRANSFER
1743.41,EUR,4123,FAILED,BLIK
906.5,PLN,3344,PAID,BLIK
4099.97,PLN,2130,PAID,TRANSFER
2605.26,EUR,1412,PAID,CARD
2336.32,EUR,1988,PAID,TRANSFER
4786.03,USD,969,NEW,TRANSFER
4863.51,USD,4723,PAID,TRANSFER
4983.23,USD,1344,NEW,TRANSFER
4034.46,PLN,4949,NEW,CARD
1562.04,EUR,3259,NEW,TRANSFER
338.67,PLN,3031,NEW,CARD
3558.19,PLN,67,FAILED,BLIK
3386.97,USD,473,NEW,TRANSFER
1108.3,PLN,2354,NEW,BLIK
4978.81,USD,1347,FAILED,TRANSFER
296.02,EUR,1952,FAILED,CARD
2542.03,PLN,2710,NEW,CARD
2713.35,USD,3134,NEW,CARD
2246.0,EUR,1781,PAID,TRANSFER
3368.71,EUR,1281,FAILED,BLIK
1429.49,USD,2896,FAILED,BLIK
4940.38,EUR,973,NEW,CARD
4446.0,USD,4805,PAID,CARD
2042.73,USD,1064,FAILED,BLIK
4624.63,EUR,4364,NEW,BLIK
1088.81,EUR,802,PAID,TRANSFER
107.03,EUR,1269,NEW,TRANSFER
526.94,USD,85,FAILED,BLIK
3756.83,PLN,2138,PAID,CARD
2208.83,USD,4987,PAID,BLIK
4810.48,PLN,2989,PAID,TRANSFER
268.5,USD,733,FAILED,CARD
2841.29,PLN,1623,FAILED,TRANSFER
1714.91,USD,4753,NEW,CARD
4028.85,PLN,1169,FAILED,TRANSFER
2281.81,EUR,2093,FAILED,BLIK
2144.29,PLN,2757,FAILED,BLIK
3849.52,PLN,4569,PAID,BLIK
4324.7,USD,3900,PAID,BLIK
454.32,USD,215,PAID,CARD
522.78,EUR,4847,NEW,CARD
910.51,PLN,3157,PAID,BLIK
2814.26,EUR,3475,FAILED,CARD
361.94,USD,2571,PAID,CARD
557.53,PLN,1521,FAILED,BLIK
2952.74,EUR,4686,NEW,CARD
3552.9,PLN,3846,NEW,CARD
4903.16,USD,3788,FAILED,CARD
4295.89,USD,3044,FAILED,CARD
1313.2,PLN,3217,NEW,BLIK
941.65,PLN,2967,NEW,CARD
2917.93,EUR,4337,FAILED,TRANSFER
4247.43,PLN,2609,PAID,BLIK
4091.85,USD,1711,PAID,TRANSFER
3504.37,USD,3444,PAID,TRANSFER
555.22,PLN,3104,NEW,CARD
962.68,USD,4827,PAID,CARD
953.06,PLN,4864,NEW,BLIK
3488.45,USD,1544,PAID,TRANSFER
3748.36,USD,2862,FAILED,TRANSFER
1396.31,USD,4833,FAILED,BLIK
3692.95,EUR,84,NEW,BLIK
4932.31,PLN,4338,FAILED,CARD
3514.8,PLN,4528,PAID,BLIK
243.93,EUR,4003,NEW,TRANSFER
2612.7,EUR,2725,FAILED,BLIK
804.51,PLN,4431,PAID,TRANSFER
828.52,EUR,4065,NEW,CARD
330.55,PLN,2990,PAID,TRANSFER
2973.28,EUR,2063,FAILED,BLIK
4672.63,USD,1344,NEW,CARD
1321.36,USD,2472,NEW,CARD
4027.29,USD,1757,NEW,CARD
3229.78,EUR,3850,FAILED,CARD
3262.67,EUR,3143,FAILED,TRANSFER
1603.05,EUR,716,NEW,CARD
3524.76,PLN,4973,FAILED,CARD
661.37,USD,2707,NEW,CARD
4495.95,EUR,1882,FAILED,TRANSFER
3492.34,EUR,3667,PAID,CARD
4337.99,EUR,1571,NEW,TRANSFER
1999.31,USD,2067,FAILED,BLIK
3379.27,USD,3809,NEW,CARD
2263.66,EUR,4600,FAILED,BLIK
1352.63,EUR,3532,PAID,CARD
3665.82,USD,2922,PAID,TRANSFER
1973.98,EUR,3679,PAID,BLIK
1515.21,USD,2385,PAID,CARD
2608.85,USD,2508,NEW,BLIK
2453.72,USD,4967,NEW,CARD
2438.95,PLN,2179,FAILED,BLIK
770.88,USD,1666,FAILED,CARD
513.68,USD,1687,NEW,BLIK
4894.74,EUR,2301,NEW,TRANSFER
2319.4,PLN,3395,PAID,CARD
3883.02,EUR,502,NEW,CARD
2207.1,USD,996,NEW,TRANSFER
4642.97,USD,1316,FAILED,CARD
2993.82,EUR,2473,PAID,TRANSFER
1417.07,EUR,884,NEW,BLIK
2771.94,EUR,1056,PAID,CARD
3760.11,EUR,1701,PAID,TRANSFER
3893.76,USD,3185,PAID,BLIK
4877.3,PLN,1277,PAID,CARD
1090.55,PLN,2045,FAILED,CARD
4280.1,EUR,1244,FAILED,CARD
757.02,EUR,4790,NEW,BLIK
2835.26,EUR,914,PAID,BLIK
4185.17,USD,3858,PAID,TRANSFER
938.64,EUR,736,PAID,BLIK
3221.73,EUR,622,FAILED,CARD
185.7,EUR,3754,PAID,BLIK
4005.91,EUR,4286,PAID,TRANSFER
344.86,EUR,4434,FAILED,CARD
2744.7,USD,2715,NEW,CARD
1031.8,EUR,4451,FAILED,BLIK
2893.38,PLN,114,PAID,TRANSFER
4941.99,PLN,1051,PAID,CARD
566.0,USD,324,FAILED,BLIK
4934.49,PLN,3294,FAILED,TRANSFER
1102.15,EUR,4158,FAILED,TRANSFER
3535.33,EUR,3178,NEW,CARD
4723.44,PLN,3388,PAID,TRANSFER
891.89,EUR,1077,NEW,TRANSFER
3061.0,EUR,360,PAID,BLIK
4612.99,PLN,1312,PAID,CARD
38.85,EUR,2354,FAILED,BLIK
1991.56,USD,2201,PAID,BLIK
3130.03,EUR,1696,NEW,CARD
215.92,USD,754,NEW,BLIK
3665.78,PLN,336,PAID,BLIK
4146.86,EUR,3103,FAILED,TRANSFER
286.36,EUR,2524,NEW,BLIK
1335.56,EUR,2848,FAILED,TRANSFER
1036.46,EUR,4508,NEW,TRANSFER
813.76,PLN,2781,FAILED,CARD
2218.74,USD,782,FAILED,CARD
1547.32,USD,3610,PAID,BLIK
2955.85,EUR,3699,NEW,CARD
2206.86,EUR,4327,PAID,TRANSFER
1038.3,USD,761,FAILED,BLIK
2984.39,EUR,2640,PAID,BLIK
4190.36,USD,2294,FAILED,TRANSFER
3406.34,USD,2042,FAILED,TRANSFER
1867.18,USD,4634,NEW,BLIK
1805.07,PLN,4951,NEW,TRANSFER
2506.8,USD,445,NEW,BLIK
2487.79,EUR,2919,NEW,TRANSFER
1380.78,USD,1790,NEW,BLIK
1556.38,EUR,2961,PAID,CARD
4232.5,PLN,2070,FAILED,CARD
4949.5,USD,2725,FAILED,TRANSFER
1230.42,EUR,2837,FAILED,CARD
670.49,EUR,3068,PAID,CARD
2531.52,PLN,3826,PAID,CARD
4877.25,PLN,163,FAILED,BLIK
3756.31,USD,4369,NEW,TRANSFER
795.2,PLN,2560,NEW,BLIK
443.25,EUR,1426,PAID,TRANSFER
2845.68,USD,3821,PAID,TRANSFER
2768.33,EUR,3811,NEW,TRANSFER
307.62,EUR,2907,NEW,TRANSFER
1734.81,PLN,3422,NEW,BLIK
946.7,PLN,86,NEW,CARD
921.1,USD,4459,FAILED,CARD
133.58,PLN,2021,NEW,CARD
1461.67,EUR,2135,PAID,CARD
1810.7,USD,4240,FAILED,BLIK
1023.49,PLN,2597,FAILED,TRANSFER
4131.86,EUR,2379,NEW,CARD
2999.04,EUR,3189,PAID,BLIK
3423.68,USD,1385,NEW,TRANSFER
3866.44,USD,310,PAID,CARD
2423.21,PLN,3254,PAID,TRANSFER
4297.94,PLN,2491,PAID,BLIK
1128.31,EUR,1118,PAID,CARD
2854.99,USD,1677,FAILED,TRANSFER
786.27,PLN,1434,NEW,BLIK
4019.86,EUR,1207,PAID,TRANSFER
1485.73,PLN,4524,NEW,CARD
4387.13,PLN,1076,NEW,CARD
282.23,EUR,3846,PAID,TRANSFER
2917.44,USD,4565,FAILED,BLIK
2153.46,PLN,4106,NEW,TRANSFER
2121.84,PLN,4271,FAILED,CARD
3265.76,USD,4725,PAID,CARD
4237.77,USD,2695,PAID,CARD
745.75,PLN,292,PAID,CARD
1006.41,USD,764,FAILED,TRANSFER
4782.02,EUR,1465,FAILED,TRANSFER
1708.45,USD,1747,NEW,TRANSFER
4904.89,PLN,2235,FAILED,CARD
2670.78,USD,2225,FAILED,CARD
998.59,PLN,3663,PAID,CARD
3511.84,USD,771,FAILED,CARD
1796.08,PLN,141,FAILED,BLIK
4535.13,PLN,1463,NEW,TRANSFER
1860.37,PLN,608,PAID,TRANSFER
195.42,EUR,2406,PAID,TRANSFER
3291.83,PLN,539,NEW,BLIK
4990.8,PLN,4775,NEW,CARD
88.42,USD,37,NEW,TRANSFER
3453.15,USD,4994,FAILED,TRANSFER
60.66,PLN,4282,PAID,CARD
2593.02,EUR,3875,PAID,BLIK
2323.34,USD,3887,PAID,CARD
2684.98,EUR,1768,NEW,TRANSFER
1854.57,PLN,3569,NEW,CARD
3575.34,PLN,3172,NEW,BLIK
3336.86,USD,4565,NEW,TRANSFER
2998.77,EUR,1005,FAILED,CARD
2865.69,PLN,2551,NEW,CARD
2494.35,EUR,1526,FAILED,BLIK
4427.74,USD,2965,FAILED,TRANSFER
3116.52,EUR,12,FAILED,CARD
4006.01,PLN,1472,FAILED,BLIK
365.69,EUR,1361,PAID,BLIK
4042.43,PLN,453,FAILED,CARD
4822.94,USD,3355,NEW,BLIK
1631.98,PLN,1223,FAILED,TRANSFER
2105.29,EUR,2295,NEW,TRANSFER
4454.08,PLN,2896,PAID,TRANSFER
1546.31,PLN,4499,NEW,CARD
3272.54,EUR,3978,FAILED,TRANSFER
3136.74,PLN,2343,FAILED,CARD
818.36,USD,1720,NEW,BLIK
2649.55,USD,2506,NEW,CARD
3275.91,EUR,1116,FAILED,CARD
3794.97,USD,1285,NEW,CARD
2634.93,EUR,1057,PAID,BLIK
2235.12,EUR,120,PAID,TRANSFER
4886.3,PLN,2626,PAID,TRANSFER
2980.77,USD,2525,FAILED,BLIK
2498.73,PLN,3003,FAILED,CARD
4697.17,EUR,597,PAID,TRANSFER
2852.8,PLN,2683,PAID,BLIK
1796.38,PLN,1629,FAILED,CARD
2516.82,PLN,4649,FAILED,CARD
4475.23,PLN,3033,PAID,BLIK
3234.07,EUR,1957,PAID,TRANSFER
3035.15,USD,4226,FAILED,TRANSFER
810.3,USD,3660,PAID,BLIK
3530.15,USD,350,FAILED,BLIK
1761.43,PLN,874,PAID,CARD
4284.27,USD,3926,PAID,TRANSFER
3425.99,USD,3857,NEW,BLIK
1274.74,USD,2570,NEW,BLIK
1732.45,PLN,2957,FAILED,TRANSFER
877.2,USD,1390,FAILED,BLIK
776.17,PLN,500,PAID,BLIK
102.87,PLN,3913,NEW,TRANSFER
2456.93,PLN,2924,FAILED,TRANSFER
1718.08,EUR,2046,PAID,BLIK
4984.26,EUR,4307,NEW,CARD
1620.96,EUR,2516,NEW,CARD
4102.63,PLN,3266,PAID,CARD
123.87,USD,752,FAILED,BLIK
2901.82,PLN,3169,NEW,TRANSFER
3344.79,PLN,1876,NEW,BLIK
960.22,USD,3448,FAILED,CARD
1606.4,EUR,4716,NEW,CARD
1319.03,USD,3404,PAID,TRANSFER
4765.04,EUR,3545,PAID,CARD
4923.6,EUR,224,PAID,CARD
3170.52,USD,2205,NEW,TRANSFER
784.93,PLN,1621,PAID,CARD
4711.85,USD,1769,PAID,TRANSFER
2898.21,USD,392,NEW,CARD
3185.07,EUR,4531,FAILED,TRANSFER
917.29,USD,3847,NEW,TRANSFER
2355.72,PLN,3651,PAID,BLIK
1292.58,EUR,4238,PAID,CARD
965.67,USD,1049,FAILED,BLIK
1067.28,PLN,2264,FAILED,CARD
3194.4,PLN,4489,PAID,BLIK
2058.63,USD,484,NEW,TRANSFER
2739.64,PLN,4262,PAID,CARD
4313.46,USD,3992,PAID,BLIK
3721.57,PLN,4828,NEW,BLIK
2602.95,USD,2522,FAILED,BLIK
3896.91,EUR,2445,PAID,CARD
1292.54,PLN,3498,PAID,BLIK
537.99,USD,1547,FAILED,BLIK
2364.6,USD,2863,NEW,CARD
2357.39,USD,653,PAID,TRANSFER
2045.4,USD,2568,NEW,BLIK
1809.14,PLN,3666,PAID,TRANSFER
3921.63,PLN,4409,NEW,CARD
1179.24,PLN,1324,FAILED,TRANSFER
4446.8,PLN,2051,FAILED,BLIK
4631.17,PLN,1222,FAILED,TRANSFER
609.37,PLN,1378,FAILED,TRANSFER
3821.87,USD,3453,PAID,BLIK
1669.17,USD,1715,PAID,CARD
2822.34,PLN,3802,NEW,BLIK
442.02,PLN,3639,PAID,CARD
3371.93,EUR,2043,NEW,BLIK
4518.93,USD,759,NEW,CARD
3194.3,PLN,4274,PAID,CARD
2191.6,USD,312,NEW,CARD
2166.86,EUR,3693,FAILED,TRANSFER
3911.68,USD,988,FAILED,TRANSFER
245.84,USD,2844,FAILED,CARD
2296.87,USD,1286,PAID,CARD
4150.62,PLN,2905,FAILED,TRANSFER
750.47,EUR,20,PAID,CARD
1297.06,USD,292,PAID,CARD
3595.39,PLN,1175,FAILED,CARD
3209.92,USD,4630,PAID,TRANSFER
4917.51,USD,4758,FAILED,CARD
4837.16,PLN,1494,NEW,BLIK
2012.08,PLN,1500,NEW,CARD
4635.75,USD,3790,NEW,CARD
2279.78,PLN,4310,NEW,CARD
4181.55,PLN,962,FAILED,CARD
1931.78,USD,3317,FAILED,CARD
4397.99,USD,4739,NEW,BLIK
4207.53,EUR,2255,NEW,TRANSFER
4079.09,EUR,692,FAILED,BLIK
1175.61,USD,1357,PAID,CARD
3379.95,EUR,4392,NEW,TRANSFER
820.19,PLN,3796,PAID,TRANSFER
2816.07,EUR,4663,PAID,TRANSFER
4216.42,EUR,241,PAID,BLIK
49.04,EUR,26,NEW,CARD
604.01,EUR,1490,NEW,BLIK
4306.12,USD,143,FAILED,TRANSFER
2463.14,PLN,668,NEW,TRANSFER
3886.35,PLN,69,FAILED,BLIK
2242.58,EUR,4400,FAILED,TRANSFER
2876.98,USD,1953,PAID,BLIK
2413.29,PLN,3804,PAID,TRANSFER
3170.89,USD,1140,NEW,TRANSFER
4452.36,EUR,281,PAID,TRANSFER
4613.2,USD,3563,FAILED,TRANSFER
1686.8,PLN,2852,NEW,TRANSFER
3373.41,PLN,4833,NEW,BLIK
4140.5,USD,1631,NEW,CARD
3890.6,PLN,3310,FAILED,TRANSFER
596.39,EUR,2876,PAID,CARD
601.49,PLN,766,NEW,CARD
3419.99,USD,4289,PAID,TRANSFER
4858.55,PLN,1240,FAILED,BLIK
4149.16,USD,4929,FAILED,TRANSFER
3284.83,PLN,2053,NEW,CARD
2069.01,EUR,4826,PAID,TRANSFER
2323.82,EUR,1502,PAID,BLIK
3202.62,EUR,4966,PAID,TRANSFER
1784.3,PLN,4513,PAID,BLIK
2639.23,USD,574,PAID,TRANSFER
559.03,USD,2975,PAID,BLIK
455.02,PLN,1017,NEW,BLIK
4025.67,EUR,3725,PAID,BLIK
401.8,USD,3544,FAILED,TRANSFER
989.76,EUR,4158,PAID,TRANSFER
4710.97,PLN,4167,FAILED,TRANSFER
4318.8,PLN,4975,NEW,CARD
2931.74,USD,2085,FAILED,BLIK
4653.76,USD,429,NEW,CARD
2755.29,PLN,1597,NEW,BLIK
2005.78,EUR,1015,PAID,BLIK
509.93,EUR,1131,FAILED,CARD
1493.7,EUR,960,NEW,CARD
2941.15,EUR,4562,PAID,CARD
1095.02,USD,1250,NEW,TRANSFER
2892.39,PLN,2536,NEW,BLIK
4506.71,USD,3290,PAID,BLIK
129.29,EUR,2299,NEW,CARD
3917.01,USD,3688,PAID,BLIK
3184.37,PLN,125,PAID,TRANSFER
4440.17,EUR,1813,NEW,TRANSFER
2836.62,PLN,1227,NEW,CARD
485.87,EUR,53,FAILED,TRANSFER
4516.94,USD,659,PAID,BLIK
3019.4,PLN,4449,NEW,TRANSFER
1979.6,EUR,2913,FAILED,BLIK
3673.16,EUR,3099,FAILED,TRANSFER
2159.77,USD,3966,NEW,CARD
542.46,EUR,2896,NEW,BLIK
1227.74,USD,4406,FAILED,CARD
2970.1,USD,1389,NEW,CARD
359.95,USD,2052,PAID,CARD
1773.77,USD,1960,NEW,TRANSFER
1729.72,USD,4448,NEW,TRANSFER
3693.03,PLN,908,PAID,BLIK
1364.28,PLN,232,PAID,TRANSFER
2607.52,USD,2667,FAILED,CARD
638.41,USD,3946,NEW,CARD
1215.23,PLN,928,FAILED,BLIK
3082.79,USD,4605,FAILED,BLIK
80.82,EUR,4637,NEW,BLIK
1023.32,PLN,1785,FAILED,BLIK
3171.85,USD,4805,NEW,BLIK
1724.4,USD,450,PAID,TRANSFER
3065.77,EUR,4442,NEW,CARD
3886.63,USD,3496,NEW,BLIK
2762.4,EUR,1215,FAILED,BLIK
3969.45,PLN,614,NEW,TRANSFER
960.06,USD,3578,FAILED,TRANSFER
165.18,EUR,3074,NEW,CARD
1249.64,USD,3706,NEW,TRANSFER
584.15,EUR,1520,FAILED,CARD
105.52,PLN,341,PAID,CARD
3763.87,EUR,378,FAILED,TRANSFER
333.41,EUR,1741,FAILED,TRANSFER
1566.0,EUR,4454,PAID,CARD
1092.77,USD,4039,PAID,BLIK
3362.35,USD,398,FAILED,CARD
356.76,USD,325,PAID,BLIK
3900.17,PLN,2990,PAID,BLIK
4472.14,EUR,3751,PAID,BLIK
3574.8,EUR,2272,FAILED,BLIK
3735.7,USD,2672,PAID,BLIK
4015.79,USD,3892,PAID,BLIK
715.9,PLN,170,NEW,CARD
510.89,USD,1133,PAID,BLIK
2787.74,PLN,3397,FAILED,TRANSFER
3163.21,USD,4720,FAILED,BLIK
4199.52,PLN,4753,NEW,CARD
4479.43,USD,3392,PAID,BLIK
1782.41,EUR,451,PAID,BLIK
4675.95,USD,4717,NEW,TRANSFER
4222.24,PLN,4029,PAID,CARD
4841.57,EUR,2233,PAID,CARD
4431.61,PLN,2738,NEW,BLIK
3086.37,EUR,1900,NEW,CARD
1718.48,EUR,980,FAILED,TRANSFER
2567.49,EUR,621,NEW,TRANSFER
4602.02,USD,1313,FAILED,BLIK
2183.6,EUR,628,PAID,CARD
1826.14,PLN,3765,FAILED,CARD
654.31,EUR,4326,FAILED,TRANSFER
3308.23,EUR,121,PAID,TRANSFER
3268.61,USD,2485,NEW,TRANSFER
2270.81,USD,3408,PAID,BLIK
809.49,EUR,1144,FAILED,CARD
4029.44,USD,4959,PAID,BLIK
1123.07,USD,1626,FAILED,BLIK
843.62,USD,1222,FAILED,TRANSFER
1037.94,PLN,4624,FAILED,TRANSFER
2774.98,USD,434,FAILED,BLIK
265.32,USD,4896,NEW,BLIK
943.5,USD,1760,PAID,CARD
1312.13,PLN,274,FAILED,BLIK
4719.9,PLN,998,FAILED,CARD
3302.57,USD,4787,FAILED,BLIK
3576.71,PLN,3527,NEW,TRANSFER
2922.02,PLN,3680,FAILED,BLIK
2562.44,EUR,1152,PAID,BLIK
3166.59,PLN,341,FAILED,CARD
3908.12,EUR,4185,FAILED,CARD
2806.96,USD,1793,FAILED,TRANSFER
2062.45,EUR,3160,FAILED,BLIK
3989.63,PLN,250,NEW,CARD
3658.05,USD,2591,NEW,CARD
1374.8,USD,1850,FAILED,BLIK
2897.76,PLN,2313,PAID,BLIK
3768.6,PLN,3158,PAID,CARD
799.73,EUR,1849,NEW,CARD
4069.07,PLN,2649,PAID,TRANSFER
571.58,USD,4925,PAID,TRANSFER
2749.94,PLN,1820,FAILED,BLIK
36.33,PLN,3462,NEW,BLIK
1636.11,PLN,746,PAID,BLIK
101.64,USD,936,FAILED,TRANSFER
1783.65,USD,4492,NEW,BLIK
3864.0,EUR,4328,PAID,BLIK
3198.95,EUR,1783,PAID,BLIK
3492.21,PLN,3527,NEW,TRANSFER
4080.79,USD,1438,NEW,TRANSFER
2248.87,USD,1567,NEW,TRANSFER
3064.03,PLN,4661,FAILED,BLIK
4832.75,PLN,2114,PAID,BLIK
1867.41,USD,4573,PAID,CARD
1584.64,USD,4779,FAILED,TRANSFER
1359.59,EUR,4443,FAILED,CARD
2700.44,USD,1067,FAILED,BLIK
2868.19,PLN,909,NEW,BLIK
4735.74,PLN,4821,PAID,CARD
1068.36,PLN,3865,NEW,BLIK
2550.04,PLN,2947,FAILED,TRANSFER
3064.1,USD,268,NEW,TRANSFER
4120.69,USD,1872,PAID,TRANSFER
1172.17,USD,1940,NEW,TRANSFER
3439.02,PLN,2022,PAID,CARD
2133.37,EUR,4686,NEW,BLIK
503.95,PLN,3909,FAILED,CARD
3265.63,PLN,1000,NEW,CARD
671.38,PLN,1136,NEW,BLIK
2582.18,USD,1943,PAID,BLIK
1544.28,USD,1103,FAILED,BLIK
320.68,USD,4131,PAID,CARD
3070.6,EUR,703,FAILED,CARD
4088.98,USD,3324,PAID,TRANSFER
3344.29,PLN,3919,NEW,BLIK
4961.79,USD,3238,NEW,CARD
887.44,EUR,1192,NEW,TRANSFER
4092.56,EUR,3551,FAILED,TRANSFER
3395.89,USD,3351,NEW,CARD
3304.77,PLN,3607,NEW,TRANSFER
448.67,PLN,2400,PAID,CARD
653.58,PLN,104,FAILED,BLIK
2885.8,PLN,42,PAID,CARD
3388.93,EUR,2667,FAILED,BLIK
1748.28,USD,3450,PAID,BLIK
94.91,USD,1803,NEW,BLIK
2768.52,USD,592,NEW,CARD
1310.81,USD,4658,NEW,TRANSFER
2032.59,PLN,564,NEW,BLIK
2781.72,PLN,3913,NEW,BLIK
124.71,EUR,1771,PAID,CARD
479.78,USD,1165,NEW,BLIK
2553.65,USD,3854,FAILED,CARD
3962.29,PLN,185,NEW,CARD
3573.08,USD,3481,FAILED,TRANSFER
1621.49,EUR,3640,FAILED,TRANSFER
1755.34,PLN,2863,FAILED,BLIK
462.04,EUR,807,PAID,CARD
4385.67,USD,4919,FAILED,CARD
4336.23,USD,751,PAID,CARD
1330.75,USD,2515,FAILED,TRANSFER
4771.11,PLN,604,NEW,BLIK
1807.13,PLN,4543,PAID,BLIK
2905.93,PLN,926,FAILED,BLIK
4628.58,USD,180,FAILED,CARD
4973.88,EUR,2949,PAID,BLIK
1517.01,USD,3823,PAID,BLIK
4811.71,USD,544,NEW,TRANSFER
391.63,USD,3736,NEW,TRANSFER
15.71,USD,1980,FAILED,TRANSFER
3395.61,EUR,3605,NEW,TRANSFER
3770.25,PLN,12,PAID,BLIK
2132.14,USD,4242,NEW,BLIK
2625.66,USD,1399,NEW,TRANSFER
3549.6,EUR,1339,NEW,BLIK
2856.1,USD,3137,PAID,TRANSFER
186.65,EUR,3525,NEW,BLIK
2115.44,EUR,2041,PAID,TRANSFER
4652.84,EUR,1147,NEW,CARD
2892.5,EUR,4270,FAILED,CARD
4553.37,USD,4449,NEW,TRANSFER
1395.79,EUR,569,PAID,CARD
4834.97,USD,3028,NEW,CARD
2448.55,EUR,2337,NEW,TRANSFER
1010.47,EUR,1926,PAID,BLIK
3569.68,PLN,4578,PAID,CARD
1421.34,USD,60,FAILED,TRANSFER
1098.43,EUR,4962,FAILED,TRANSFER
1917.7,EUR,3470,PAID,BLIK
2188.39,EUR,3295,FAILED,CARD
1645.42,PLN,775,NEW,CARD
687.29,EUR,4016,NEW,CARD
2731.32,USD,2251,FAILED,TRANSFER
3379.47,PLN,2864,NEW,TRANSFER
4288.99,PLN,2540,NEW,CARD
4462.69,EUR,1010,NEW,BLIK
865.29,PLN,348,PAID,BLIK
2242.97,PLN,4131,PAID,CARD
1211.27,PLN,3262,NEW,TRANSFER
2430.71,USD,3400,FAILED,BLIK
100.13,PLN,3151,FAILED,BLIK
3943.08,PLN,76,FAILED,CARD
1510.28,USD,2849,PAID,TRANSFER
2943.46,USD,2873,NEW,BLIK
2435.36,USD,2189,FAILED,BLIK
1525.21,USD,2170,NEW,CARD
3848.36,EUR,1195,PAID,BLIK
3085.27,EUR,4072,PAID,CARD
4391.37,USD,3261,PAID,TRANSFER
4810.36,PLN,3289,NEW,BLIK
3805.65,EUR,4429,NEW,CARD
3864.91,PLN,4146,NEW,TRANSFER
3748.79,PLN,812,NEW,CARD
405.7,USD,2600,PAID,BLIK
4839.02,PLN,4965,PAID,TRANSFER
819.01,EUR,4024,FAILED,BLIK
4415.47,EUR,3629,FAILED,BLIK
2692.04,PLN,3074,PAID,CARD
4202.25,EUR,2088,FAILED,BLIK
2183.78,USD,4996,NEW,TRANSFER
1584.41,EUR,164,PAID,BLIK
2474.64,EUR,644,NEW,TRANSFER
577.85,USD,1836,PAID,BLIK
4359.24,EUR,1633,FAILED,TRANSFER
3459.68,EUR,233,PAID,BLIK
4354.91,USD,3730,FAILED,TRANSFER
3010.3,USD,766,NEW,BLIK
1361.13,EUR,264,PAID,TRANSFER
3664.08,EUR,899,NEW,TRANSFER
4083.67,USD,4655,NEW,TRANSFER
4309.21,USD,435,NEW,BLIK
2958.63,EUR,3728,PAID,CARD
4541.04,PLN,1012,NEW,TRANSFER
2136.96,USD,4078,NEW,TRANSFER
1944.95,PLN,4224,PAID,TRANSFER
908.65,USD,1940,PAID,BLIK
1353.75,USD,1075,PAID,TRANSFER
1885.55,EUR,3685,PAID,CARD
618.63,USD,4218,PAID,BLIK
367.88,EUR,1336,NEW,CARD
1442.07,USD,551,PAID,TRANSFER
2372.16,EUR,2891,FAILED,TRANSFER
3751.18,EUR,3931,NEW,CARD
4011.12,PLN,259,PAID,BLIK
4492.84,EUR,3532,NEW,TRANSFER
4550.26,PLN,3548,PAID,BLIK
2881.21,EUR,2986,PAID,BLIK
1650.22,PLN,1268,FAILED,CARD
4908.53,EUR,1631,FAILED,TRANSFER
3412.51,EUR,3191,PAID,CARD
173.36,PLN,539,PAID,CARD
2372.85,USD,4252,NEW,CARD
2990.43,EUR,1554,PAID,BLIK
2186.19,PLN,3112,FAILED,TRANSFER
4492.04,EUR,2305,FAILED,CARD
1534.05,EUR,4241,NEW,TRANSFER
603.86,USD,593,FAILED,TRANSFER
1843.45,PLN,4794,FAILED,TRANSFER
2833.42,USD,4380,PAID,CARD
1790.55,PLN,3137,PAID,TRANSFER
4794.23,PLN,2595,NEW,TRANSFER
980.5,PLN,2335,PAID,TRANSFER
4900.42,PLN,4042,NEW,TRANSFER
2237.2,USD,1177,FAILED,CARD
3778.77,PLN,99,NEW,CARD
2979.4,EUR,2691,PAID,TRANSFER
3576.18,EUR,2350,NEW,BLIK
2422.69,EUR,2182,NEW,BLIK
4448.22,USD,4231,FAILED,TRANSFER
105.87,PLN,3351,PAID,BLIK
3326.95,EUR,2275,NEW,CARD
603.21,USD,4355,FAILED,CARD
4453.24,EUR,1087,FAILED,CARD
2165.26,PLN,4645,PAID,CARD
1557.77,EUR,4797,NEW,CARD
2295.78,PLN,1177,NEW,BLIK
4307.86,EUR,3680,FAILED,BLIK
4863.19,EUR,930,PAID,BLIK
1695.75,USD,2902,NEW,TRANSFER
3151.86,EUR,3074,PAID,TRANSFER
511.48,EUR,1182,FAILED,CARD
3983.39,EUR,2739,NEW,BLIK
4325.12,EUR,2310,PAID,TRANSFER
2258.25,PLN,198,FAILED,CARD
1383.91,USD,1656,PAID,BLIK
2638.2,PLN,1343,FAILED,CARD
176.99,USD,2758,PAID,TRANSFER
2674.15,PLN,1073,PAID,CARD
2771.14,PLN,1172,NEW,BLIK
1045.94,USD,3969,PAID,TRANSFER
1352.89,PLN,1353,NEW,TRANSFER
1914.99,USD,2679,NEW,CARD
676.99,PLN,4596,PAID,BLIK
2796.92,USD,3305,PAID,BLIK
3236.13,PLN,550,PAID,BLIK
1914.88,PLN,1594,NEW,BLIK
2829.88,USD,3286,NEW,CARD
745.99,USD,151,FAILED,CARD
2453.22,USD,773,FAILED,CARD
441.44,USD,2615,PAID,CARD
3345.8,EUR,512,NEW,CARD
2638.73,USD,4516,FAILED,CARD
392.47,EUR,4964,NEW,BLIK
4896.49,USD,1228,FAILED,BLIK
4829.68,USD,4281,FAILED,TRANSFER
1394.3,EUR,47,NEW,CARD
3706.45,PLN,1877,FAILED,TRANSFER
4679.79,PLN,853,PAID,CARD
215.86,PLN,3458,NEW,CARD
2978.73,PLN,2372,NEW,BLIK
758.29,USD,3915,NEW,CARD
1673.32,PLN,3133,PAID,BLIK
4999.02,USD,3661,NEW,CARD
1644.16,EUR,1817,NEW,TRANSFER
3451.6,USD,1037,NEW,BLIK
2024.28,EUR,4979,FAILED,BLIK
1610.08,PLN,4271,PAID,TRANSFER
3035.58,USD,1463,FAILED,CARD
4519.19,EUR,1872,PAID,CARD
3308.06,USD,930,NEW,TRANSFER
1729.25,USD,3751,NEW,CARD
1021.16,USD,2848,FAILED,CARD
458.09,PLN,4338,PAID,BLIK
2263.67,EUR,4693,FAILED,CARD
1164.55,PLN,1459,FAILED,TRANSFER
1765.99,EUR,3672,FAILED,BLIK
2535.84,PLN,1142,NEW,CARD
2522.56,EUR,1235,FAILED,TRANSFER
2680.05,USD,1592,PAID,TRANSFER
1414.23,PLN,1772,NEW,BLIK
2178.55,USD,745,NEW,BLIK
4830.73,USD,3436,PAID,CARD
1534.02,USD,1279,FAILED,BLIK
3517.59,PLN,4435,NEW,TRANSFER
531.06,USD,4632,NEW,CARD
3794.34,USD,3206,FAILED,BLIK
1805.25,PLN,2148,NEW,TRANSFER
4895.45,PLN,4208,PAID,BLIK
4856.42,EUR,2655,FAILED,CARD
924.38,EUR,2128,PAID,TRANSFER
4960.12,EUR,2778,FAILED,BLIK
338.45,PLN,4294,PAID,TRANSFER
4632.79,EUR,1420,PAID,BLIK
1791.55,EUR,1348,NEW,BLIK
599.69,EUR,617,PAID,BLIK
3711.96,USD,2379,FAILED,CARD
1343.82,PLN,4623,FAILED,TRANSFER
3527.63,PLN,2529,NEW,CARD
4886.72,USD,3954,PAID,TRANSFER
4670.06,PLN,4274,FAILED,BLIK
3950.27,USD,1039,NEW,TRANSFER
4264.83,EUR,3894,NEW,BLIK
2768.14,EUR,1114,PAID,BLIK
4826.55,USD,3092,NEW,BLIK
282.08,EUR,2515,NEW,TRANSFER
1577.97,EUR,3777,FAILED,CARD
3368.49,EUR,2160,PAID,CARD
2026.33,EUR,2777,NEW,CARD
929.68,PLN,4590,FAILED,TRANSFER
3915.25,PLN,3722,NEW,TRANSFER
4458.08,USD,3442,FAILED,BLIK
3763.02,USD,185,NEW,TRANSFER
236.75,EUR,3346,NEW,BLIK
2230.18,EUR,4204,FAILED,CARD
3235.56,PLN,1216,NEW,CARD
2088.37,EUR,2439,FAILED,CARD
1927.3,PLN,2578,FAILED,BLIK
29.55,EUR,1439,PAID,TRANSFER
4488.77,PLN,3012,PAID,CARD
2149.35,PLN,4227,FAILED,BLIK
2502.03,USD,247,NEW,TRANSFER
4125.47,PLN,576,PAID,TRANSFER
4492.73,USD,2004,NEW,CARD
1434.02,EUR,2488,PAID,BLIK
780.84,EUR,1872,FAILED,CARD
3115.8,PLN,3750,NEW,TRANSFER
457.01,USD,1847,PAID,BLIK
387.65,EUR,2884,FAILED,TRANSFER
1478.72,EUR,774,NEW,BLIK
3053.01,USD,1311,PAID,CARD
3602.72,USD,3546,PAID,CARD
4191.23,USD,3872,PAID,CARD
1852.57,USD,487,PAID,TRANSFER
4432.16,USD,4726,FAILED,BLIK
2756.75,USD,4775,PAID,CARD
2145.7,USD,1550,PAID,BLIK
2042.75,PLN,4288,NEW,BLIK
738.83,PLN,4919,NEW,TRANSFER
4684.74,EUR,259,PAID,TRANSFER
3107.9,PLN,1342,PAID,BLIK
293.1,PLN,3870,FAILED,BLIK
4103.28,PLN,3529,FAILED,CARD
3230.05,EUR,4465,PAID,BLIK
3986.5,USD,3821,NEW,TRANSFER
1498.86,EUR,1495,PAID,BLIK
2572.96,PLN,4751,PAID,BLIK
617.21,PLN,2094,PAID,BLIK
1593.53,PLN,3245,PAID,BLIK
3493.07,USD,702,FAILED,TRANSFER
2471.1,EUR,1718,FAILED,BLIK
1380.9,USD,1369,NEW,BLIK
268.84,EUR,2148,PAID,BLIK
2859.46,PLN,3686,NEW,BLIK
2443.73,USD,4565,PAID,CARD
3954.27,EUR,3191,NEW,BLIK
2730.99,PLN,4333,FAILED,BLIK
2176.01,EUR,4707,FAILED,BLIK
1594.03,USD,350,NEW,CARD
1446.15,PLN,2535,PAID,BLIK
1197.35,EUR,3094,PAID,TRANSFER
2204.81,PLN,3383,PAID,TRANSFER
1920.53,EUR,1438,NEW,TRANSFER
317.39,PLN,2910,PAID,TRANSFER
84.81,USD,2399,FAILED,CARD
2336.22,USD,1556,FAILED,CARD
3834.49,USD,4645,FAILED,CARD
4663.78,EUR,1432,NEW,BLIK
2385.27,USD,4904,NEW,TRANSFER
3838.8,EUR,1677,PAID,BLIK
1136.53,USD,1778,PAID,TRANSFER
4480.49,USD,2242,NEW,CARD
829.2,EUR,2000,PAID,BLIK
1807.88,USD,207,FAILED,CARD
2240.36,PLN,84,FAILED,BLIK
3458.47,EUR,4377,FAILED,CARD
791.61,PLN,901,FAILED,BLIK
2913.79,PLN,4956,NEW,TRANSFER
835.26,PLN,2461,NEW,CARD
213.32,EUR,3748,PAID,BLIK
79.99,EUR,3901,NEW,BLIK
4652.0,EUR,1246,NEW,TRANSFER
3330.99,PLN,3663,FAILED,BLIK
2662.53,PLN,4563,NEW,CARD
195.56,USD,1944,PAID,CARD
376.33,EUR,807,FAILED,CARD
3232.07,USD,311,FAILED,TRANSFER
2005.23,PLN,1361,NEW,BLIK
4915.47,EUR,3530,PAID,TRANSFER
4981.58,PLN,79,PAID,BLIK
4481.3,USD,2525,FAILED,TRANSFER
3519.56,PLN,1900,PAID,TRANSFER
1561.45,EUR,1866,FAILED,BLIK
4346.69,PLN,3787,PAID,TRANSFER
3405.85,EUR,3727,PAID,CARD
565.47,EUR,4055,NEW,CARD
3577.07,PLN,4759,PAID,BLIK
4802.19,PLN,3173,FAILED,BLIK
2505.77,USD,854,NEW,CARD
3606.55,EUR,1681,FAILED,BLIK
1329.39,USD,2363,FAILED,TRANSFER
357.62,PLN,1397,FAILED,TRANSFER
4395.36,EUR,2028,PAID,TRANSFER
4237.83,EUR,4265,PAID,TRANSFER
21.26,PLN,716,NEW,CARD
2959.17,PLN,3983,PAID,TRANSFER
4847.86,USD,4192,PAID,CARD
1028.45,EUR,3826,FAILED,BLIK
4277.51,PLN,1920,PAID,CARD
79.66,EUR,4843,FAILED,TRANSFER
3258.35,PLN,2805,PAID,BLIK
1237.94,PLN,1661,FAILED,BLIK
3455.83,EUR,4401,PAID,TRANSFER
3537.38,EUR,817,NEW,TRANSFER
3606.63,EUR,4324,NEW,BLIK
4170.58,USD,495,PAID,BLIK
4277.84,EUR,4683,FAILED,TRANSFER
450.63,EUR,2978,NEW,TRANSFER
1088.24,PLN,3376,FAILED,BLIK
2431.08,EUR,3512,FAILED,TRANSFER
2008.18,EUR,1943,PAID,BLIK
2011.96,EUR,3169,PAID,TRANSFER
3663.7,EUR,1537,NEW,CARD
2061.21,EUR,3513,FAILED,BLIK
3992.17,USD,186,PAID,TRANSFER
1122.21,EUR,777,FAILED,CARD
4744.47,USD,36,NEW,CARD
4247.26,PLN,4552,NEW,TRANSFER
1940.31,PLN,3054,PAID,TRANSFER
4066.99,PLN,1647,PAID,CARD
3879.85,PLN,3653,NEW,CARD
3826.73,EUR,32,FAILED,CARD
4770.33,USD,4977,PAID,TRANSFER
1193.67,USD,3290,PAID,CARD
815.6,EUR,4079,PAID,TRANSFER
2768.49,EUR,404,NEW,CARD
2388.58,PLN,1513,FAILED,CARD
2862.2,PLN,675,FAILED,TRANSFER
1066.61,PLN,2976,PAID,TRANSFER
3110.11,PLN,1365,FAILED,TRANSFER
1566.58,USD,2345,PAID,CARD
4155.88,USD,2215,NEW,CARD
3196.83,PLN,1358,PAID,TRANSFER
440.25,USD,4582,FAILED,CARD
769.58,EUR,1569,FAILED,CARD
3845.44,PLN,4473,NEW,BLIK
794.34,EUR,3179,NEW,BLIK
3172.14,USD,3790,FAILED,TRANSFER
3438.27,EUR,3061,PAID,BLIK
4339.26,EUR,4455,FAILED,TRANSFER
343.76,USD,2279,PAID,BLIK
4291.83,EUR,665,PAID,BLIK
389.05,USD,636,PAID,CARD
2321.58,EUR,2056,FAILED,CARD
3276.04,USD,195,NEW,BLIK
1318.41,PLN,597,FAILED,CARD
3514.71,USD,2228,PAID,CARD
4201.96,EUR,218,FAILED,BLIK
4374.65,EUR,1423,PAID,CARD
1484.02,EUR,2975,NEW,CARD
1363.26,USD,2018,PAID,CARD
2697.43,USD,2500,PAID,TRANSFER
4539.45,EUR,2349,PAID,CARD
948.63,EUR,3322,PAID,BLIK
1660.38,EUR,2992,PAID,CARD
1459.79,EUR,4188,FAILED,BLIK
3835.64,EUR,3019,FAILED,BLIK
2124.33,EUR,2297,FAILED,TRANSFER
2270.31,EUR,1267,NEW,TRANSFER
2131.27,EUR,4729,NEW,TRANSFER
2240.29,PLN,3000,FAILED,TRANSFER
62.84,PLN,4463,PAID,CARD
1604.45,PLN,4221,FAILED,BLIK
2084.99,PLN,4210,FAILED,BLIK
960.29,USD,4881,PAID,BLIK
3340.86,EUR,3442,FAILED,BLIK
1164.33,PLN,1015,NEW,TRANSFER
2229.8,EUR,4905,FAILED,CARD
4248.52,PLN,570,PAID,BLIK
1646.4,EUR,2264,FAILED,BLIK
2959.05,PLN,3627,PAID,CARD
3972.53,PLN,4306,NEW,BLIK
1410.6,USD,3638,FAILED,CARD
4731.32,PLN,3762,FAILED,BLIK
2824.27,USD,1295,FAILED,BLIK
4383.97,PLN,2744,NEW,BLIK
3544.9,EUR,2926,FAILED,CARD
2777.13,PLN,4348,NEW,CARD
915.05,EUR,2594,NEW,TRANSFER
4743.55,PLN,3703,NEW,CARD
1517.21,EUR,2301,PAID,CARD
4751.73,USD,1810,NEW,BLIK
705.83,EUR,4544,FAILED,BLIK
386.64,PLN,1058,PAID,CARD
4512.75,PLN,3012,PAID,BLIK
3711.84,USD,493,PAID,BLIK
1596.42,EUR,118,NEW,CARD
358.47,USD,4798,FAILED,CARD
1416.02,PLN,3340,PAID,CARD
4555.2,PLN,830,FAILED,CARD
1300.18,EUR,2951,NEW,BLIK
4643.73,EUR,3544,FAILED,TRANSFER
4016.92,PLN,2843,PAID,TRANSFER
4118.23,EUR,4328,NEW,CARD
543.97,PLN,1967,PAID,TRANSFER
624.76,PLN,1492,NEW,TRANSFER
1214.88,USD,4802,FAILED,TRANSFER
657.61,PLN,2459,NEW,BLIK
1983.36,EUR,815,NEW,BLIK
1769.8,USD,3208,NEW,BLIK
938.79,USD,1615,PAID,BLIK
3673.04,EUR,4640,NEW,CARD
954.33,USD,313,PAID,BLIK
2107.25,USD,4333,PAID,TRANSFER
2574.8,USD,3443,NEW,CARD
2670.95,USD,1650,PAID,TRANSFER
3771.92,EUR,502,FAILED,TRANSFER
2175.59,EUR,4012,NEW,TRANSFER
1486.18,PLN,1447,NEW,TRANSFER
2191.17,EUR,4774,PAID,CARD
4504.47,PLN,2687,PAID,BLIK
4632.01,PLN,1133,FAILED,CARD
4743.78,PLN,3926,FAILED,TRANSFER
232.25,USD,834,FAILED,TRANSFER
3365.42,EUR,4775,FAILED,BLIK
3906.72,EUR,626,FAILED,BLIK
3458.44,PLN,4232,NEW,BLIK
3181.62,EUR,3056,PAID,TRANSFER
4718.14,USD,4296,PAID,BLIK
946.67,USD,2844,FAILED,CARD
4755.17,PLN,1062,FAILED,TRANSFER
3125.64,EUR,26,NEW,TRANSFER
3902.96,USD,4576,FAILED,CARD
4415.6,USD,4452,PAID,CARD
2944.97,USD,180,FAILED,BLIK
295.02,USD,4894,FAILED,TRANSFER
737.17,EUR,600,PAID,BLIK
4459.74,PLN,3244,FAILED,TRANSFER
4826.38,USD,2570,NEW,TRANSFER
2143.85,EUR,154,NEW,CARD
2350.07,PLN,4962,PAID,BLIK
2403.17,PLN,1307,PAID,TRANSFER
428.5,PLN,4749,NEW,BLIK
635.92,USD,634,FAILED,TRANSFER
4032.45,PLN,3269,PAID,BLIK
2315.29,EUR,3006,PAID,BLIK
3212.47,EUR,1140,PAID,CARD
2444.46,USD,2804,FAILED,TRANSFER
2024.18,EUR,1665,PAID,CARD
4444.68,USD,3091,PAID,TRANSFER
4512.89,PLN,1356,PAID,TRANSFER
3477.75,USD,3376,NEW,CARD
3587.78,USD,4581,NEW,CARD
2837.25,EUR,449,FAILED,CARD
4548.52,PLN,3237,NEW,CARD
163.3,EUR,3774,FAILED,BLIK
374.84,EUR,2598,FAILED,TRANSFER
1306.64,EUR,4028,FAILED,CARD
3910.11,USD,3485,NEW,TRANSFER
4017.17,PLN,3221,NEW,CARD
3604.85,PLN,2090,NEW,TRANSFER
1349.16,USD,272,NEW,CARD
1754.47,USD,1616,PAID,CARD
2987.89,PLN,942,FAILED,CARD
4124.83,USD,2811,NEW,TRANSFER
818.1,EUR,3516,PAID,BLIK
916.86,USD,3371,FAILED,TRANSFER
4947.94,USD,4247,FAILED,CARD
2270.26,EUR,2369,NEW,TRANSFER
4660.77,USD,3045,FAILED,TRANSFER
4482.24,EUR,1487,NEW,BLIK
1064.23,EUR,1859,NEW,CARD
4178.67,USD,3650,PAID,TRANSFER
565.38,PLN,3677,FAILED,BLIK
4159.19,EUR,3851,PAID,CARD
1318.54,USD,4864,PAID,BLIK
51.01,USD,2826,FAILED,TRANSFER
406.06,USD,586,FAILED,TRANSFER
542.24,EUR,1956,NEW,BLIK
1435.57,PLN,2337,PAID,TRANSFER
4765.75,PLN,1101,NEW,BLIK
4837.13,USD,3192,NEW,TRANSFER
2990.67,USD,1353,FAILED,BLIK
3804.89,PLN,4532,PAID,BLIK
1143.83,EUR,4489,PAID,BLIK
4037.02,PLN,299,NEW,TRANSFER
239.04,PLN,1273,FAILED,CARD
2003.93,USD,2738,PAID,TRANSFER
639.11,EUR,1715,NEW,BLIK
1367.74,USD,2369,PAID,TRANSFER
308.98,PLN,4044,NEW,CARD
3853.66,EUR,1375,FAILED,BLIK
1157.29,USD,4341,FAILED,CARD
3391.43,PLN,3391,NEW,CARD
3585.78,USD,4345,PAID,TRANSFER
4063.75,EUR,1797,FAILED,BLIK
2020.1,EUR,626,PAID,BLIK
3653.35,USD,2574,FAILED,TRANSFER
251.77,USD,4626,PAID,CARD
2349.12,PLN,2634,FAILED,BLIK
2556.84,USD,3024,PAID,BLIK
4087.33,EUR,2366,PAID,BLIK
3251.0,PLN,891,PAID,TRANSFER
2841.72,EUR,1032,PAID,BLIK
3437.5,USD,3653,PAID,CARD
2193.87,PLN,3251,FAILED,CARD
3482.37,PLN,985,PAID,TRANSFER
1406.7,EUR,3430,NEW,BLIK
1240.15,PLN,2941,PAID,CARD
4237.32,USD,2345,NEW,TRANSFER
418.64,PLN,696,FAILED,CARD
4791.94,EUR,4597,FAILED,TRANSFER
3104.73,PLN,3757,PAID,TRANSFER
3981.15,USD,1219,PAID,CARD
3167.81,EUR,372,NEW,TRANSFER
480.26,USD,578,NEW,CARD
549.94,EUR,591,PAID,BLIK
607.36,PLN,4971,PAID,CARD
2819.55,USD,656,NEW,TRANSFER
4167.82,PLN,1054,PAID,TRANSFER
4711.35,EUR,4340,FAILED,TRANSFER
4944.64,EUR,4126,FAILED,BLIK
344.61,PLN,1239,PAID,BLIK
1471.46,EUR,4153,FAILED,BLIK
2519.68,USD,514,NEW,CARD
130.02,PLN,3490,NEW,BLIK
4313.73,EUR,3288,PAID,CARD
3731.6,EUR,1364,PAID,BLIK
3836.92,PLN,352,NEW,TRANSFER
19.49,USD,1850,PAID,TRANSFER
3755.73,PLN,2436,PAID,TRANSFER
4105.33,PLN,4712,FAILED,TRANSFER
4252.2,EUR,1808,NEW,BLIK
2968.95,USD,3563,NEW,TRANSFER
2989.67,USD,556,PAID,BLIK
4327.05,PLN,4769,FAILED,CARD
2042.37,EUR,4651,FAILED,BLIK
43.54,USD,4014,FAILED,BLIK
306.54,EUR,2517,PAID,CARD
138.89,PLN,420,FAILED,BLIK
4011.2,EUR,164,FAILED,CARD
732.43,EUR,4415,NEW,CARD
1361.24,USD,151,FAILED,CARD
413.17,USD,1943,PAID,TRANSFER
4038.1,PLN,467,NEW,CARD
3823.54,EUR,2455,FAILED,TRANSFER
2235.63,EUR,2456,FAILED,BLIK
2704.39,EUR,4488,FAILED,TRANSFER
4675.79,PLN,1955,FAILED,TRANSFER
4528.58,EUR,4776,PAID,TRANSFER
4668.59,EUR,2884,PAID,BLIK
2980.39,PLN,1183,FAILED,BLIK
1314.56,USD,51,PAID,BLIK
2775.22,USD,2049,PAID,TRANSFER
4319.76,EUR,224,PAID,BLIK
535.11,EUR,265,NEW,TRANSFER
4671.22,PLN,2505,PAID,BLIK
3367.98,PLN,2159,NEW,TRANSFER
3041.8,USD,1431,FAILED,CARD
4256.99,PLN,2097,NEW,CARD
3457.38,EUR,3248,PAID,TRANSFER
301.19,EUR,3470,NEW,CARD
3230.0,PLN,94,FAILED,TRANSFER
2420.82,USD,4370,FAILED,TRANSFER
2225.0,USD,3992,FAILED,CARD
1688.87,USD,2255,PAID,BLIK
589.27,PLN,140,PAID,BLIK
601.9,USD,4403,NEW,CARD
3492.62,PLN,3172,NEW,TRANSFER
1147.87,PLN,2649,NEW,BLIK
4742.92,EUR,2994,FAILED,CARD
4324.14,USD,2430,PAID,CARD
4734.73,PLN,3575,NEW,CARD
4242.63,USD,1999,NEW,CARD
1012.1,PLN,4490,NEW,CARD
1488.34,PLN,1243,NEW,BLIK
3100.93,USD,3692,PAID,TRANSFER
263.63,USD,1203,NEW,BLIK
1504.14,USD,2976,NEW,BLIK
1662.07,PLN,4607,NEW,CARD
4212.69,USD,485,NEW,CARD
3623.68,USD,938,PAID,BLIK
2756.19,USD,4511,NEW,BLIK
3542.4,EUR,4653,PAID,BLIK
4299.69,USD,3787,PAID,TRANSFER
860.63,USD,900,PAID,BLIK
4744.0,EUR,4173,NEW,CARD
3641.18,PLN,4026,PAID,CARD
706.34,EUR,264,FAILED,TRANSFER
3247.72,PLN,2366,FAILED,TRANSFER
4985.38,EUR,767,FAILED,TRANSFER
3782.43,PLN,1682,FAILED,BLIK
1911.94,EUR,3675,PAID,TRANSFER
3438.34,PLN,1195,FAILED,TRANSFER
4290.04,PLN,973,FAILED,TRANSFER
4434.26,PLN,946,NEW,BLIK
2760.49,PLN,848,PAID,TRANSFER
3850.23,EUR,1732,NEW,BLIK
4753.84,EUR,824,PAID,CARD
2010.28,PLN,4702,FAILED,TRANSFER
4425.33,PLN,4258,FAILED,TRANSFER
857.06,EUR,2338,NEW,TRANSFER
2632.92,EUR,3442,FAILED,TRANSFER
4453.26,PLN,3496,PAID,TRANSFER
4396.0,PLN,4932,FAILED,BLIK
4375.57,EUR,3067,FAILED,BLIK
4549.87,USD,166,PAID,CARD
802.34,USD,1180,PAID,BLIK
525.87,USD,745,FAILED,BLIK
140.86,PLN,1119,FAILED,CARD
1833.96,EUR,3737,NEW,TRANSFER
1915.3,EUR,4644,FAILED,TRANSFER
3972.91,USD,3438,NEW,BLIK
3508.24,EUR,4473,FAILED,BLIK
4280.25,USD,444,PAID,CARD
3634.99,EUR,3978,NEW,BLIK
4233.52,EUR,2377,NEW,TRANSFER
1438.46,EUR,3355,FAILED,BLIK
4620.2,EUR,3467,FAILED,CARD
2473.85,USD,2006,NEW,TRANSFER
4730.26,PLN,2325,NEW,TRANSFER
4529.35,EUR,2044,NEW,CARD
1166.48,PLN,3961,PAID,CARD
1724.75,PLN,1592,FAILED,TRANSFER
4599.41,EUR,2732,PAID,TRANSFER
630.49,PLN,2444,FAILED,CARD
1617.44,PLN,2572,FAILED,CARD
1756.51,EUR,3935,NEW,TRANSFER
2403.82,EUR,4986,PAID,TRANSFER
4194.08,PLN,222,PAID,CARD
349.85,PLN,2783,NEW,BLIK
1393.12,USD,2304,NEW,BLIK
855.55,EUR,140,FAILED,BLIK
3964.03,EUR,2173,PAID,BLIK
4277.96,PLN,4518,NEW,BLIK
2000.71,PLN,4799,PAID,CARD
3110.66,USD,1292,PAID,CARD
4569.11,EUR,2022,NEW,TRANSFER
1671.9,USD,1846,FAILED,BLIK
2308.92,EUR,435,FAILED,BLIK
4794.75,USD,1819,NEW,BLIK
797.66,USD,4813,NEW,BLIK
1456.36,USD,278,NEW,TRANSFER
2771.45,EUR,1446,NEW,BLIK
2279.94,PLN,4519,NEW,BLIK
4062.97,USD,1545,NEW,CARD
4395.7,PLN,4784,PAID,CARD
1832.54,EUR,636,FAILED,BLIK
3066.32,PLN,650,PAID,BLIK
1213.7,PLN,2752,FAILED,BLIK
4107.19,PLN,4109,PAID,CARD
3994.48,USD,4546,PAID,BLIK
4740.21,PLN,3657,NEW,CARD
923.15,EUR,2964,PAID,TRANSFER
2468.2,EUR,4841,NEW,TRANSFER
912.33,USD,4539,PAID,BLIK
1310.96,USD,2510,FAILED,CARD
3980.78,USD,2863,FAILED,BLIK
4376.1,EUR,2184,NEW,TRANSFER
1740.68,EUR,2980,FAILED,BLIK
3530.14,USD,4907,PAID,TRANSFER
3673.19,EUR,3633,FAILED,TRANSFER
4652.81,EUR,511,FAILED,CARD
4776.45,PLN,418,PAID,TRANSFER
4755.4,PLN,4863,NEW,CARD
1281.57,USD,3021,NEW,BLIK
193.88,PLN,2389,PAID,BLIK
1982.92,EUR,2246,NEW,CARD
1464.88,PLN,4703,FAILED,TRANSFER
771.93,PLN,1405,NEW,BLIK
4301.54,USD,2525,PAID,CARD
3547.21,EUR,3831,FAILED,TRANSFER
384.76,PLN,1054,PAID,BLIK
281.87,PLN,1272,FAILED,CARD
4212.28,PLN,4228,PAID,CARD
3202.7,EUR,2929,FAILED,TRANSFER
4253.34,USD,3780,NEW,BLIK
1256.0,USD,4961,NEW,TRANSFER
41.41,USD,2406,PAID,BLIK
156.94,PLN,3306,PAID,BLIK
1315.06,EUR,4895,NEW,CARD
4749.25,USD,1772,PAID,BLIK
1518.24,EUR,2088,NEW,BLIK
3922.41,PLN,356,FAILED,TRANSFER
2030.27,USD,3878,PAID,TRANSFER
3129.26,PLN,2041,NEW,TRANSFER
1084.81,EUR,2209,NEW,CARD
4840.07,EUR,3623,PAID,BLIK
1446.06,EUR,1751,PAID,BLIK
3183.34,USD,2951,PAID,CARD
4418.89,EUR,2819,FAILED,BLIK
4083.92,EUR,484,NEW,CARD
818.55,PLN,1561,PAID,CARD
3428.4,USD,4146,NEW,TRANSFER
3509.93,PLN,4712,PAID,BLIK
1609.88,PLN,140,PAID,BLIK
2885.97,USD,1896,NEW,TRANSFER
4909.63,EUR,4878,NEW,TRANSFER
4709.7,EUR,888,FAILED,CARD
4617.18,PLN,2489,PAID,CARD
3080.16,EUR,2334,NEW,BLIK
1317.05,EUR,3847,FAILED,CARD
4205.86,EUR,2111,PAID,CARD
1308.95,PLN,4557,NEW,TRANSFER
3290.99,USD,462,FAILED,CARD
257.05,EUR,66,NEW,CARD
1730.46,EUR,4095,PAID,BLIK
800.62,EUR,2339,FAILED,CARD
1524.64,USD,413,PAID,CARD
4017.03,PLN,1643,PAID,TRANSFER
3215.01,PLN,57,FAILED,CARD
4489.8,PLN,2543,PAID,CARD
1746.35,USD,596,NEW,BLIK
4880.74,USD,1336,PAID,TRANSFER
2449.75,EUR,1751,PAID,TRANSFER
3337.09,EUR,3529,NEW,TRANSFER
628.38,EUR,1555,FAILED,BLIK
164.22,EUR,3993,PAID,BLIK
973.47,PLN,2758,NEW,CARD
2029.41,EUR,2724,FAILED,BLIK
3933.27,EUR,2194,FAILED,TRANSFER
2959.65,PLN,2325,PAID,TRANSFER
4582.16,USD,1601,FAILED,BLIK
2262.28,USD,3733,PAID,CARD
2548.33,USD,3055,PAID,TRANSFER
4139.03,EUR,4215,NEW,TRANSFER
3602.55,EUR,4587,FAILED,BLIK
1542.61,EUR,2123,PAID,BLIK
626.26,USD,1138,PAID,TRANSFER
3761.72,PLN,3487,NEW,TRANSFER
1199.95,EUR,1278,FAILED,CARD
3408.46,PLN,2595,PAID,BLIK
3585.88,PLN,4106,NEW,BLIK
2167.96,EUR,4087,FAILED,TRANSFER
2475.97,USD,1900,FAILED,TRANSFER
1525.88,USD,1738,PAID,TRANSFER
3556.13,EUR,1708,FAILED,BLIK
211.43,EUR,4849,PAID,BLIK
513.96,PLN,4942,FAILED,TRANSFER
3608.08,PLN,967,FAILED,TRANSFER
279.99,EUR,452,NEW,TRANSFER
4127.96,PLN,2791,PAID,BLIK
2612.4,PLN,4192,FAILED,TRANSFER
2436.32,USD,681,PAID,BLIK
3838.84,PLN,3284,PAID,BLIK
2735.53,PLN,933,PAID,TRANSFER
115.34,PLN,914,FAILED,CARD
188.4,EUR,1988,FAILED,BLIK
3516.09,PLN,1151,FAILED,CARD
2073.07,EUR,866,NEW,TRANSFER
3488.19,PLN,2875,FAILED,TRANSFER
548.66,USD,1657,PAID,BLIK
2771.68,PLN,562,NEW,TRANSFER
2012.84,PLN,2770,FAILED,BLIK
1457.2,PLN,3296,NEW,CARD
3845.07,USD,4226,NEW,TRANSFER
1916.24,USD,2289,FAILED,TRANSFER
1952.83,PLN,1551,FAILED,CARD
1580.22,PLN,1835,NEW,CARD
4996.31,PLN,2240,NEW,TRANSFER
1964.3,PLN,554,NEW,BLIK
4915.95,PLN,4914,NEW,BLIK
1990.99,USD,4729,FAILED,CARD
4516.21,EUR,2359,NEW,TRANSFER
4652.37,USD,1195,PAID,CARD
1029.28,USD,3060,FAILED,BLIK
4421.78,EUR,2485,PAID,CARD
2045.07,PLN,1347,PAID,BLIK
3856.32,USD,4767,PAID,TRANSFER
4836.58,EUR,366,FAILED,CARD
1350.07,PLN,1679,FAILED,BLIK
2986.22,PLN,1004,PAID,TRANSFER
46.14,USD,4588,FAILED,CARD
2521.87,PLN,3361,FAILED,BLIK
3025.13,USD,2407,FAILED,CARD
989.69,PLN,3473,NEW,CARD
3631.16,USD,4518,NEW,TRANSFER
2340.28,EUR,4749,NEW,CARD
230.99,USD,3024,FAILED,BLIK
3032.44,EUR,3597,FAILED,CARD
1934.76,EUR,3266,PAID,CARD
998.19,USD,64,PAID,BLIK
2157.34,USD,4392,NEW,BLIK
1016.25,USD,2768,PAID,TRANSFER
2467.51,EUR,278,FAILED,BLIK
3585.34,PLN,2599,NEW,BLIK
2294.05,EUR,2308,FAILED,TRANSFER
1726.28,EUR,4020,PAID,CARD
2762.07,EUR,3855,FAILED,TRANSFER
1122.84,USD,1221,PAID,BLIK
4213.24,PLN,3380,NEW,CARD
174.94,EUR,66,NEW,TRANSFER
3483.79,PLN,1158,PAID,BLIK
3869.72,EUR,275,FAILED,BLIK
1505.47,USD,2890,PAID,CARD
4435.59,PLN,1195,FAILED,CARD
4183.37,EUR,682,NEW,CARD
4382.94,PLN,1633,PAID,CARD
4790.04,PLN,4176,FAILED,BLIK
2492.03,USD,3761,PAID,TRANSFER
3205.27,PLN,4500,NEW,CARD
1402.38,USD,4060,NEW,BLIK
4623.94,EUR,2958,PAID,CARD
4655.83,EUR,4533,PAID,CARD
4262.78,EUR,4776,NEW,CARD
2877.71,USD,4884,FAILED,TRANSFER
4329.39,PLN,2203,NEW,BLIK
3152.63,PLN,4111,FAILED,TRANSFER
524.62,PLN,1465,PAID,TRANSFER
3328.46,EUR,934,PAID,TRANSFER
2071.64,PLN,3486,FAILED,BLIK
3445.21,EUR,3890,PAID,TRANSFER
4848.7,EUR,938,PAID,TRANSFER
2618.71,USD,3019,PAID,BLIK
2818.69,EUR,325,FAILED,TRANSFER
4106.26,PLN,1719,PAID,BLIK
4317.66,PLN,3821,FAILED,TRANSFER
1849.94,PLN,4311,NEW,CARD
4193.25,PLN,3950,FAILED,CARD
2986.34,USD,3360,PAID,TRANSFER
4425.14,USD,1853,NEW,TRANSFER
315.61,EUR,324,PAID,TRANSFER
3541.69,EUR,4346,FAILED,BLIK
4436.25,USD,2978,PAID,CARD
444.0,USD,2925,PAID,CARD
664.21,EUR,1042,FAILED,CARD
1814.59,USD,2696,NEW,TRANSFER
1305.15,USD,3176,NEW,TRANSFER
2999.35,EUR,2022,PAID,TRANSFER
4914.03,PLN,2955,PAID,CARD
3520.68,EUR,3127,NEW,CARD
4266.66,PLN,2751,FAILED,CARD
375.0,USD,4536,NEW,TRANSFER
896.08,PLN,2171,FAILED,BLIK
2898.66,USD,3994,NEW,BLIK
2784.74,USD,2606,NEW,TRANSFER
2292.1,PLN,2429,FAILED,CARD
4654.11,PLN,195,NEW,CARD
1842.26,EUR,3306,NEW,TRANSFER
2083.66,EUR,2133,PAID,CARD
2274.47,USD,2137,PAID,TRANSFER
867.36,PLN,3296,NEW,TRANSFER
2714.42,EUR,4344,NEW,BLIK
2299.34,PLN,4996,NEW,CARD
4374.93,EUR,3129,NEW,CARD
4843.94,PLN,2385,FAILED,BLIK
819.88,EUR,4480,NEW,CARD
1441.95,EUR,1508,PAID,CARD
887.78,USD,2897,PAID,CARD
2396.47,PLN,2849,NEW,BLIK
3592.1,USD,2963,NEW,BLIK
1082.57,PLN,4593,FAILED,BLIK
3111.35,USD,351,PAID,TRANSFER
4392.64,EUR,4018,FAILED,CARD
4955.34,USD,127,NEW,BLIK
1369.25,USD,4564,PAID,CARD
2830.59,PLN,1669,PAID,CARD
1729.84,USD,4861,FAILED,BLIK
4161.02,PLN,2111,NEW,BLIK
362.84,PLN,4584,NEW,BLIK
2712.1,EUR,3288,NEW,BLIK
412.33,PLN,398,NEW,TRANSFER
1467.26,PLN,4385,PAID,CARD
2275.58,EUR,2948,NEW,TRANSFER
2312.08,PLN,4368,FAILED,TRANSFER
656.24,PLN,3845,NEW,TRANSFER
131.66,PLN,526,FAILED,BLIK
2615.05,EUR,1731,NEW,BLIK
3193.76,USD,3651,FAILED,TRANSFER
1810.72,PLN,2647,FAILED,TRANSFER
1084.23,PLN,625,NEW,CARD
1902.81,EUR,1808,FAILED,CARD
2477.5,EUR,1775,PAID,CARD
1792.65,EUR,1885,PAID,TRANSFER
4236.52,EUR,3739,PAID,BLIK
2730.83,USD,1495,PAID,BLIK
3326.96,PLN,3947,PAID,CARD
1290.37,PLN,2492,NEW,BLIK
3772.05,PLN,4332,NEW,TRANSFER
737.0,USD,4001,PAID,BLIK
2561.27,USD,4998,FAILED,TRANSFER
901.15,USD,2524,NEW,CARD
2762.49,PLN,3587,NEW,TRANSFER
621.6,PLN,1714,FAILED,TRANSFER
1828.82,PLN,3333,NEW,CARD
4525.42,EUR,542,NEW,CARD
1287.39,USD,3837,PAID,TRANSFER
4730.55,PLN,1635,FAILED,TRANSFER
1399.98,USD,213,FAILED,TRANSFER
1490.02,USD,2169,PAID,CARD
3472.56,EUR,2641,PAID,CARD
1128.08,EUR,1223,PAID,TRANSFER
1735.74,USD,2468,FAILED,TRANSFER
199.72,USD,269,PAID,TRANSFER
3046.15,PLN,4941,NEW,BLIK
4932.54,EUR,2386,FAILED,BLIK
3983.62,PLN,827,NEW,TRANSFER
3240.55,PLN,2111,FAILED,CARD
1000.2,USD,4035,FAILED,TRANSFER
4499.04,USD,3314,FAILED,BLIK
2463.12,EUR,385,FAILED,TRANSFER
599.1,USD,2577,PAID,CARD
4810.13,PLN,1497,PAID,BLIK
4281.15,PLN,2129,NEW,CARD
445.95,USD,2418,FAILED,TRANSFER
3157.73,PLN,4743,FAILED,BLIK
3331.25,EUR,2436,FAILED,TRANSFER
4574.98,PLN,794,PAID,TRANSFER
1302.19,PLN,1384,FAILED,BLIK
771.26,USD,1902,FAILED,BLIK
2109.36,USD,861,FAILED,CARD
168.36,EUR,4185,NEW,BLIK
4366.24,EUR,4624,PAID,TRANSFER
206.18,EUR,1284,NEW,CARD
1729.85,PLN,3497,FAILED,CARD
4254.55,USD,4584,NEW,CARD
856.53,PLN,4055,FAILED,BLIK
634.88,EUR,4111,FAILED,TRANSFER
2985.96,EUR,4587,NEW,BLIK
4128.33,EUR,4640,PAID,TRANSFER
2912.28,USD,727,PAID,CARD
698.18,EUR,4998,FAILED,TRANSFER
3030.65,USD,314,PAID,BLIK
4418.43,EUR,2088,FAILED,BLIK
2722.9,PLN,3506,PAID,TRANSFER
2096.12,EUR,3419,FAILED,BLIK
3198.75,PLN,4351,FAILED,BLIK
3709.37,PLN,531,PAID,CARD
1950.9,PLN,2429,PAID,CARD
359.19,EUR,2817,NEW,CARD
3804.55,EUR,3667,PAID,CARD
2676.22,EUR,4752,PAID,BLIK
2949.2,USD,61,NEW,CARD
2485.42,USD,961,PAID,BLIK
4164.76,USD,3792,NEW,CARD
545.2,PLN,3853,FAILED,BLIK
2619.88,EUR,4460,NEW,CARD
2120.72,PLN,4619,NEW,CARD
1129.45,EUR,940,FAILED,TRANSFER
4196.75,USD,4468,NEW,BLIK
4898.37,EUR,15,NEW,BLIK
3831.01,EUR,152,FAILED,TRANSFER
812.21,PLN,3245,NEW,CARD
3749.71,EUR,2710,FAILED,CARD
4471.35,EUR,4093,NEW,TRANSFER
3325.07,PLN,1526,PAID,CARD
2100.89,PLN,1073,FAILED,TRANSFER
4227.13,USD,4872,NEW,BLIK
2358.58,PLN,1387,NEW,CARD
2425.9,PLN,2167,PAID,CARD
1356.74,PLN,3494,FAILED,BLIK
2816.91,PLN,708,FAILED,BLIK
4831.34,EUR,4388,PAID,BLIK
4799.91,USD,1860,PAID,BLIK
1669.13,EUR,2237,NEW,BLIK
4490.5,PLN,3212,NEW,CARD
4977.99,USD,3438,PAID,CARD
4336.6,PLN,4990,PAID,TRANSFER
3191.13,PLN,679,FAILED,CARD
2485.45,USD,4156,NEW,TRANSFER
3685.77,EUR,1608,PAID,TRANSFER
594.08,USD,3109,NEW,BLIK
375.87,USD,507,FAILED,TRANSFER
348.74,EUR,3994,PAID,TRANSFER
214.59,EUR,1180,NEW,BLIK
794.75,EUR,1945,NEW,CARD
239.31,EUR,3098,FAILED,CARD
1658.15,EUR,2221,PAID,BLIK
470.22,PLN,2708,PAID,BLIK
2663.93,PLN,2440,PAID,CARD
1815.27,EUR,4075,FAILED,BLIK
888.84,USD,3353,FAILED,TRANSFER
1016.46,EUR,2395,FAILED,CARD
1909.43,USD,3107,FAILED,BLIK
3982.6,PLN,3347,NEW,CARD
1382.58,USD,1168,FAILED,BLIK
3716.38,USD,4610,FAILED,BLIK
1967.52,USD,3902,FAILED,CARD
1483.39,USD,4040,FAILED,CARD
4833.64,PLN,2430,FAILED,CARD
2265.18,USD,4911,NEW,TRANSFER
786.9,USD,1005,PAID,TRANSFER
3352.22,USD,439,FAILED,TRANSFER
1048.05,EUR,2803,PAID,BLIK
1185.72,EUR,549,PAID,TRANSFER
4187.15,PLN,2330,FAILED,TRANSFER
4876.0,EUR,325,PAID,CARD
2142.72,EUR,4272,PAID,BLIK
2294.45,USD,3624,FAILED,TRANSFER
2139.7,USD,236,NEW,BLIK
4661.52,PLN,3261,PAID,BLIK
3859.95,PLN,2297,PAID,BLIK
2637.63,EUR,867,NEW,TRANSFER
2595.39,EUR,2687,PAID,CARD
421.31,EUR,1334,PAID,CARD
3439.52,USD,1927,FAILED,TRANSFER
4964.08,EUR,409,PAID,BLIK
3563.69,EUR,380,NEW,CARD
3159.46,PLN,2495,FAILED,CARD
2629.01,USD,188,NEW,TRANSFER
2414.2,EUR,3862,PAID,TRANSFER
1021.1,USD,2961,NEW,CARD
4226.61,PLN,2447,NEW,BLIK
4181.23,USD,3637,NEW,CARD
2583.62,EUR,1871,FAILED,CARD
4921.64,PLN,155,FAILED,CARD
1858.74,USD,4632,NEW,BLIK
4684.73,EUR,3240,NEW,TRANSFER
3984.57,EUR,904,NEW,TRANSFER
3900.88,PLN,4370,FAILED,TRANSFER
10.35,USD,1044,FAILED,CARD
288.84,USD,1949,FAILED,TRANSFER
4923.54,EUR,2317,NEW,CARD
492.15,EUR,3290,PAID,TRANSFER
913.26,EUR,2749,FAILED,CARD
1903.99,USD,4892,FAILED,CARD
2883.47,EUR,1265,PAID,BLIK
2270.66,PLN,967,PAID,BLIK
770.25,EUR,4743,PAID,TRANSFER
4115.57,PLN,3451,FAILED,BLIK
2510.26,USD,1535,PAID,CARD
3016.05,PLN,2236,NEW,BLIK
3348.3,PLN,1190,PAID,CARD
3961.75,USD,4357,FAILED,TRANSFER
813.55,EUR,4940,FAILED,TRANSFER
90.94,USD,4180,PAID,TRANSFER
2586.72,USD,641,FAILED,BLIK
4269.51,USD,775,FAILED,CARD
711.72,PLN,849,FAILED,TRANSFER
3754.15,PLN,1163,PAID,BLIK
3838.19,PLN,2853,FAILED,TRANSFER
1084.62,EUR,4349,PAID,CARD
660.33,EUR,2091,PAID,BLIK
3492.81,EUR,4291,NEW,CARD
2189.8,PLN,1556,FAILED,TRANSFER
2229.62,PLN,1159,PAID,BLIK
4142.27,PLN,3924,NEW,CARD
2569.66,USD,107,NEW,CARD
2056.62,USD,3393,FAILED,TRANSFER
352.87,USD,2481,FAILED,CARD
1010.39,PLN,2689,PAID,CARD
868.82,USD,1430,NEW,TRANSFER
3835.45,PLN,2617,NEW,BLIK
2933.98,EUR,1753,FAILED,TRANSFER
3640.46,USD,2897,FAILED,TRANSFER
4423.03,USD,493,FAILED,TRANSFER
82.59,EUR,42,PAID,BLIK
4917.36,EUR,2576,FAILED,TRANSFER
174.12,EUR,3102,PAID,BLIK
4864.33,EUR,2808,PAID,TRANSFER
2457.44,PLN,3647,NEW,TRANSFER
2430.21,EUR,1597,NEW,TRANSFER
2420.15,EUR,3061,PAID,BLIK
4001.97,PLN,2436,PAID,TRANSFER
753.78,EUR,4400,NEW,BLIK
3406.43,PLN,332,NEW,CARD
4608.94,PLN,1963,FAILED,CARD
3318.94,PLN,2474,NEW,TRANSFER
4865.67,PLN,4183,PAID,TRANSFER
931.09,PLN,2674,PAID,CARD
2035.97,EUR,1534,PAID,TRANSFER
2814.96,PLN,2554,PAID,CARD
2613.42,EUR,8,PAID,TRANSFER
2045.33,USD,1465,NEW,BLIK
3727.4,PLN,2628,FAILED,CARD
3385.19,PLN,463,FAILED,BLIK
4202.25,EUR,1833,PAID,TRANSFER
2482.57,PLN,1265,FAILED,CARD
1877.91,PLN,3411,FAILED,TRANSFER
268.11,EUR,361,PAID,TRANSFER
3340.53,EUR,2543,FAILED,CARD
3944.63,PLN,1831,NEW,TRANSFER
4895.52,USD,3835,PAID,BLIK
1696.9,PLN,2363,FAILED,TRANSFER
4320.45,PLN,4485,FAILED,CARD
1364.06,EUR,2911,NEW,CARD
1024.56,PLN,1707,FAILED,BLIK
1558.71,USD,1334,FAILED,TRANSFER
514.23,PLN,3557,NEW,BLIK
2558.65,PLN,2312,FAILED,BLIK
2611.06,USD,1141,NEW,CARD
2126.14,EUR,4365,FAILED,CARD
2214.34,EUR,4262,PAID,BLIK
1538.83,PLN,1622,NEW,TRANSFER
1974.73,USD,218,FAILED,TRANSFER
3934.8,USD,3125,PAID,CARD
2690.24,EUR,3360,PAID,BLIK
303.21,EUR,2380,FAILED,BLIK
919.28,USD,2889,FAILED,CARD
4881.88,PLN,1370,PAID,CARD
3965.54,PLN,4288,NEW,BLIK
666.91,PLN,4843,PAID,CARD
278.3,PLN,4294,FAILED,CARD
2060.52,PLN,188,PAID,BLIK
3728.41,USD,1258,NEW,TRANSFER
4951.1,USD,4603,FAILED,BLIK
641.35,EUR,201,FAILED,CARD
1409.83,PLN,4929,NEW,CARD
4707.01,EUR,2643,PAID,CARD
2135.63,USD,902,FAILED,BLIK
2280.6,PLN,367,FAILED,BLIK
2281.51,EUR,4810,PAID,TRANSFER
4932.62,EUR,1359,NEW,CARD
2479.78,EUR,1533,FAILED,CARD
1365.15,USD,808,NEW,BLIK
2589.74,EUR,4987,FAILED,CARD
1004.24,EUR,4911,FAILED,CARD
21.57,PLN,3928,PAID,CARD
796.01,PLN,3425,FAILED,TRANSFER
1114.9,PLN,4149,NEW,BLIK
980.27,PLN,2103,PAID,CARD
680.78,EUR,2281,FAILED,TRANSFER
4671.4,USD,1331,FAILED,TRANSFER
3535.98,PLN,4059,NEW,TRANSFER
3342.54,PLN,960,FAILED,CARD
3872.33,USD,3402,NEW,TRANSFER
3142.32,USD,2050,FAILED,CARD
2321.04,PLN,2214,FAILED,CARD
665.65,PLN,4267,NEW,BLIK
366.36,PLN,2234,FAILED,BLIK
4927.04,USD,3394,FAILED,CARD
4264.04,PLN,1185,PAID,CARD
1500.56,USD,596,NEW,CARD
4091.5,PLN,3875,PAID,TRANSFER
224.66,USD,1787,FAILED,BLIK
3157.87,PLN,2475,FAILED,BLIK
4071.21,EUR,1656,PAID,BLIK
1045.58,PLN,2532,PAID,BLIK
2682.52,USD,1121,NEW,BLIK
4424.23,USD,1324,PAID,TRANSFER
1680.63,PLN,3610,PAID,BLIK
3075.61,USD,4020,NEW,TRANSFER
626.0,EUR,3275,PAID,BLIK
2383.37,EUR,4847,PAID,CARD
659.93,USD,999,NEW,CARD
2422.96,PLN,2434,PAID,BLIK
1772.76,USD,4788,PAID,CARD
3800.06,PLN,4034,FAILED,CARD
764.26,EUR,1367,FAILED,CARD
142.2,EUR,1373,FAILED,TRANSFER
3176.38,PLN,3449,NEW,TRANSFER
2632.05,EUR,690,NEW,CARD
1768.11,EUR,2772,NEW,CARD
3372.12,USD,3256,FAILED,TRANSFER
889.63,PLN,232,PAID,TRANSFER
2886.31,USD,3647,FAILED,BLIK
3907.93,EUR,4991,PAID,BLIK
131.79,USD,2398,NEW,TRANSFER
1567.24,PLN,3507,FAILED,CARD
942.11,USD,3385,FAILED,TRANSFER
4716.06,USD,3436,FAILED,CARD
1335.46,USD,2609,NEW,TRANSFER
2519.17,PLN,1092,PAID,BLIK
4733.94,PLN,613,PAID,BLIK
1999.19,PLN,4713,NEW,CARD
1888.08,USD,4032,PAID,CARD
3090.24,PLN,1550,FAILED,BLIK
3570.03,USD,742,PAID,BLIK
3885.3,EUR,318,NEW,CARD
2285.39,USD,381,PAID,BLIK
1881.85,USD,1018,FAILED,CARD
3241.5,USD,347,PAID,TRANSFER
4424.12,EUR,2040,NEW,BLIK
2231.92,PLN,2252,PAID,CARD
621.55,PLN,4746,NEW,BLIK
527.63,PLN,3890,FAILED,BLIK
2199.87,EUR,940,PAID,TRANSFER
1408.62,EUR,2175,PAID,CARD
2162.07,PLN,1391,NEW,TRANSFER
3153.3,PLN,2158,FAILED,TRANSFER
2147.73,PLN,470,FAILED,BLIK
311.58,PLN,4536,NEW,CARD
1140.77,EUR,85,NEW,TRANSFER
2324.94,PLN,4328,PAID,CARD
2340.52,PLN,3825,PAID,BLIK
3178.44,USD,992,NEW,BLIK
2845.42,USD,1677,NEW,TRANSFER
2356.18,EUR,3024,NEW,BLIK
2077.18,PLN,3900,PAID,BLIK
4304.69,PLN,723,FAILED,TRANSFER
4139.57,EUR,4331,FAILED,BLIK
348.36,USD,727,FAILED,TRANSFER
2316.57,PLN,3680,PAID,BLIK
3822.93,PLN,50,PAID,TRANSFER
1668.93,PLN,1020,PAID,TRANSFER
3571.54,EUR,1798,NEW,TRANSFER
971.68,USD,4001,FAILED,BLIK
4198.68,USD,3983,PAID,TRANSFER
564.29,PLN,865,NEW,CARD
3960.02,PLN,3622,NEW,BLIK
925.12,PLN,3016,NEW,TRANSFER
1746.07,USD,440,PAID,CARD
2600.94,PLN,4083,PAID,TRANSFER
4578.26,EUR,4726,FAILED,CARD
2185.65,PLN,3487,FAILED,CARD
4819.87,EUR,3837,NEW,TRANSFER
3232.46,USD,2032,NEW,CARD
4293.93,USD,4629,FAILED,BLIK
3849.64,USD,4940,PAID,CARD
1085.28,PLN,2503,NEW,BLIK
581.92,PLN,4970,FAILED,CARD
109.58,EUR,16,FAILED,TRANSFER
72.79,USD,4481,PAID,BLIK
2240.25,EUR,1848,PAID,BLIK
2613.53,EUR,3031,FAILED,BLIK
4709.74,USD,2360,NEW,CARD
872.1,PLN,205,PAID,TRANSFER
2136.78,PLN,3354,NEW,CARD
1225.73,USD,1598,NEW,CARD
2916.14,EUR,926,PAID,TRANSFER
3161.22,PLN,1237,PAID,CARD
3444.95,PLN,3630,FAILED,TRANSFER
4849.6,USD,2941,FAILED,TRANSFER
1035.03,USD,3685,FAILED,BLIK
3215.36,EUR,574,PAID,CARD
4365.88,EUR,3702,PAID,CARD
410.67,EUR,2593,PAID,TRANSFER
721.22,EUR,1734,PAID,TRANSFER
897.27,EUR,2781,FAILED,BLIK
3015.77,EUR,4878,NEW,CARD
2915.89,USD,2339,FAILED,TRANSFER
1980.29,PLN,1382,PAID,BLIK
3378.2,USD,3072,PAID,CARD
253.53,USD,4754,FAILED,TRANSFER
973.96,PLN,1259,NEW,CARD
1587.54,EUR,2094,NEW,CARD
2421.3,PLN,680,FAILED,TRANSFER
4887.94,USD,3619,PAID,BLIK
2464.85,PLN,2373,PAID,BLIK
278.89,USD,4247,NEW,BLIK
384.66,EUR,4157,FAILED,TRANSFER
394.54,PLN,4899,PAID,TRANSFER
360.73,PLN,178,NEW,CARD
714.03,EUR,1857,FAILED,BLIK
2753.43,PLN,3350,FAILED,TRANSFER
912.42,USD,3330,FAILED,BLIK
2547.45,USD,1491,FAILED,CARD
1160.02,USD,2615,FAILED,TRANSFER
2596.54,USD,1876,NEW,CARD
4947.55,USD,4216,NEW,BLIK
1140.87,PLN,1082,PAID,BLIK
189.04,EUR,1409,FAILED,CARD
2645.17,EUR,354,FAILED,CARD
1067.04,EUR,2183,NEW,TRANSFER
1248.39,PLN,2991,PAID,BLIK
1121.76,PLN,3587,NEW,TRANSFER
712.13,USD,1094,FAILED,CARD
2258.04,USD,3755,NEW,CARD
2386.39,EUR,1869,NEW,TRANSFER
3388.96,PLN,1499,PAID,CARD
3724.74,USD,2994,FAILED,BLIK
4536.34,USD,1678,NEW,TRANSFER
3144.81,EUR,3950,FAILED,BLIK
1313.24,PLN,1209,NEW,CARD
4768.86,EUR,2769,PAID,BLIK
3289.29,USD,4750,FAILED,TRANSFER
4660.56,PLN,2475,PAID,TRANSFER
491.56,PLN,4850,PAID,BLIK
4228.92,USD,1264,NEW,TRANSFER
4103.37,PLN,4198,FAILED,BLIK
2716.83,USD,3742,PAID,CARD
2352.29,USD,2219,FAILED,TRANSFER
3511.15,PLN,3988,FAILED,CARD
1154.53,EUR,3445,PAID,CARD
4019.8,EUR,3976,PAID,BLIK
4621.24,PLN,1762,NEW,CARD
2736.31,USD,1491,PAID,BLIK
4801.31,EUR,4853,PAID,CARD
4706.45,USD,1449,FAILED,BLIK
4003.64,PLN,3005,FAILED,BLIK
1250.88,USD,1344,FAILED,TRANSFER
213.2,EUR,3651,NEW,TRANSFER
1784.87,USD,281,NEW,CARD
1051.96,EUR,4152,PAID,CARD
1684.09,PLN,243,FAILED,TRANSFER
2316.08,USD,2295,PAID,BLIK
3285.99,USD,4585,PAID,BLIK
2746.21,PLN,4596,NEW,TRANSFER
1065.1,PLN,2815,NEW,TRANSFER
4034.44,PLN,2540,NEW,CARD
2118.71,PLN,3745,FAILED,BLIK
1485.3,USD,4404,PAID,BLIK
1405.98,PLN,4506,NEW,CARD
2146.51,USD,3554,NEW,TRANSFER
2532.73,PLN,1632,FAILED,TRANSFER
4603.25,USD,3435,PAID,TRANSFER
4011.33,USD,2782,FAILED,TRANSFER
3370.3,EUR,2754,PAID,BLIK
150.34,PLN,4927,NEW,BLIK
4023.86,USD,2087,FAILED,BLIK
3731.3,PLN,4653,NEW,CARD
1216.3,PLN,4593,PAID,TRANSFER
3807.07,USD,4234,NEW,TRANSFER
1360.49,PLN,319,FAILED,CARD
665.45,USD,4222,PAID,BLIK
4553.49,EUR,3533,PAID,CARD
2558.87,EUR,2824,PAID,TRANSFER
2049.87,EUR,2909,PAID,CARD
2023.09,EUR,3297,PAID,CARD
4437.02,PLN,4030,PAID,BLIK
3287.84,EUR,3467,NEW,TRANSFER
3192.74,EUR,3996,PAID,TRANSFER
4219.76,USD,1492,FAILED,BLIK
4229.55,PLN,4236,PAID,BLIK
554.12,PLN,3832,FAILED,CARD
178.1,EUR,387,PAID,BLIK
737.7,EUR,1938,FAILED,TRANSFER
658.31,PLN,3568,NEW,BLIK
1857.17,USD,4803,NEW,CARD
2000.08,PLN,3639,NEW,CARD
849.3,PLN,3532,PAID,BLIK
4386.64,USD,1181,FAILED,CARD
4686.74,USD,1776,FAILED,TRANSFER
3036.09,PLN,4534,PAID,CARD
2348.51,USD,4694,PAID,TRANSFER
1146.14,EUR,2922,FAILED,TRANSFER
2457.01,EUR,3447,FAILED,TRANSFER
4719.27,USD,1439,FAILED,TRANSFER
4033.68,USD,3542,FAILED,CARD
181.98,USD,556,FAILED,CARD
3312.91,PLN,2639,PAID,CARD
3168.78,EUR,1824,NEW,BLIK
4173.5,EUR,3285,FAILED,CARD
3203.04,USD,2617,PAID,CARD
2459.29,USD,2721,NEW,TRANSFER
1615.15,USD,4501,PAID,CARD
3054.11,EUR,2186,PAID,BLIK
1693.42,PLN,1942,NEW,BLIK
2524.11,USD,2126,PAID,CARD
3333.97,PLN,3603,NEW,CARD
4683.69,USD,2187,FAILED,TRANSFER
1230.22,PLN,2521,PAID,BLIK
56.53,USD,3486,PAID,BLIK
2673.3,EUR,883,NEW,BLIK
475.74,PLN,4230,NEW,TRANSFER
483.1,EUR,3711,PAID,BLIK
527.13,USD,2302,NEW,BLIK
818.37,EUR,834,FAILED,TRANSFER
492.8,USD,389,PAID,BLIK
4040.28,PLN,908,NEW,CARD
4428.33,USD,418,PAID,TRANSFER
2716.23,USD,3536,FAILED,BLIK
2119.8,PLN,1579,NEW,TRANSFER
1221.23,USD,4822,FAILED,CARD
4166.06,PLN,352,NEW,CARD
4988.47,USD,1644,PAID,CARD
702.0,USD,2979,FAILED,CARD
4239.65,USD,3450,NEW,CARD
4934.11,USD,2154,FAILED,CARD
3252.56,EUR,2673,FAILED,TRANSFER
4480.35,EUR,2068,PAID,TRANSFER
3370.56,PLN,739,FAILED,CARD
2451.51,PLN,2552,NEW,CARD
2305.71,USD,2401,NEW,BLIK
1253.88,EUR,3357,PAID,CARD
2411.59,USD,44,FAILED,TRANSFER
4491.3,USD,2676,FAILED,TRANSFER
4400.14,USD,538,PAID,BLIK
4324.47,EUR,3643,NEW,TRANSFER
876.85,EUR,2150,PAID,BLIK
3998.41,EUR,2318,NEW,TRANSFER
1538.74,PLN,3318,NEW,TRANSFER
125.3,EUR,3293,FAILED,TRANSFER
511.93,USD,3325,NEW,BLIK
4856.84,EUR,3672,PAID,BLIK
2568.67,USD,4942,NEW,BLIK
309.63,PLN,969,NEW,TRANSFER
1346.34,USD,3574,FAILED,BLIK
3186.45,USD,3029,PAID,BLIK
2969.85,EUR,4813,FAILED,TRANSFER
3346.29,PLN,4570,PAID,BLIK
189.03,PLN,3839,FAILED,CARD
4900.23,USD,1854,FAILED,TRANSFER
3581.77,EUR,4073,FAILED,CARD
4083.24,EUR,1086,NEW,TRANSFER
147.5,EUR,3631,NEW,CARD
3916.1,PLN,4965,FAILED,BLIK
552.56,PLN,3274,FAILED,TRANSFER
3078.87,EUR,3237,PAID,TRANSFER
711.21,PLN,4531,NEW,TRANSFER
659.23,PLN,3328,FAILED,CARD
1703.65,EUR,2533,NEW,BLIK
2324.46,PLN,4470,NEW,BLIK
2267.42,USD,2809,NEW,CARD
3210.75,USD,330,PAID,TRANSFER
3250.63,PLN,4635,NEW,BLIK
4230.76,EUR,3926,PAID,TRANSFER
3112.38,EUR,4980,NEW,BLIK
4491.68,EUR,4564,PAID,CARD
1410.6,USD,540,PAID,CARD
4366.02,USD,1361,FAILED,BLIK
781.02,USD,4044,PAID,CARD
1946.77,PLN,1114,NEW,BLIK
4913.43,EUR,956,NEW,BLIK
2177.02,PLN,704,FAILED,CARD
1445.61,PLN,4370,NEW,CARD
2233.63,EUR,2524,FAILED,TRANSFER
645.41,EUR,3463,FAILED,TRANSFER
590.71,PLN,3836,PAID,TRANSFER
640.42,EUR,2356,PAID,TRANSFER
3894.26,PLN,4780,PAID,TRANSFER
3200.11,EUR,3254,PAID,CARD
3298.73,EUR,2629,PAID,BLIK
3939.25,USD,147,FAILED,CARD
2948.86,PLN,827,PAID,CARD
2658.28,EUR,846,NEW,BLIK
4891.87,USD,1552,FAILED,CARD
2298.82,EUR,2456,NEW,CARD
514.04,PLN,2514,FAILED,TRANSFER
899.72,PLN,1508,NEW,CARD
2172.97,PLN,3542,NEW,CARD
4158.42,PLN,2458,FAILED,TRANSFER
72.18,EUR,32,FAILED,CARD
4874.72,USD,1398,PAID,CARD
1925.26,PLN,3447,FAILED,BLIK
3796.37,PLN,3536,NEW,CARD
827.45,PLN,4424,FAILED,TRANSFER
1382.11,USD,4575,NEW,BLIK
1042.83,USD,4928,PAID,TRANSFER
949.85,PLN,3696,NEW,TRANSFER
1128.85,PLN,4022,NEW,TRANSFER
4598.31,PLN,3143,NEW,CARD
3425.87,EUR,128,PAID,BLIK
2388.98,PLN,897,PAID,TRANSFER
844.26,USD,640,NEW,CARD
1250.76,PLN,2789,PAID,BLIK
3469.21,USD,3968,FAILED,TRANSFER
468.91,USD,1201,PAID,TRANSFER
2748.78,PLN,4935,PAID,CARD
805.93,EUR,4434,FAILED,CARD
2800.16,USD,2053,FAILED,BLIK
3803.68,USD,4835,FAILED,TRANSFER
3343.38,USD,1793,PAID,CARD
837.79,USD,3328,FAILED,CARD
3555.24,PLN,3275,NEW,BLIK
2704.91,EUR,4692,PAID,TRANSFER
4538.96,PLN,1374,NEW,CARD
3582.24,USD,4150,FAILED,CARD
1867.58,USD,233,FAILED,TRANSFER
2857.73,PLN,4349,PAID,CARD
1118.4,PLN,3558,FAILED,CARD
838.94,PLN,1864,FAILED,TRANSFER
4665.76,EUR,3296,NEW,TRANSFER
2144.62,EUR,204,NEW,CARD
2476.43,PLN,4915,PAID,TRANSFER
1026.12,EUR,4677,PAID,BLIK
3987.23,EUR,3718,NEW,CARD
677.74,USD,1948,FAILED,TRANSFER
2877.33,EUR,4091,NEW,BLIK
790.95,USD,838,PAID,CARD
2322.54,EUR,3461,PAID,CARD
4424.55,USD,2325,PAID,TRANSFER
2381.74,EUR,1194,NEW,CARD
3182.04,USD,1381,NEW,BLIK
2244.98,EUR,97,NEW,TRANSFER
2996.04,EUR,1371,PAID,TRANSFER
4882.77,PLN,415,PAID,BLIK
4163.42,EUR,3424,NEW,CARD
1627.16,USD,661,NEW,TRANSFER
214.06,USD,819,NEW,TRANSFER
1052.92,USD,4626,NEW,BLIK
3423.4,PLN,4862,NEW,TRANSFER
2356.66,EUR,8,FAILED,BLIK
637.69,PLN,3126,FAILED,CARD
2286.06,PLN,2542,NEW,TRANSFER
3912.23,EUR,2620,PAID,BLIK
4471.96,USD,2441,PAID,BLIK
3880.47,USD,2764,NEW,CARD
364.29,USD,3933,FAILED,CARD
162.6,EUR,1503,FAILED,CARD
232.5,EUR,1198,FAILED,CARD
1854.77,USD,4166,NEW,TRANSFER
3885.77,USD,3432,PAID,BLIK
4212.09,USD,2257,FAILED,BLIK
1533.79,USD,647,NEW,CARD
463.26,USD,2262,NEW,CARD
2186.61,EUR,2698,NEW,TRANSFER
2392.31,PLN,1818,NEW,CARD
4284.82,USD,3604,PAID,BLIK
1858.15,PLN,4880,PAID,BLIK
2583.52,USD,1455,NEW,BLIK
3288.8,USD,4938,FAILED,BLIK
465.96,USD,1631,NEW,CARD
1705.66,USD,4889,PAID,TRANSFER
2613.44,EUR,3490,PAID,TRANSFER
135.73,USD,1407,FAILED,CARD
212.55,USD,3218,NEW,CARD
3596.59,PLN,4848,FAILED,TRANSFER
1494.81,USD,2539,PAID,BLIK
136.46,EUR,3503,NEW,CARD
505.66,USD,3980,PAID,CARD
2196.94,USD,1275,FAILED,BLIK
838.06,USD,1750,FAILED,CARD
509.78,EUR,2324,NEW,CARD
2383.23,PLN,4125,PAID,CARD
3492.55,EUR,1005,NEW,BLIK
3718.96,USD,3583,FAILED,TRANSFER
1857.72,EUR,2541,FAILED,TRANSFER
4961.42,EUR,382,PAID,TRANSFER
2862.93,EUR,3477,FAILED,TRANSFER
3210.83,PLN,679,PAID,TRANSFER
324.22,USD,2416,NEW,TRANSFER
4971.58,EUR,4674,NEW,BLIK
1454.79,PLN,455,FAILED,TRANSFER
4633.01,EUR,3017,NEW,TRANSFER
3377.82,USD,4858,NEW,BLIK
3356.84,USD,509,FAILED,TRANSFER
4994.33,EUR,4645,PAID,CARD
4037.64,PLN,1443,FAILED,BLIK
2822.48,USD,2188,FAILED,BLIK
2650.05,PLN,462,FAILED,TRANSFER
3744.81,USD,4580,FAILED,CARD
3186.27,EUR,2103,FAILED,BLIK
304.3,PLN,1131,NEW,BLIK
70.16,USD,2024,PAID,BLIK
2915.95,PLN,1443,PAID,CARD
1820.29,EUR,147,PAID,BLIK
2781.43,EUR,3747,FAILED,CARD
415.01,EUR,2613,PAID,CARD
599.94,EUR,3733,PAID,CARD
1751.58,USD,1717,NEW,BLIK
1820.32,EUR,4275,NEW,CARD
2841.77,USD,1281,FAILED,CARD
864.53,EUR,1798,NEW,TRANSFER
3805.74,EUR,3692,FAILED,TRANSFER
4530.2,PLN,2633,PAID,BLIK
221.72,PLN,696,PAID,CARD
4449.49,PLN,1211,FAILED,BLIK
4429.04,EUR,3150,FAILED,CARD
3576.45,PLN,2876,PAID,BLIK
4215.26,PLN,1902,FAILED,TRANSFER
3030.69,USD,4356,FAILED,CARD
599.34,EUR,2,FAILED,CARD
898.87,EUR,3893,FAILED,BLIK
3677.84,EUR,1850,FAILED,BLIK
2266.99,USD,1565,NEW,CARD
3060.95,PLN,2063,PAID,BLIK
2393.63,USD,3844,FAILED,TRANSFER
4312.45,PLN,805,FAILED,CARD
1208.66,EUR,1681,PAID,CARD
3840.6,PLN,2094,PAID,TRANSFER
554.66,USD,936,FAILED,CARD
3508.96,EUR,3864,NEW,TRANSFER
3286.57,USD,3752,FAILED,BLIK
2402.5,USD,329,FAILED,CARD
3693.77,USD,3401,PAID,TRANSFER
2412.01,USD,2293,FAILED,BLIK
1929.54,PLN,240,PAID,TRANSFER
3647.56,PLN,1947,PAID,TRANSFER
1373.06,EUR,2388,FAILED,BLIK
4923.26,EUR,4140,PAID,TRANSFER
2993.49,USD,1252,FAILED,TRANSFER
1302.53,EUR,1402,NEW,TRANSFER
4852.13,EUR,2244,NEW,TRANSFER
3346.5,USD,2349,FAILED,TRANSFER
1930.75,USD,4072,PAID,CARD
718.81,EUR,4387,FAILED,TRANSFER
2207.47,PLN,1022,PAID,TRANSFER
4864.45,USD,3510,PAID,CARD
3798.43,USD,373,FAILED,TRANSFER
739.31,PLN,1369,FAILED,TRANSFER
1155.75,PLN,4718,NEW,BLIK
1480.61,EUR,575,PAID,CARD
4924.52,EUR,4198,PAID,TRANSFER
4509.83,PLN,4430,FAILED,BLIK
3342.2,PLN,4040,FAILED,BLIK
1812.15,USD,1187,FAILED,TRANSFER
1350.35,USD,116,NEW,CARD
4658.01,EUR,1615,NEW,BLIK
3697.41,PLN,2259,PAID,CARD
1846.17,USD,3820,NEW,CARD
2991.53,PLN,3775,FAILED,TRANSFER
4619.31,PLN,3909,FAILED,CARD
1503.39,USD,4517,PAID,CARD
3288.72,USD,1807,FAILED,TRANSFER
3102.25,EUR,3059,FAILED,CARD
3000.35,USD,1600,PAID,BLIK
3409.9,EUR,2691,NEW,BLIK
1619.41,USD,4711,NEW,CARD
3595.07,USD,1760,NEW,BLIK
723.36,EUR,818,PAID,CARD
2044.14,EUR,1194,FAILED,CARD
1853.98,PLN,623,NEW,CARD
4664.76,USD,4742,PAID,CARD
2122.33,USD,2322,FAILED,BLIK
919.32,PLN,1985,FAILED,CARD
3908.37,USD,1636,PAID,TRANSFER
3072.56,PLN,2009,NEW,TRANSFER
2922.15,PLN,4845,FAILED,TRANSFER
1435.62,USD,4268,PAID,BLIK
2203.71,PLN,2248,FAILED,BLIK
2695.31,EUR,4493,PAID,TRANSFER
4885.13,PLN,4028,PAID,BLIK
3887.89,USD,985,NEW,BLIK
1272.33,EUR,2493,FAILED,TRANSFER
3547.52,USD,1595,FAILED,TRANSFER
4882.07,PLN,4456,NEW,CARD
3296.59,EUR,1754,NEW,BLIK
393.72,EUR,3375,NEW,BLIK
4413.73,EUR,1139,FAILED,TRANSFER
4249.75,EUR,3081,NEW,CARD
4180.79,USD,1550,FAILED,TRANSFER
826.79,USD,311,FAILED,CARD
17.72,EUR,2332,FAILED,BLIK
387.86,USD,2124,PAID,TRANSFER
2939.8,EUR,699,PAID,TRANSFER
199.26,PLN,385,FAILED,TRANSFER
2498.44,EUR,1308,PAID,CARD
3903.68,USD,114,PAID,CARD
2690.29,PLN,3235,NEW,BLIK
4962.3,EUR,340,FAILED,TRANSFER
4075.47,PLN,703,PAID,CARD
3670.49,EUR,138,FAILED,BLIK
4434.45,USD,2807,NEW,CARD
4388.38,USD,3254,FAILED,CARD
4188.45,USD,4922,PAID,CARD
3156.52,EUR,400,PAID,CARD
4434.98,USD,1528,NEW,BLIK
1674.19,EUR,838,NEW,CARD
2803.48,USD,4739,FAILED,TRANSFER
2228.39,EUR,490,FAILED,CARD
3182.39,USD,3607,NEW,BLIK
1784.26,PLN,4397,NEW,CARD
4060.52,PLN,1769,FAILED,TRANSFER
2152.24,EUR,3190,PAID,CARD
2467.1,PLN,738,NEW,CARD
2626.71,PLN,2298,PAID,TRANSFER
3340.62,USD,1275,NEW,CARD
469.11,PLN,4771,FAILED,CARD
911.45,USD,3107,NEW,BLIK
647.5,PLN,3832,NEW,CARD
186.69,USD,3988,PAID,CARD
1389.63,PLN,3038,NEW,CARD
2856.09,USD,2894,NEW,CARD
2933.77,EUR,4727,PAID,TRANSFER
2033.01,USD,1362,NEW,CARD
3154.25,USD,1201,FAILED,CARD
1645.62,EUR,3339,NEW,BLIK
4581.84,PLN,2811,FAILED,TRANSFER
3015.18,EUR,2286,FAILED,CARD
1296.71,EUR,3434,FAILED,CARD
3625.57,EUR,4117,PAID,CARD
2723.33,EUR,929,PAID,CARD
1579.76,EUR,2223,NEW,TRANSFER
488.11,USD,4029,FAILED,CARD
2081.54,PLN,3636,PAID,TRANSFER
1341.27,EUR,3927,PAID,CARD
4981.61,USD,35,NEW,BLIK
2454.56,PLN,417,PAID,BLIK
4042.7,PLN,1187,NEW,TRANSFER
1583.9,PLN,569,PAID,TRANSFER
4443.32,USD,1820,FAILED,BLIK
218.57,PLN,4704,NEW,CARD
2366.74,EUR,3068,FAILED,CARD
3197.9,USD,3029,NEW,TRANSFER
4659.48,EUR,2784,NEW,CARD
175.38,PLN,1618,NEW,BLIK
4165.93,USD,846,FAILED,CARD
250.62,PLN,1494,NEW,BLIK
3830.84,EUR,1802,PAID,CARD
4969.2,PLN,2482,PAID,TRANSFER
1924.66,USD,1744,NEW,TRANSFER
3932.96,EUR,2263,PAID,TRANSFER
4909.5,PLN,4672,FAILED,BLIK
1097.21,PLN,3529,PAID,TRANSFER
3084.93,EUR,473,NEW,BLIK
4682.08,PLN,208,PAID,CARD
3820.04,PLN,4618,PAID,BLIK
1311.02,USD,3180,FAILED,CARD
4669.57,USD,4794,NEW,TRANSFER
3344.82,PLN,4032,NEW,BLIK
4813.77,USD,4021,FAILED,TRANSFER
325.29,USD,2275,FAILED,TRANSFER
2646.59,EUR,1832,FAILED,CARD
2619.93,USD,2777,PAID,CARD
2618.38,USD,4771,PAID,BLIK
1271.37,PLN,4992,FAILED,BLIK
2413.07,EUR,4163,NEW,CARD
1335.45,USD,4638,NEW,BLIK
4430.06,EUR,3152,NEW,TRANSFER
4181.9,EUR,4965,NEW,CARD
2724.04,USD,4028,NEW,TRANSFER
1058.53,EUR,2791,FAILED,CARD
1906.24,EUR,3038,NEW,CARD
1385.53,EUR,4785,NEW,BLIK
2768.5,EUR,1823,FAILED,CARD
647.06,EUR,1232,NEW,TRANSFER
1804.59,USD,1252,PAID,BLIK
3614.86,USD,2681,FAILED,BLIK
101.0,PLN,1331,PAID,CARD
2177.16,USD,3822,NEW,BLIK
4334.38,PLN,2518,FAILED,BLIK
425.92,EUR,1590,FAILED,CARD
4135.37,USD,698,FAILED,CARD
1748.14,PLN,3896,PAID,TRANSFER
2925.67,EUR,1062,NEW,BLIK
3977.91,EUR,2628,NEW,CARD
4107.86,PLN,166,PAID,TRANSFER
3209.99,PLN,1833,FAILED,TRANSFER
298.9,PLN,1334,FAILED,TRANSFER
4734.87,USD,4767,NEW,TRANSFER
3969.88,EUR,687,NEW,TRANSFER
4975.59,PLN,1298,FAILED,BLIK
956.44,PLN,2589,NEW,TRANSFER
3833.5,PLN,2487,FAILED,BLIK
2077.23,EUR,4211,FAILED,TRANSFER
2523.97,EUR,4631,FAILED,CARD
3597.65,USD,2724,NEW,TRANSFER
741.51,PLN,652,FAILED,BLIK
1197.61,PLN,1493,PAID,TRANSFER
4751.57,USD,2095,FAILED,CARD
4594.69,PLN,296,PAID,TRANSFER
3591.97,PLN,699,FAILED,TRANSFER
3893.79,USD,562,NEW,CARD
852.97,USD,578,NEW,CARD
1733.88,USD,3538,FAILED,BLIK
4833.75,EUR,168,FAILED,CARD
1473.22,PLN,4136,PAID,TRANSFER
2598.75,USD,2916,FAILED,TRANSFER
4631.71,PLN,4420,NEW,BLIK
1798.51,PLN,3185,PAID,TRANSFER
4883.33,EUR,3496,PAID,BLIK
4542.79,USD,4505,PAID,CARD
1431.14,EUR,3745,FAILED,CARD
4540.54,PLN,3894,PAID,BLIK
399.19,EUR,229,NEW,TRANSFER
106.66,EUR,1964,PAID,BLIK
3341.84,PLN,3934,FAILED,CARD
1782.93,USD,4405,NEW,CARD
1918.82,PLN,4234,FAILED,CARD
3269.22,USD,1273,NEW,BLIK
179.39,PLN,4728,FAILED,TRANSFER
44.31,PLN,2023,NEW,BLIK
872.13,EUR,4661,PAID,CARD
2146.43,PLN,4385,PAID,BLIK
1265.16,USD,1158,PAID,TRANSFER
1534.92,PLN,437,PAID,TRANSFER
3111.22,PLN,1640,PAID,TRANSFER
2845.74,PLN,2264,PAID,BLIK
651.92,PLN,4193,FAILED,CARD
3622.86,USD,3128,FAILED,CARD
447.41,PLN,1215,FAILED,CARD
1292.06,EUR,3077,PAID,TRANSFER
3984.21,USD,2374,FAILED,CARD
3798.4,PLN,3479,PAID,TRANSFER
1509.04,USD,3376,PAID,TRANSFER
2024.71,PLN,592,FAILED,BLIK
1297.12,PLN,3991,FAILED,BLIK
4547.85,USD,315,FAILED,BLIK
3818.41,USD,4066,PAID,CARD
2340.08,EUR,3339,FAILED,BLIK
2294.65,EUR,821,NEW,BLIK
1517.03,EUR,3027,NEW,TRANSFER
2810.98,USD,2045,FAILED,TRANSFER
2098.95,PLN,3697,NEW,TRANSFER
3892.52,USD,3260,PAID,CARD
3392.98,EUR,1423,PAID,TRANSFER
1364.33,USD,1033,PAID,BLIK
2840.88,USD,4102,NEW,TRANSFER
1835.14,PLN,4832,FAILED,TRANSFER
2003.37,EUR,900,NEW,CARD
2204.43,PLN,2462,FAILED,BLIK
4914.35,USD,1233,NEW,BLIK
371.21,EUR,740,NEW,TRANSFER
2978.43,PLN,2836,NEW,CARD
4549.87,USD,1636,FAILED,BLIK
1169.82,USD,1255,FAILED,TRANSFER
3168.95,PLN,2195,FAILED,BLIK
203.74,EUR,608,NEW,CARD
3890.79,USD,2523,PAID,CARD
3571.83,EUR,2272,NEW,TRANSFER
3132.3,PLN,2537,NEW,TRANSFER
1403.86,PLN,2863,NEW,CARD
1955.69,USD,4842,PAID,CARD
1632.01,EUR,81,PAID,CARD
3017.94,USD,3657,NEW,BLIK
2006.62,USD,707,FAILED,TRANSFER
1220.23,PLN,4544,NEW,TRANSFER
2605.44,PLN,3710,PAID,BLIK
3893.22,EUR,460,NEW,BLIK
3502.97,PLN,1672,NEW,CARD
3866.41,EUR,3841,PAID,CARD
3090.51,EUR,467,NEW,TRANSFER
4540.96,PLN,4859,NEW,TRANSFER
448.18,USD,3080,PAID,CARD
3179.27,PLN,2989,FAILED,CARD
4449.73,PLN,3307,PAID,CARD
3689.89,USD,2581,NEW,TRANSFER
2262.14,EUR,3143,NEW,CARD
2208.0,PLN,4235,NEW,BLIK
3492.44,PLN,333,NEW,BLIK
3572.32,PLN,721,NEW,CARD
79.07,PLN,2957,PAID,CARD
1510.37,PLN,2724,NEW,BLIK
2678.37,PLN,1223,PAID,CARD
3932.93,EUR,4536,FAILED,BLIK
2076.17,EUR,1162,PAID,BLIK
1249.9,PLN,3388,FAILED,CARD
3044.27,EUR,968,PAID,TRANSFER
1417.95,USD,539,PAID,TRANSFER
3438.21,PLN,1348,PAID,TRANSFER
1454.39,USD,2772,PAID,CARD
2186.19,PLN,1964,PAID,TRANSFER
4953.93,USD,4373,PAID,TRANSFER
467.3,EUR,473,FAILED,BLIK
1125.2,EUR,690,PAID,TRANSFER
169.88,EUR,3988,FAILED,CARD
4534.39,PLN,3972,NEW,TRANSFER
1772.74,EUR,1049,NEW,TRANSFER
3118.73,PLN,4348,NEW,CARD
4310.94,USD,1689,NEW,TRANSFER
1635.22,PLN,946,PAID,CARD
4905.06,EUR,2491,NEW,BLIK
4804.41,USD,3452,FAILED,BLIK
2782.27,PLN,3033,FAILED,TRANSFER
4412.36,USD,4413,FAILED,BLIK
434.31,USD,1431,FAILED,BLIK
875.72,EUR,3389,PAID,CARD
4519.18,USD,2403,PAID,CARD
3978.5,PLN,3959,NEW,TRANSFER
4317.04,EUR,3632,FAILED,TRANSFER
3837.98,USD,1601,NEW,TRANSFER
399.4,USD,2620,FAILED,BLIK
2777.34,PLN,1953,PAID,CARD
809.75,PLN,3334,PAID,BLIK
3756.86,USD,4167,PAID,CARD
4261.95,USD,2956,FAILED,TRANSFER
295.58,PLN,406,PAID,CARD
508.15,EUR,4541,NEW,BLIK
798.82,USD,4510,PAID,CARD
103.8,USD,92,PAID,BLIK
3579.77,USD,4297,PAID,TRANSFER
3318.84,PLN,4969,FAILED,BLIK
4424.91,PLN,1398,FAILED,TRANSFER
3955.65,EUR,3643,FAILED,BLIK
4914.72,USD,2766,FAILED,TRANSFER
3306.79,PLN,24,PAID,BLIK
2283.18,PLN,698,NEW,TRANSFER
4046.48,PLN,260,NEW,TRANSFER
191.56,PLN,500,NEW,TRANSFER
3829.08,PLN,3747,FAILED,CARD
446.66,EUR,44,FAILED,TRANSFER
1870.35,USD,4953,NEW,CARD
3165.08,USD,3614,NEW,CARD
3343.99,PLN,3704,PAID,TRANSFER
2690.34,PLN,2396,FAILED,CARD
3591.92,EUR,435,FAILED,CARD
692.8,EUR,2477,FAILED,BLIK
811.64,EUR,2065,FAILED,BLIK
3109.51,PLN,889,FAILED,CARD
935.27,USD,1876,PAID,CARD
1343.2,PLN,3296,FAILED,TRANSFER
4545.39,USD,3685,NEW,TRANSFER
2755.34,PLN,4475,PAID,BLIK
2152.03,EUR,1780,FAILED,BLIK
2624.33,PLN,2709,PAID,BLIK
3458.3,EUR,3542,NEW,BLIK
4625.82,USD,3036,FAILED,BLIK
1081.92,PLN,4999,PAID,CARD
348.9,EUR,1854,FAILED,BLIK
864.71,USD,4310,PAID,CARD
3855.23,EUR,2741,NEW,TRANSFER
2626.92,EUR,2840,FAILED,TRANSFER
4899.77,EUR,4208,PAID,TRANSFER
2020.66,USD,2147,NEW,CARD
460.93,USD,3518,NEW,TRANSFER
4850.2,USD,266,NEW,CARD
3097.08,PLN,1237,PAID,BLIK
3855.43,EUR,1111,NEW,TRANSFER
761.18,USD,3348,NEW,BLIK
1254.02,USD,2028,NEW,TRANSFER
4323.02,PLN,3287,NEW,TRANSFER
1003.79,PLN,3656,FAILED,BLIK
1798.05,PLN,4772,NEW,BLIK
3113.89,USD,1815,FAILED,CARD
1559.32,EUR,3566,FAILED,CARD
2825.03,USD,605,PAID,BLIK
4563.03,USD,3085,NEW,CARD
2914.76,EUR,1568,PAID,TRANSFER
3024.5,EUR,2443,NEW,TRANSFER
3623.39,PLN,3291,FAILED,TRANSFER
2635.64,PLN,2105,PAID,BLIK
4483.64,EUR,915,FAILED,BLIK
362.07,EUR,1403,NEW,CARD
2525.03,USD,676,NEW,CARD
1530.34,EUR,204,FAILED,CARD
821.6,USD,1063,FAILED,CARD
33.16,USD,4109,NEW,BLIK
3395.75,EUR,1352,PAID,TRANSFER
3788.31,EUR,577,NEW,TRANSFER
393.39,USD,1648,PAID,CARD
1046.46,EUR,4498,FAILED,CARD
578.1,EUR,2077,PAID,TRANSFER
4710.3,EUR,3325,PAID,CARD
4841.93,EUR,2536,NEW,CARD
3547.64,EUR,3910,PAID,TRANSFER
1285.47,USD,2530,FAILED,TRANSFER
4708.2,PLN,3192,FAILED,TRANSFER
1874.54,USD,2613,NEW,CARD
998.37,PLN,3360,FAILED,CARD
1976.63,USD,4215,FAILED,CARD
1078.09,EUR,3416,PAID,BLIK
1719.6,EUR,1260,PAID,CARD
2654.73,EUR,167,FAILED,CARD
534.5,EUR,3692,NEW,TRANSFER
2887.65,EUR,1156,NEW,TRANSFER
563.56,PLN,3662,NEW,TRANSFER
3799.02,USD,1330,NEW,BLIK
465.7,USD,1717,FAILED,TRANSFER
4063.74,EUR,4413,FAILED,CARD
2365.88,USD,1092,FAILED,BLIK
918.79,PLN,3354,NEW,TRANSFER
2556.31,PLN,2209,PAID,CARD
4258.48,PLN,3596,PAID,CARD
4021.96,EUR,3674,PAID,TRANSFER
4636.88,USD,3097,PAID,TRANSFER
3224.05,PLN,3216,PAID,BLIK
2285.28,EUR,3973,PAID,TRANSFER
2566.6,USD,1589,FAILED,BLIK
2568.1,PLN,2417,NEW,BLIK
2266.44,PLN,3879,PAID,CARD
4747.28,USD,482,PAID,BLIK
4865.37,USD,102,PAID,BLIK
553.75,USD,832,PAID,TRANSFER
4710.08,PLN,1667,NEW,TRANSFER
402.67,EUR,3858,PAID,TRANSFER
2791.03,USD,3029,NEW,BLIK
4034.62,USD,3391,PAID,TRANSFER
4006.04,EUR,436,FAILED,CARD
2356.99,EUR,3888,FAILED,TRANSFER
2515.99,USD,721,NEW,CARD
4304.13,PLN,270,PAID,CARD
884.33,USD,441,PAID,BLIK
388.91,EUR,676,PAID,TRANSFER
1898.61,PLN,1424,NEW,CARD
566.95,USD,4839,PAID,CARD
889.14,PLN,4532,FAILED,TRANSFER
1557.1,EUR,3067,PAID,TRANSFER
1361.67,EUR,751,NEW,BLIK
1711.69,USD,2845,FAILED,TRANSFER
1854.95,PLN,244,FAILED,TRANSFER
1788.12,PLN,3698,NEW,TRANSFER
1942.54,PLN,3713,FAILED,CARD
4859.4,EUR,1855,PAID,CARD
4018.52,PLN,1089,NEW,BLIK
1304.68,EUR,862,FAILED,BLIK
1218.05,USD,82,PAID,CARD
215.29,EUR,4624,FAILED,TRANSFER
3822.18,EUR,3878,NEW,CARD
712.23,USD,404,FAILED,BLIK
4329.53,EUR,2843,NEW,BLIK
2878.42,USD,2544,NEW,BLIK
3758.2,PLN,3829,FAILED,CARD
2396.17,PLN,2052,NEW,BLIK
2952.25,EUR,1884,FAILED,CARD
4353.58,EUR,1331,PAID,CARD
4840.57,PLN,735,FAILED,TRANSFER
2987.54,USD,1916,PAID,CARD
1982.52,USD,1713,NEW,CARD
4082.33,USD,3732,PAID,BLIK
2428.99,EUR,3193,NEW,BLIK
2622.77,USD,975,NEW,TRANSFER
3569.06,EUR,1294,PAID,CARD
1795.37,EUR,1863,FAILED,CARD
4217.24,PLN,3696,NEW,TRANSFER
4166.88,EUR,2131,PAID,BLIK
369.07,PLN,1191,PAID,CARD
2394.15,PLN,2541,FAILED,CARD
1062.33,PLN,3179,FAILED,TRANSFER
2776.87,EUR,1335,PAID,CARD
4857.44,EUR,3614,PAID,TRANSFER
2773.2,PLN,2148,NEW,BLIK
226.15,USD,3258,NEW,CARD
3148.96,PLN,3647,FAILED,BLIK
465.94,PLN,27,NEW,BLIK
506.07,EUR,4940,PAID,CARD
2936.67,EUR,4028,FAILED,TRANSFER
1295.04,PLN,4243,FAILED,TRANSFER
187.34,USD,4722,NEW,TRANSFER
2927.43,PLN,2795,NEW,CARD
417.27,PLN,1202,NEW,TRANSFER
2686.25,PLN,4916,NEW,TRANSFER
2814.47,PLN,298,FAILED,CARD
4090.36,USD,2722,PAID,TRANSFER
2641.17,PLN,55,NEW,BLIK
67.1,PLN,4504,NEW,BLIK
252.58,USD,4592,NEW,TRANSFER
3823.57,EUR,1314,FAILED,CARD
4700.95,USD,2421,FAILED,CARD
3629.81,PLN,3659,FAILED,BLIK
3143.61,PLN,2309,FAILED,BLIK
756.76,PLN,2621,FAILED,TRANSFER
4155.86,USD,2745,NEW,CARD
1528.61,PLN,2931,FAILED,TRANSFER
3696.97,EUR,1363,NEW,CARD
4192.95,PLN,4927,PAID,CARD
2145.55,USD,4193,FAILED,CARD
1731.16,EUR,4924,FAILED,TRANSFER
3654.94,USD,1483,NEW,CARD
899.56,EUR,2002,NEW,BLIK
323.12,USD,2426,PAID,CARD
821.13,EUR,2749,FAILED,TRANSFER
4055.69,USD,3636,NEW,CARD
3961.51,EUR,2966,PAID,TRANSFER
1708.75,USD,1253,NEW,BLIK
150.24,USD,4788,NEW,TRANSFER
2979.51,PLN,4803,PAID,TRANSFER
565.55,PLN,2697,FAILED,CARD
1211.06,USD,4731,FAILED,CARD
703.76,EUR,838,FAILED,BLIK
4815.14,EUR,4441,NEW,TRANSFER
314.07,PLN,313,NEW,CARD
3102.5,PLN,4387,FAILED,BLIK
2991.92,PLN,1082,NEW,CARD
4103.37,PLN,2166,FAILED,BLIK
3608.24,PLN,3859,FAILED,TRANSFER
2911.37,PLN,3354,NEW,BLIK
4585.99,PLN,913,PAID,BLIK
3961.96,USD,426,PAID,BLIK
447.27,USD,4191,FAILED,CARD
1713.25,PLN,3579,FAILED,CARD
4325.04,USD,2044,PAID,CARD
2295.19,PLN,1946,NEW,CARD
1336.78,USD,2859,PAID,CARD
2869.94,EUR,2256,FAILED,TRANSFER
2374.95,EUR,577,PAID,TRANSFER
3373.16,PLN,571,FAILED,BLIK
2207.34,USD,158,PAID,BLIK
1394.26,USD,1872,NEW,TRANSFER
1943.69,EUR,1404,PAID,BLIK
2201.77,EUR,3777,FAILED,BLIK
3431.77,USD,767,NEW,TRANSFER
4063.76,USD,3889,PAID,TRANSFER
4754.8,PLN,2160,NEW,TRANSFER
3721.05,PLN,1474,NEW,CARD
2624.06,USD,341,NEW,BLIK
4634.33,PLN,140,FAILED,TRANSFER
4268.35,EUR,4467,NEW,BLIK
1001.08,USD,3342,PAID,TRANSFER
1088.38,PLN,2678,NEW,TRANSFER
2141.1,EUR,4854,FAILED,CARD
3922.36,USD,277,NEW,CARD
2456.11,USD,1106,NEW,BLIK
2508.56,USD,1866,NEW,CARD
3444.79,PLN,2433,NEW,BLIK
4909.43,USD,3333,NEW,TRANSFER
1344.47,USD,1604,NEW,CARD
371.09,PLN,2130,PAID,TRANSFER
1704.22,EUR,1669,NEW,BLIK
3736.74,USD,2266,PAID,TRANSFER
4447.48,EUR,3057,NEW,TRANSFER
3266.25,USD,1532,PAID,CARD
2294.0,PLN,1894,NEW,TRANSFER
2630.56,PLN,1439,PAID,BLIK
49.59,PLN,2813,FAILED,CARD
2540.6,EUR,3210,FAILED,CARD
1140.67,USD,494,PAID,CARD
3684.42,USD,2070,FAILED,BLIK
251.68,PLN,2742,NEW,CARD
652.4,EUR,3922,NEW,BLIK
2125.17,USD,460,NEW,CARD
4359.33,USD,3294,PAID,CARD
2840.71,PLN,1108,FAILED,TRANSFER
2014.22,USD,4345,PAID,BLIK
3972.18,USD,880,NEW,BLIK
3061.5,USD,2320,FAILED,TRANSFER
1989.89,USD,4245,FAILED,CARD
117.72,USD,4698,FAILED,BLIK
551.78,EUR,3985,NEW,BLIK
2378.88,USD,2491,FAILED,TRANSFER
1055.61,USD,3017,NEW,CARD
1984.91,USD,4096,NEW,BLIK
4974.87,USD,1861,PAID,CARD
647.21,PLN,3063,FAILED,CARD
2295.8,PLN,630,FAILED,CARD
4927.42,EUR,2033,NEW,BLIK
2240.87,EUR,667,NEW,BLIK
4436.75,PLN,3624,FAILED,CARD
155.17,USD,715,NEW,TRANSFER
1811.73,PLN,2932,PAID,BLIK
4561.21,USD,2276,PAID,BLIK
1422.98,EUR,2079,PAID,CARD
2972.91,EUR,2369,NEW,BLIK
1550.2,PLN,1327,NEW,CARD
4808.6,EUR,4216,FAILED,CARD
1336.83,USD,35,NEW,BLIK
1320.45,USD,2837,PAID,CARD
2433.35,EUR,1622,FAILED,CARD
1520.39,PLN,4030,PAID,BLIK
231.78,PLN,2043,NEW,CARD
4973.82,EUR,4253,FAILED,TRANSFER
4524.94,USD,1536,NEW,BLIK
3313.81,EUR,1252,FAILED,BLIK
2455.89,USD,1584,NEW,BLIK
3999.82,EUR,2599,NEW,BLIK
638.91,PLN,879,NEW,BLIK
2143.7,EUR,2007,NEW,TRANSFER
855.22,USD,3385,NEW,TRANSFER
252.05,EUR,1320,NEW,TRANSFER
1661.76,PLN,1092,FAILED,CARD
535.68,EUR,4176,NEW,TRANSFER
2725.25,EUR,1802,FAILED,TRANSFER
4049.18,USD,3699,NEW,TRANSFER
2080.48,PLN,866,NEW,CARD
4304.43,EUR,1203,FAILED,CARD
1728.45,USD,1859,FAILED,BLIK
819.96,EUR,2187,FAILED,TRANSFER
4184.87,USD,2032,PAID,BLIK
1385.2,PLN,372,FAILED,BLIK
4555.51,USD,4883,PAID,BLIK
606.49,EUR,2574,NEW,CARD
1810.97,EUR,847,PAID,CARD
1347.91,EUR,2949,FAILED,CARD
1955.8,EUR,2764,NEW,BLIK
3896.73,EUR,3217,PAID,TRANSFER
2577.38,EUR,614,PAID,BLIK
1854.07,USD,4497,PAID,BLIK
2646.62,PLN,2937,FAILED,TRANSFER
1459.97,USD,3968,NEW,CARD
2672.0,EUR,447,PAID,BLIK
4924.22,EUR,4157,PAID,BLIK
4329.07,USD,4085,PAID,CARD
2539.75,PLN,1418,FAILED,BLIK
38.88,EUR,54,NEW,CARD
611.7,PLN,2981,NEW,BLIK
3283.93,EUR,3189,FAILED,TRANSFER
4845.25,USD,1091,NEW,BLIK
4398.37,USD,4721,NEW,TRANSFER
4274.73,USD,1048,NEW,CARD
3150.72,PLN,3858,PAID,BLIK
2003.64,USD,2225,FAILED,CARD
1533.72,USD,3047,NEW,CARD
4206.23,PLN,2991,FAILED,BLIK
114.48,EUR,2976,FAILED,TRANSFER
1498.89,PLN,2748,FAILED,TRANSFER
814.76,USD,1155,PAID,TRANSFER
2013.16,EUR,618,PAID,TRANSFER
2615.25,USD,3254,PAID,TRANSFER
2297.43,PLN,3585,NEW,CARD
809.85,PLN,3237,PAID,CARD
534.16,EUR,4439,FAILED,CARD
495.39,PLN,960,NEW,BLIK
3332.23,USD,1956,NEW,BLIK
3663.42,PLN,4999,NEW,BLIK
510.63,EUR,1103,PAID,TRANSFER
1003.67,USD,3580,FAILED,BLIK
3179.45,PLN,3130,PAID,TRANSFER
1846.04,EUR,4200,PAID,TRANSFER
4486.64,PLN,587,PAID,BLIK
1427.28,PLN,2146,NEW,CARD
1733.85,EUR,4823,NEW,TRANSFER
1643.02,USD,4762,PAID,CARD
1645.38,USD,418,NEW,TRANSFER
2006.57,USD,3803,PAID,CARD
2966.67,PLN,2570,FAILED,BLIK
4718.5,EUR,1904,FAILED,TRANSFER
3515.45,USD,2100,PAID,CARD
2094.82,USD,380,FAILED,TRANSFER
3274.34,PLN,4111,FAILED,BLIK
3097.02,PLN,2287,PAID,BLIK
1186.09,USD,3804,PAID,TRANSFER
3513.57,PLN,4503,PAID,CARD
2471.55,PLN,3851,PAID,BLIK
1625.75,USD,1910,NEW,BLIK
43.71,EUR,2273,NEW,TRANSFER
1890.57,USD,1459,FAILED,BLIK
4032.86,EUR,934,FAILED,BLIK
4718.76,PLN,4885,FAILED,CARD
1356.67,USD,3788,PAID,BLIK
3727.4,EUR,3743,PAID,CARD
3543.24,PLN,3543,NEW,CARD
3592.85,USD,1541,PAID,BLIK
1453.84,PLN,3284,FAILED,BLIK
4995.15,PLN,4355,NEW,BLIK
1938.42,USD,1952,PAID,BLIK
2160.81,PLN,300,PAID,TRANSFER
1434.74,EUR,1220,FAILED,CARD
2597.11,USD,3026,FAILED,CARD
2100.02,USD,4197,NEW,BLIK
1819.42,PLN,4576,FAILED,BLIK
3298.57,PLN,3282,PAID,CARD
1610.43,PLN,4096,FAILED,CARD
4897.69,EUR,4357,FAILED,TRANSFER
1233.53,PLN,2721,PAID,BLIK
2373.42,PLN,3135,PAID,BLIK
2065.59,EUR,2533,FAILED,CARD
2140.08,EUR,2620,FAILED,BLIK
2146.4,EUR,1465,PAID,CARD
2888.9,EUR,3979,FAILED,TRANSFER
4447.31,PLN,1561,FAILED,CARD
3469.48,USD,2327,PAID,BLIK
1679.57,PLN,1379,NEW,CARD
3052.96,USD,1055,NEW,CARD
2993.41,EUR,2090,FAILED,TRANSFER
107.21,USD,3299,NEW,BLIK
2315.67,PLN,1006,NEW,BLIK
2082.19,USD,2756,NEW,TRANSFER
4335.45,PLN,1843,NEW,CARD
835.44,USD,1770,PAID,CARD
19.51,EUR,1627,FAILED,CARD
142.14,PLN,2554,NEW,BLIK
2519.27,PLN,2120,NEW,CARD
3551.52,USD,4632,PAID,BLIK
4070.86,EUR,901,PAID,TRANSFER
493.66,USD,4412,FAILED,BLIK
3452.41,PLN,4137,NEW,CARD
895.73,PLN,2674,NEW,BLIK
3828.64,USD,2950,PAID,TRANSFER
4494.67,EUR,2599,PAID,BLIK
3886.24,PLN,1697,PAID,CARD
1991.15,USD,4847,PAID,BLIK
847.23,PLN,2843,FAILED,BLIK
4651.65,EUR,1874,NEW,BLIK
43.55,PLN,3762,NEW,BLIK
3029.59,PLN,791,PAID,BLIK
4178.3,PLN,3296,NEW,CARD
3347.18,PLN,725,NEW,BLIK
1200.97,USD,89,PAID,BLIK
4038.24,EUR,4310,FAILED,BLIK
1112.16,EUR,4701,PAID,BLIK
3137.93,USD,4682,PAID,BLIK
3666.93,USD,3620,NEW,TRANSFER
1983.65,PLN,2843,NEW,TRANSFER
902.52,EUR,3933,FAILED,BLIK
2234.33,USD,964,FAILED,CARD
2057.51,EUR,2409,FAILED,CARD
4990.44,EUR,1965,FAILED,BLIK
4501.37,USD,942,NEW,BLIK
2817.92,USD,1397,NEW,CARD
3973.97,USD,3580,PAID,CARD
1479.2,PLN,2517,PAID,TRANSFER
1322.49,PLN,2709,PAID,BLIK
2890.43,USD,1879,FAILED,TRANSFER
1860.57,PLN,1278,FAILED,TRANSFER
3069.5,EUR,1934,FAILED,CARD
2265.63,PLN,3023,NEW,TRANSFER
2596.18,PLN,2428,NEW,BLIK
697.42,EUR,2915,FAILED,CARD
789.05,EUR,1324,FAILED,TRANSFER
3632.21,EUR,2137,FAILED,BLIK
4843.85,USD,784,FAILED,BLIK
1176.13,USD,2946,FAILED,TRANSFER
265.05,USD,3753,NEW,BLIK
3746.54,PLN,2819,FAILED,CARD
4589.9,PLN,4658,PAID,TRANSFER
1585.05,USD,3680,PAID,TRANSFER
1795.9,EUR,4326,PAID,CARD
362.73,EUR,4999,PAID,BLIK
1853.86,PLN,3029,FAILED,BLIK
4046.49,USD,4685,FAILED,TRANSFER
2832.4,USD,2332,NEW,TRANSFER
3953.17,PLN,860,PAID,TRANSFER
1616.16,PLN,1726,NEW,TRANSFER
153.64,PLN,727,PAID,TRANSFER
3056.43,USD,2525,PAID,BLIK
244.15,PLN,3646,NEW,BLIK
3219.86,EUR,3356,PAID,TRANSFER
1831.33,USD,1867,PAID,TRANSFER
4362.09,USD,2892,PAID,TRANSFER
430.87,USD,4151,NEW,TRANSFER
4708.73,USD,760,FAILED,CARD
1832.26,PLN,2704,PAID,TRANSFER
2561.1,USD,1317,NEW,CARD
3137.69,USD,2268,PAID,BLIK
52.8,USD,4162,NEW,CARD
4141.97,EUR,2195,PAID,BLIK
4720.0,EUR,3032,FAILED,TRANSFER
3856.31,USD,3427,PAID,TRANSFER
1324.59,EUR,4441,NEW,CARD
159.53,USD,2113,NEW,TRANSFER
1279.72,EUR,4256,FAILED,TRANSFER
938.65,USD,1769,FAILED,BLIK
4331.58,PLN,4222,NEW,TRANSFER
3130.99,USD,1542,NEW,CARD
4125.82,USD,151,NEW,CARD
4600.11,EUR,4781,FAILED,TRANSFER
222.73,PLN,1732,NEW,BLIK
1677.76,EUR,2653,NEW,BLIK
1923.73,PLN,1952,FAILED,CARD
3662.78,EUR,117,FAILED,CARD
1454.05,PLN,2554,NEW,CARD
3152.48,EUR,4275,PAID,CARD
2343.11,PLN,2547,NEW,TRANSFER
1758.24,PLN,1718,PAID,TRANSFER
1817.44,USD,4469,PAID,TRANSFER
1283.53,PLN,3851,PAID,BLIK
2024.13,EUR,2132,NEW,CARD
2282.96,EUR,4008,FAILED,CARD
1327.01,PLN,2761,NEW,CARD
3759.95,USD,1331,FAILED,CARD
273.14,PLN,1328,NEW,TRANSFER
4043.17,EUR,4977,NEW,TRANSFER
3820.0,EUR,2494,NEW,BLIK
4147.26,USD,4922,FAILED,BLIK
519.89,PLN,304,PAID,TRANSFER
4465.28,EUR,4236,PAID,CARD
2151.34,EUR,3483,PAID,CARD
66.97,USD,922,PAID,TRANSFER
4101.45,USD,1403,NEW,TRANSFER
3528.65,PLN,3286,NEW,BLIK
2657.44,EUR,3579,PAID,BLIK
2042.36,USD,2400,NEW,TRANSFER
3917.15,USD,397,PAID,BLIK
4072.53,EUR,1826,FAILED,CARD
12.61,USD,4240,FAILED,CARD
901.88,EUR,968,NEW,BLIK
521.59,PLN,3432,NEW,BLIK
3575.5,USD,4849,NEW,TRANSFER
1326.22,EUR,271,PAID,TRANSFER
2479.21,PLN,2110,NEW,BLIK
2228.76,EUR,1730,NEW,TRANSFER
800.19,USD,4930,FAILED,BLIK
4880.66,EUR,469,PAID,TRANSFER
4438.89,PLN,1549,FAILED,CARD
2016.85,PLN,4989,NEW,CARD
946.88,PLN,4528,FAILED,TRANSFER
2774.32,USD,1145,PAID,TRANSFER
775.74,USD,1270,FAILED,TRANSFER
4555.38,PLN,514,NEW,TRANSFER
1677.48,PLN,2213,NEW,BLIK
4615.22,USD,4822,PAID,TRANSFER
2680.85,PLN,3322,FAILED,CARD
2357.24,USD,4227,NEW,TRANSFER
1601.23,PLN,1096,PAID,CARD
3938.14,EUR,3848,PAID,BLIK
4119.04,USD,505,PAID,BLIK
1977.01,EUR,2653,PAID,CARD
2131.68,USD,680,PAID,CARD
2779.8,PLN,1812,NEW,BLIK
4962.53,EUR,3721,NEW,CARD
4213.88,EUR,2251,PAID,BLIK
290.97,PLN,2744,PAID,CARD
1338.28,EUR,4513,FAILED,CARD
1319.82,EUR,2516,NEW,TRANSFER
2799.9,USD,3649,PAID,BLIK
2007.56,USD,78,NEW,CARD
1261.44,EUR,1428,NEW,CARD
3959.48,EUR,3537,NEW,BLIK
1271.65,EUR,3340,PAID,CARD
141.92,USD,3361,FAILED,TRANSFER
2485.15,EUR,4352,FAILED,CARD
1047.97,EUR,3955,NEW,TRANSFER
3817.29,PLN,4611,FAILED,BLIK
37.39,EUR,2993,PAID,BLIK
2661.5,USD,1028,PAID,BLIK
3912.22,EUR,3630,FAILED,CARD
1186.3,USD,1872,NEW,TRANSFER
3043.82,USD,2987,FAILED,CARD
1567.65,PLN,3602,FAILED,BLIK
601.21,EUR,1227,PAID,TRANSFER
4769.65,USD,1658,FAILED,BLIK
3453.26,EUR,724,NEW,TRANSFER
1357.75,EUR,1954,FAILED,CARD
4960.19,USD,3487,PAID,CARD
1393.66,EUR,4601,PAID,BLIK
3483.53,PLN,2577,FAILED,CARD
655.56,USD,2396,PAID,BLIK
4151.78,USD,785,FAILED,TRANSFER
3138.92,USD,540,FAILED,CARD
4208.41,USD,3251,PAID,TRANSFER
1298.95,PLN,3195,FAILED,BLIK
1755.19,EUR,4987,FAILED,CARD
1177.64,EUR,454,NEW,TRANSFER
1459.79,EUR,4125,NEW,BLIK
1185.16,USD,4376,FAILED,BLIK
4758.67,USD,14,PAID,CARD
4315.68,USD,3712,NEW,BLIK
1679.11,EUR,1799,NEW,CARD
1979.57,PLN,441,NEW,CARD
3349.68,PLN,4256,PAID,BLIK
1857.8,EUR,1414,PAID,TRANSFER
4032.25,PLN,1878,FAILED,TRANSFER
2702.1,USD,1561,FAILED,CARD
2662.28,USD,4475,FAILED,TRANSFER
3892.29,USD,2949,PAID,TRANSFER
2249.31,USD,2853,PAID,CARD
3474.35,EUR,3517,NEW,BLIK
4373.86,PLN,3705,NEW,TRANSFER
1812.44,EUR,157,PAID,TRANSFER
4312.41,EUR,3132,FAILED,BLIK
4223.19,PLN,2943,FAILED,CARD
4335.87,PLN,2709,FAILED,BLIK
21.0,USD,1499,PAID,BLIK
899.79,EUR,1770,PAID,TRANSFER
4029.19,EUR,1712,PAID,CARD
4083.14,EUR,610,FAILED,BLIK
765.54,USD,4995,FAILED,TRANSFER
4764.25,PLN,497,PAID,CARD
3456.96,PLN,2109,PAID,BLIK
931.82,EUR,1850,NEW,BLIK
401.41,PLN,1162,NEW,CARD
1293.13,EUR,3325,PAID,CARD
1920.35,PLN,1645,PAID,TRANSFER
1767.04,PLN,1971,FAILED,TRANSFER
2144.37,PLN,4869,PAID,CARD
1501.18,USD,3174,NEW,TRANSFER
1609.05,PLN,3306,FAILED,CARD
2318.35,EUR,3296,FAILED,TRANSFER
2679.24,PLN,1016,FAILED,TRANSFER
3571.53,EUR,3062,NEW,BLIK
829.35,PLN,4276,NEW,BLIK
329.6,USD,2525,NEW,BLIK
657.36,EUR,277,FAILED,CARD
2006.2,EUR,4885,FAILED,TRANSFER
18.99,PLN,4536,FAILED,TRANSFER
2352.21,USD,2348,FAILED,CARD
106.63,USD,536,NEW,CARD
4010.78,EUR,3832,PAID,BLIK
180.69,USD,1527,PAID,BLIK
965.5,EUR,3829,PAID,TRANSFER
3485.44,EUR,1339,PAID,CARD
3619.91,EUR,1004,FAILED,BLIK
3090.76,PLN,3373,FAILED,TRANSFER
313.66,USD,2774,PAID,CARD
4809.86,PLN,3978,FAILED,BLIK
800.94,PLN,2542,PAID,CARD
1675.69,USD,1355,NEW,TRANSFER
4659.62,EUR,2828,FAILED,CARD
3255.3,USD,237,NEW,TRANSFER
1822.4,USD,1046,PAID,TRANSFER
382.53,USD,3318,NEW,TRANSFER
2828.56,PLN,1574,PAID,BLIK
1674.36,USD,2809,FAILED,CARD
3776.51,PLN,688,PAID,CARD
1427.52,USD,2351,FAILED,TRANSFER
1561.41,USD,4636,NEW,BLIK
242.57,EUR,4493,FAILED,BLIK
2951.37,PLN,4129,NEW,BLIK
3882.93,EUR,3796,FAILED,CARD
2066.73,EUR,3944,NEW,TRANSFER
1370.42,EUR,4812,PAID,TRANSFER
4143.05,USD,3599,FAILED,BLIK
3752.02,USD,4648,FAILED,BLIK
537.79,USD,2449,PAID,CARD
476.25,PLN,1407,FAILED,BLIK
4668.35,PLN,2179,PAID,TRANSFER
4406.54,USD,4394,PAID,BLIK
1473.92,USD,4003,NEW,CARD
4203.7,EUR,39,NEW,CARD
4262.44,USD,3622,PAID,TRANSFER
1496.93,PLN,3693,NEW,TRANSFER
4418.0,PLN,1274,PAID,BLIK
3332.19,PLN,3346,FAILED,BLIK
1971.25,PLN,819,NEW,CARD
1414.65,PLN,3379,NEW,TRANSFER
2898.82,USD,4533,FAILED,BLIK
2408.41,PLN,4924,PAID,BLIK
1923.79,USD,1661,PAID,BLIK
1016.27,PLN,755,FAILED,BLIK
406.68,USD,4953,NEW,TRANSFER
3327.74,USD,4586,FAILED,TRANSFER
4653.8,PLN,3627,PAID,BLIK
3821.72,PLN,4106,FAILED,CARD
339.77,PLN,1541,PAID,TRANSFER
3030.37,USD,729,PAID,CARD
1547.94,USD,2333,FAILED,BLIK
394.69,EUR,1901,NEW,TRANSFER
4006.13,EUR,3701,PAID,CARD
4062.96,EUR,504,FAILED,TRANSFER
3302.85,PLN,4757,FAILED,TRANSFER
783.59,PLN,3366,FAILED,BLIK
1182.56,EUR,2927,FAILED,BLIK
1797.58,PLN,2312,NEW,BLIK
4343.57,EUR,835,PAID,CARD
4976.62,PLN,4284,PAID,TRANSFER
1842.46,EUR,449,FAILED,CARD
177.57,EUR,1028,PAID,TRANSFER
3410.66,PLN,2196,PAID,TRANSFER
1312.0,EUR,1123,FAILED,BLIK
4561.03,EUR,1215,PAID,TRANSFER
4148.42,EUR,2790,NEW,CARD
3445.52,USD,671,PAID,BLIK
4090.34,USD,3728,FAILED,BLIK
809.6,PLN,3684,PAID,TRANSFER
4753.56,EUR,733,PAID,TRANSFER
2186.21,PLN,4811,PAID,BLIK
2085.58,PLN,4509,FAILED,CARD
3385.77,PLN,4756,PAID,TRANSFER
2964.14,EUR,3527,PAID,CARD
205.67,USD,66,NEW,TRANSFER
4178.55,EUR,4621,NEW,BLIK
3331.89,USD,1868,FAILED,TRANSFER
952.44,EUR,246,PAID,CARD
2598.35,USD,1336,PAID,TRANSFER
1144.03,PLN,977,PAID,CARD
1871.98,EUR,57,FAILED,TRANSFER
1525.84,USD,2285,FAILED,CARD
4633.06,PLN,1789,FAILED,TRANSFER
529.65,PLN,799,PAID,CARD
355.98,EUR,716,NEW,CARD
672.26,USD,3507,FAILED,BLIK
1076.04,EUR,1781,PAID,BLIK
4988.27,PLN,4398,PAID,CARD
4829.98,PLN,2903,PAID,TRANSFER
2767.19,EUR,2913,NEW,CARD
74.48,USD,2174,FAILED,CARD
974.97,USD,2895,NEW,BLIK
2766.18,EUR,828,FAILED,CARD
1575.05,PLN,1853,FAILED,CARD
4671.58,USD,1543,PAID,TRANSFER
2129.37,EUR,3747,FAILED,CARD
461.75,USD,3346,PAID,CARD
938.27,EUR,568,PAID,CARD
1926.42,PLN,2196,PAID,BLIK
4336.06,EUR,2244,PAID,TRANSFER
656.88,PLN,506,FAILED,BLIK
1138.72,EUR,969,PAID,BLIK
3573.97,PLN,3548,NEW,TRANSFER
375.22,PLN,4067,FAILED,TRANSFER
3003.45,PLN,3053,PAID,CARD
2920.2,EUR,449,NEW,TRANSFER
1582.86,EUR,1390,FAILED,BLIK
3232.61,USD,1773,PAID,TRANSFER
3691.29,EUR,2581,PAID,BLIK
2862.44,EUR,4620,PAID,CARD
2150.6,EUR,1845,PAID,TRANSFER
520.22,EUR,170,NEW,TRANSFER
1002.06,USD,2154,NEW,BLIK
3086.14,EUR,3391,PAID,CARD
4495.4,PLN,308,PAID,TRANSFER
1211.85,PLN,2129,FAILED,CARD
3499.63,EUR,1816,NEW,BLIK
4258.12,PLN,3313,NEW,TRANSFER
2881.2,USD,4854,FAILED,CARD
3837.52,USD,4736,PAID,TRANSFER
4836.47,USD,2407,FAILED,BLIK
33.45,PLN,3149,FAILED,CARD
2076.18,EUR,1071,PAID,CARD
1358.42,USD,1420,NEW,TRANSFER
3326.08,EUR,1626,PAID,TRANSFER
3075.79,PLN,2382,NEW,BLIK
811.51,EUR,2997,NEW,CARD
4613.89,EUR,3798,PAID,TRANSFER
1848.67,EUR,196,PAID,BLIK
1416.87,EUR,4483,FAILED,TRANSFER
2358.52,PLN,338,PAID,CARD
4464.7,PLN,4415,NEW,CARD
3683.24,PLN,2891,PAID,BLIK
4431.39,USD,50,PAID,TRANSFER
3072.61,USD,3517,NEW,BLIK
332.6,USD,1537,PAID,CARD
2035.64,PLN,2354,FAILED,CARD
3125.04,PLN,1670,PAID,BLIK
906.62,USD,3094,PAID,CARD
2293.33,USD,1476,PAID,BLIK
1413.7,EUR,1844,FAILED,CARD
3241.95,PLN,2392,NEW,CARD
1656.88,EUR,302,PAID,TRANSFER
2844.22,PLN,159,FAILED,CARD
4001.43,EUR,2717,FAILED,CARD
2746.44,PLN,3433,NEW,BLIK
276.63,PLN,1719,PAID,BLIK
577.16,EUR,777,NEW,TRANSFER
4619.63,PLN,2600,NEW,CARD
4965.53,USD,4865,PAID,CARD
57.66,EUR,2976,FAILED,CARD
2568.98,EUR,4918,FAILED,BLIK
1698.55,PLN,1187,NEW,TRANSFER
2655.54,EUR,3549,NEW,BLIK
2692.27,PLN,1009,PAID,BLIK
2608.84,PLN,1624,PAID,TRANSFER
1102.55,PLN,2149,PAID,BLIK
1853.02,PLN,2246,NEW,CARD
470.78,EUR,113,PAID,BLIK
194.07,EUR,1065,FAILED,CARD
3959.71,PLN,910,NEW,BLIK
2059.76,EUR,2054,FAILED,CARD
4252.74,USD,1073,PAID,TRANSFER
1342.93,PLN,3323,FAILED,CARD
1880.15,USD,3632,PAID,BLIK
248.63,PLN,4111,FAILED,CARD
726.58,PLN,2389,FAILED,BLIK
3864.41,USD,4969,NEW,TRANSFER
836.31,EUR,3978,NEW,BLIK
4187.43,USD,2491,FAILED,CARD
3225.23,PLN,3038,NEW,CARD
1371.57,EUR,3969,FAILED,CARD
2315.38,PLN,1731,FAILED,TRANSFER
1193.89,EUR,1375,PAID,TRANSFER
833.88,PLN,1915,FAILED,TRANSFER
4036.22,USD,3974,PAID,CARD
4512.85,EUR,48,NEW,CARD
4109.16,PLN,2359,PAID,TRANSFER
4084.07,EUR,4646,FAILED,TRANSFER
4070.31,EUR,1187,FAILED,TRANSFER
765.16,EUR,475,FAILED,BLIK
4888.14,PLN,622,NEW,TRANSFER
4865.81,EUR,843,FAILED,BLIK
3431.23,PLN,2810,NEW,TRANSFER
709.88,PLN,3019,PAID,TRANSFER
2137.84,PLN,3514,NEW,CARD
1089.51,PLN,2571,FAILED,TRANSFER
1364.17,USD,2235,PAID,TRANSFER
213.39,USD,4396,FAILED,CARD
3914.93,USD,3303,NEW,TRANSFER
1583.35,PLN,905,PAID,BLIK
2584.81,USD,4811,NEW,CARD
4858.68,PLN,3543,PAID,TRANSFER
1221.25,USD,3061,PAID,CARD
1814.89,EUR,4511,NEW,TRANSFER
4218.79,EUR,877,PAID,BLIK
1202.65,EUR,1162,PAID,CARD
2163.83,USD,2304,NEW,CARD
304.6,EUR,1227,NEW,CARD
361.91,PLN,768,FAILED,CARD
2861.77,USD,4992,FAILED,BLIK
768.03,EUR,2650,NEW,CARD
4789.43,EUR,263,FAILED,TRANSFER
1245.24,USD,3472,FAILED,BLIK
668.67,EUR,24,FAILED,TRANSFER
2110.94,USD,2351,FAILED,TRANSFER
3598.72,PLN,2799,NEW,BLIK
3928.49,USD,1275,FAILED,TRANSFER
1563.47,EUR,1262,PAID,BLIK
4924.07,USD,646,NEW,CARD
3845.91,PLN,36,NEW,TRANSFER
4135.19,EUR,3857,PAID,TRANSFER
3949.56,EUR,3899,PAID,CARD
2837.54,EUR,1239,NEW,TRANSFER
1061.16,PLN,2632,FAILED,CARD
3232.33,PLN,3257,FAILED,CARD
3182.57,USD,4135,FAILED,BLIK
341.3,USD,4895,PAID,CARD
490.04,PLN,833,PAID,BLIK
4522.13,EUR,4525,NEW,CARD
196.84,EUR,4041,FAILED,TRANSFER
3502.78,USD,4874,PAID,TRANSFER
2078.68,USD,2473,NEW,CARD
4531.96,PLN,4968,PAID,CARD
232.28,EUR,3064,FAILED,TRANSFER
3899.05,USD,796,NEW,BLIK
2000.4,PLN,2752,PAID,CARD
2414.51,PLN,1032,PAID,TRANSFER
3959.45,PLN,1309,PAID,CARD
1645.68,EUR,870,NEW,CARD
2200.65,USD,1910,FAILED,BLIK
3238.4,EUR,4837,NEW,CARD
1960.64,PLN,3826,FAILED,TRANSFER
2453.8,PLN,4856,NEW,TRANSFER
4182.41,PLN,4690,NEW,CARD
4519.84,PLN,2649,NEW,TRANSFER
1962.55,EUR,4183,PAID,CARD
2093.21,PLN,1939,PAID,CARD
582.68,USD,663,FAILED,CARD
4295.71,EUR,327,PAID,TRANSFER
3744.14,EUR,824,FAILED,CARD
2753.42,EUR,4625,FAILED,TRANSFER
4026.25,PLN,140,FAILED,CARD
4919.54,PLN,2997,PAID,TRANSFER
3893.75,PLN,3215,PAID,BLIK
3230.55,EUR,3232,NEW,CARD
2729.53,USD,2038,NEW,CARD
1380.62,EUR,2591,FAILED,CARD
318.84,EUR,976,FAILED,TRANSFER
3090.77,EUR,2222,FAILED,TRANSFER
2848.61,PLN,569,FAILED,TRANSFER
950.95,PLN,949,PAID,TRANSFER
438.44,EUR,2063,PAID,TRANSFER
201.67,PLN,3948,PAID,BLIK
843.52,EUR,2739,PAID,BLIK
2991.56,PLN,4961,NEW,TRANSFER
3949.51,USD,2491,NEW,TRANSFER
1682.43,EUR,852,NEW,CARD
796.31,EUR,2284,NEW,BLIK
3484.88,PLN,1305,FAILED,TRANSFER
675.44,EUR,3006,NEW,TRANSFER
1062.24,EUR,4604,NEW,BLIK
2487.54,PLN,4799,FAILED,BLIK
1943.64,PLN,1460,NEW,BLIK
2317.37,PLN,4521,FAILED,BLIK
3290.82,EUR,2959,PAID,BLIK
3519.32,USD,4881,PAID,CARD
1870.49,PLN,2683,FAILED,BLIK
3565.2,PLN,2036,PAID,CARD
3538.26,PLN,2360,FAILED,BLIK
3580.23,USD,4560,NEW,TRANSFER
3356.49,PLN,750,PAID,BLIK
4801.33,EUR,457,PAID,TRANSFER
1747.95,USD,757,FAILED,TRANSFER
4675.5,PLN,2955,PAID,CARD
2306.29,USD,757,FAILED,BLIK
789.55,USD,1533,PAID,CARD
583.14,USD,3047,NEW,CARD
3041.26,EUR,1017,PAID,CARD
3129.59,USD,2729,FAILED,BLIK
1091.43,PLN,2782,PAID,BLIK
4681.23,EUR,1751,NEW,CARD
1440.44,EUR,1978,PAID,TRANSFER
4100.73,USD,511,PAID,BLIK
4021.05,USD,2974,PAID,BLIK
3602.8,PLN,3081,NEW,TRANSFER
2100.94,USD,3796,PAID,BLIK
1085.41,EUR,1392,FAILED,BLIK
2659.53,EUR,3453,FAILED,CARD
3229.91,USD,310,FAILED,TRANSFER
3868.62,EUR,82,PAID,CARD
552.43,PLN,3044,FAILED,BLIK
1864.11,EUR,29,FAILED,CARD
3091.17,PLN,3032,FAILED,CARD
4812.77,PLN,2965,NEW,CARD
2117.89,PLN,4907,PAID,TRANSFER
607.89,PLN,2293,FAILED,BLIK
185.63,PLN,701,PAID,TRANSFER
2070.93,PLN,2204,FAILED,TRANSFER
792.76,USD,4000,NEW,TRANSFER
1786.16,PLN,1200,NEW,BLIK
3456.36,EUR,2697,FAILED,TRANSFER
2034.38,EUR,1879,NEW,CARD
2726.87,USD,4709,NEW,TRANSFER
4265.6,EUR,107,FAILED,CARD
3604.42,EUR,2131,FAILED,TRANSFER
1762.77,EUR,1833,FAILED,BLIK
4455.14,EUR,4560,FAILED,CARD
1412.37,PLN,2031,PAID,BLIK
3972.24,USD,2485,NEW,TRANSFER
179.78,EUR,3051,NEW,TRANSFER
1272.15,EUR,1252,NEW,CARD
4936.86,USD,2545,PAID,CARD
3362.96,EUR,1802,NEW,BLIK
729.64,USD,162,FAILED,BLIK
777.1,EUR,4674,FAILED,TRANSFER
3272.79,EUR,4655,FAILED,CARD
315.06,PLN,1022,PAID,CARD
1015.76,EUR,4623,PAID,CARD
3117.33,PLN,3855,FAILED,TRANSFER
3241.92,PLN,2736,FAILED,CARD
3741.42,EUR,860,NEW,BLIK
936.65,PLN,1713,FAILED,BLIK
385.56,USD,1227,NEW,TRANSFER
2642.62,EUR,3360,NEW,BLIK
3084.34,USD,1386,FAILED,CARD
2686.43,PLN,2923,NEW,BLIK
879.7,USD,1290,PAID,TRANSFER
2075.18,PLN,154,PAID,BLIK
4387.38,EUR,4996,PAID,BLIK
4319.61,PLN,2201,FAILED,TRANSFER
4551.09,USD,195,PAID,CARD
100.7,EUR,4887,PAID,CARD
4517.49,EUR,182,FAILED,BLIK
4709.33,USD,3215,NEW,BLIK
1009.11,PLN,1170,PAID,TRANSFER
678.68,EUR,2979,NEW,BLIK
1185.82,USD,1624,NEW,TRANSFER
1983.24,PLN,2824,NEW,BLIK
3696.35,USD,2629,NEW,BLIK
2753.49,USD,103,PAID,CARD
2846.73,PLN,1411,PAID,BLIK
3264.26,EUR,4825,PAID,BLIK
3507.57,PLN,1654,NEW,CARD
4665.55,USD,2321,NEW,CARD
1410.26,USD,4964,PAID,CARD
771.03,PLN,126,NEW,TRANSFER
1718.31,USD,3879,NEW,TRANSFER
2640.85,USD,331,NEW,BLIK
759.79,PLN,4096,PAID,CARD
3081.88,PLN,4438,PAID,TRANSFER
680.91,PLN,1729,PAID,TRANSFER
2660.79,PLN,3191,NEW,TRANSFER
1813.35,PLN,3365,FAILED,BLIK
2851.19,PLN,234,PAID,CARD
4243.21,PLN,1936,NEW,CARD
637.42,USD,3355,PAID,CARD
2604.38,PLN,503,FAILED,TRANSFER
3770.6,USD,579,FAILED,BLIK
1325.05,EUR,611,PAID,BLIK
3965.31,PLN,1218,NEW,BLIK
4852.16,PLN,3,PAID,CARD
3502.4,EUR,806,FAILED,BLIK
4438.18,USD,728,NEW,TRANSFER
2905.74,USD,1219,PAID,CARD
2347.59,USD,4994,FAILED,BLIK
3994.67,EUR,4762,NEW,TRANSFER
1528.3,PLN,3029,NEW,CARD
936.6,PLN,3773,NEW,TRANSFER
387.4,PLN,4326,NEW,CARD
297.98,PLN,4762,FAILED,TRANSFER
1577.9,USD,1676,FAILED,BLIK
465.32,EUR,1555,FAILED,CARD
327.38,EUR,4332,NEW,CARD
898.56,EUR,1555,PAID,CARD
944.93,PLN,100,FAILED,CARD
1602.23,USD,4844,NEW,CARD
864.71,PLN,38,PAID,TRANSFER
2325.35,PLN,1034,NEW,CARD
1010.76,EUR,1065,NEW,BLIK
2437.42,EUR,3652,FAILED,BLIK
748.78,EUR,4206,FAILED,TRANSFER
782.09,PLN,3611,NEW,BLIK
4782.77,PLN,765,PAID,BLIK
3458.88,PLN,3113,PAID,CARD
4951.39,EUR,1495,FAILED,TRANSFER
495.49,USD,4433,FAILED,TRANSFER
2759.77,USD,2482,FAILED,BLIK
3148.3,PLN,4234,PAID,TRANSFER
3056.38,EUR,3675,NEW,CARD
4861.53,EUR,3814,FAILED,BLIK
449.88,USD,4629,NEW,TRANSFER
2928.06,PLN,2706,PAID,TRANSFER
2112.84,USD,2074,PAID,BLIK
3850.81,USD,3979,NEW,BLIK
670.63,EUR,1710,NEW,BLIK
2447.78,EUR,4375,PAID,BLIK
3268.17,USD,1180,PAID,BLIK
1930.94,USD,245,FAILED,CARD
157.04,USD,2066,NEW,TRANSFER
2865.54,PLN,1253,PAID,TRANSFER
2689.02,PLN,4236,PAID,CARD
1594.8,USD,4222,FAILED,CARD
3406.79,PLN,4423,FAILED,BLIK
4546.22,USD,2858,PAID,CARD
2213.3,PLN,2501,PAID,TRANSFER
2281.04,USD,4002,NEW,BLIK
4529.42,USD,1727,NEW,BLIK
3867.74,USD,2028,PAID,BLIK
3837.52,USD,4599,FAILED,TRANSFER
2889.5,PLN,973,FAILED,TRANSFER
4721.92,EUR,4489,FAILED,CARD
1126.58,USD,518,FAILED,TRANSFER
2145.02,PLN,4665,PAID,TRANSFER
363.57,PLN,3268,NEW,BLIK
259.2,EUR,3981,NEW,CARD
4079.75,USD,1111,NEW,BLIK
75.55,USD,4439,FAILED,TRANSFER
4449.4,PLN,2133,NEW,CARD
2016.38,EUR,1989,PAID,CARD
122.55,EUR,4205,NEW,TRANSFER
1490.91,EUR,1849,PAID,CARD
319.95,EUR,2747,NEW,CARD
847.66,PLN,1979,NEW,CARD
3216.27,PLN,2069,NEW,BLIK
3071.61,USD,1639,NEW,TRANSFER
3881.78,PLN,2423,PAID,TRANSFER
1151.1,EUR,2245,FAILED,BLIK
774.66,PLN,262,NEW,BLIK
4493.99,USD,1679,PAID,BLIK
1725.17,USD,4653,NEW,TRANSFER
3635.9,USD,2610,FAILED,BLIK
3556.39,USD,338,NEW,TRANSFER
2146.15,PLN,1093,NEW,CARD
2129.65,USD,3506,PAID,CARD
364.62,USD,2231,FAILED,CARD
762.62,USD,2607,FAILED,TRANSFER
1553.61,EUR,2934,FAILED,TRANSFER
3418.07,PLN,4528,NEW,BLIK
3732.92,PLN,15,NEW,BLIK
1850.58,EUR,2465,NEW,CARD
4117.67,EUR,2640,NEW,CARD
1235.87,PLN,3880,PAID,CARD
771.36,USD,718,NEW,CARD
555.96,USD,1474,FAILED,CARD
2235.38,EUR,4565,FAILED,TRANSFER
3740.46,PLN,280,PAID,BLIK
3055.83,USD,3027,NEW,CARD
200.27,EUR,2264,NEW,TRANSFER
2553.65,USD,4733,PAID,BLIK
2265.75,USD,3397,FAILED,BLIK
296.52,PLN,3316,NEW,BLIK
680.84,EUR,3608,FAILED,CARD
2474.14,EUR,2474,NEW,BLIK
4485.9,PLN,3473,PAID,BLIK
4965.44,PLN,21,NEW,BLIK
4917.26,USD,1046,NEW,TRANSFER
2292.68,EUR,4851,NEW,BLIK
3098.59,USD,391,NEW,BLIK
4814.39,PLN,1409,FAILED,CARD
1629.29,EUR,1936,PAID,TRANSFER
1303.11,PLN,1691,FAILED,CARD
1859.17,EUR,3901,FAILED,TRANSFER
1125.89,EUR,3809,NEW,CARD
4449.46,USD,4246,NEW,TRANSFER
13.09,EUR,678,NEW,BLIK
4645.49,USD,3091,PAID,TRANSFER
642.02,PLN,4722,NEW,TRANSFER
2248.52,USD,1754,PAID,CARD
3120.83,USD,1971,FAILED,TRANSFER
4185.51,PLN,2731,PAID,TRANSFER
3361.02,EUR,166,NEW,BLIK
2203.91,USD,1798,FAILED,TRANSFER
2704.19,EUR,1874,PAID,TRANSFER
1128.9,EUR,2361,FAILED,CARD
416.09,EUR,4159,PAID,BLIK
549.08,EUR,2513,FAILED,BLIK
628.21,EUR,1983,PAID,CARD
2705.03,PLN,2011,PAID,TRANSFER
2741.47,PLN,3113,FAILED,CARD
2465.33,EUR,514,NEW,TRANSFER
1750.24,EUR,2328,NEW,BLIK
3970.8,USD,732,NEW,CARD
4076.21,EUR,1759,NEW,BLIK
4949.25,PLN,885,FAILED,TRANSFER
4985.59,USD,4545,PAID,TRANSFER
1704.94,EUR,1342,NEW,TRANSFER
2702.27,USD,1721,PAID,TRANSFER
1685.11,USD,3694,FAILED,CARD
1530.62,USD,404,NEW,BLIK
2331.63,PLN,2560,NEW,BLIK
2449.98,PLN,3897,FAILED,TRANSFER
1129.1,PLN,899,FAILED,BLIK
895.13,EUR,4858,NEW,CARD
964.31,USD,570,NEW,BLIK
484.58,PLN,2924,PAID,BLIK
4240.5,EUR,2564,PAID,CARD
4597.17,USD,2306,PAID,BLIK
3403.67,PLN,782,NEW,BLIK
2730.78,USD,975,PAID,BLIK
2547.42,PLN,2911,FAILED,BLIK
4809.28,PLN,386,PAID,BLIK
337.21,USD,839,FAILED,TRANSFER
964.74,USD,2830,NEW,TRANSFER
81.54,USD,93,PAID,BLIK
4422.71,USD,345,FAILED,TRANSFER
2355.05,PLN,3270,NEW,BLIK
1141.0,PLN,4598,NEW,TRANSFER
3771.89,PLN,3245,NEW,CARD
799.09,PLN,1305,PAID,BLIK
706.63,PLN,3541,PAID,BLIK
1105.76,EUR,2941,PAID,TRANSFER
2863.54,USD,435,NEW,BLIK
635.97,PLN,3374,PAID,CARD
576.1,EUR,2537,FAILED,TRANSFER
1534.96,USD,698,PAID,BLIK
2118.31,PLN,3971,NEW,TRANSFER
617.47,EUR,2030,FAILED,TRANSFER
3973.71,PLN,4163,NEW,BLIK
3612.0,PLN,1600,NEW,BLIK
1215.34,PLN,1363,PAID,TRANSFER
3566.87,USD,2322,FAILED,CARD
4939.81,PLN,3803,FAILED,CARD
336.85,EUR,874,NEW,TRANSFER
3469.11,EUR,4240,FAILED,CARD
107.96,USD,449,NEW,TRANSFER
2801.02,EUR,64,FAILED,CARD
2985.31,PLN,4979,PAID,TRANSFER
3626.4,EUR,1113,PAID,TRANSFER
4795.27,EUR,4134,NEW,CARD
2778.62,EUR,4994,PAID,CARD
547.15,PLN,247,NEW,CARD
4753.78,EUR,2194,FAILED,BLIK
3323.21,PLN,91,NEW,TRANSFER
3610.01,USD,2853,NEW,BLIK
1540.23,USD,4651,FAILED,BLIK
4832.3,PLN,2193,PAID,TRANSFER
2908.56,USD,3549,FAILED,TRANSFER
4029.81,USD,192,PAID,TRANSFER
897.72,USD,701,FAILED,TRANSFER
2745.07,USD,1256,NEW,BLIK
2874.25,EUR,1614,PAID,TRANSFER
4715.4,USD,4676,PAID,BLIK
4999.08,EUR,4629,NEW,BLIK
2377.23,PLN,3523,FAILED,CARD
3335.66,EUR,2722,NEW,CARD
1920.27,PLN,1719,NEW,CARD
3052.02,EUR,582,PAID,TRANSFER
2662.9,USD,3905,FAILED,TRANSFER
4739.25,USD,4782,PAID,BLIK
757.9,USD,2520,NEW,TRANSFER
3762.05,USD,4540,NEW,TRANSFER
1664.31,USD,427,PAID,BLIK
3785.72,USD,2019,NEW,BLIK
900.6,EUR,4086,NEW,CARD
2586.29,EUR,374,FAILED,CARD
17.78,PLN,3882,FAILED,BLIK
4979.64,EUR,4926,PAID,BLIK
1742.18,EUR,3873,NEW,TRANSFER
4117.71,PLN,3651,FAILED,BLIK
3655.66,EUR,3595,PAID,CARD
4725.63,PLN,4450,FAILED,TRANSFER
2384.86,USD,4272,NEW,CARD
673.23,EUR,441,PAID,BLIK
2285.89,PLN,208,NEW,CARD
4346.13,EUR,4860,PAID,CARD
3220.51,USD,718,NEW,BLIK
2502.35,USD,3806,FAILED,CARD
2611.97,PLN,3540,FAILED,TRANSFER
2928.39,USD,2051,FAILED,TRANSFER
4223.55,PLN,3609,NEW,CARD
1284.5,PLN,1709,PAID,CARD
160.11,EUR,4810,NEW,TRANSFER
3542.97,EUR,1684,NEW,TRANSFER
3959.06,PLN,2074,PAID,CARD
1722.7,PLN,4155,PAID,CARD
4876.04,USD,1903,FAILED,BLIK
1644.5,PLN,3948,FAILED,TRANSFER
2169.92,USD,2611,NEW,BLIK
2975.8,PLN,456,NEW,TRANSFER
3110.1,EUR,4753,NEW,CARD
3532.46,PLN,217,FAILED,TRANSFER
3594.28,USD,3574,NEW,BLIK
547.33,USD,4492,PAID,CARD
3137.93,USD,125,PAID,BLIK
4140.8,USD,4087,FAILED,BLIK
442.07,PLN,252,NEW,BLIK
3539.74,USD,3199,FAILED,BLIK
1215.74,EUR,2133,NEW,TRANSFER
630.33,EUR,356,PAID,TRANSFER
3777.1,USD,2679,FAILED,CARD
2202.47,PLN,3142,NEW,CARD
2213.24,PLN,4064,FAILED,BLIK
1187.04,EUR,1072,FAILED,BLIK
3340.27,EUR,4580,PAID,BLIK
3386.6,EUR,3247,PAID,CARD
3736.66,PLN,2830,NEW,TRANSFER
4479.9,PLN,167,PAID,TRANSFER
656.63,EUR,3813,NEW,CARD
2358.62,PLN,4732,FAILED,BLIK
320.36,PLN,4789,FAILED,CARD
930.45,EUR,4240,FAILED,TRANSFER
791.96,USD,464,NEW,CARD
144.03,EUR,2303,PAID,TRANSFER
4892.12,PLN,354,PAID,BLIK
4518.95,EUR,3753,PAID,CARD
383.1,USD,3971,FAILED,BLIK
1780.15,PLN,1147,NEW,TRANSFER
1449.42,EUR,4813,PAID,TRANSFER
1003.09,EUR,4663,NEW,TRANSFER
2089.04,PLN,2611,PAID,CARD
3852.4,PLN,2397,PAID,BLIK
2197.87,USD,3088,PAID,BLIK
3926.99,USD,2555,PAID,TRANSFER
4006.09,EUR,3564,NEW,TRANSFER
2753.71,EUR,2696,PAID,CARD
1531.08,EUR,901,NEW,BLIK
590.55,PLN,3412,PAID,BLIK
3765.68,EUR,3105,PAID,TRANSFER
2362.02,PLN,4939,FAILED,BLIK
181.66,USD,1801,FAILED,TRANSFER
4989.76,USD,1127,NEW,CARD
3669.32,USD,2901,NEW,CARD
2760.7,USD,774,PAID,TRANSFER
3600.74,EUR,1615,NEW,TRANSFER
595.5,USD,2967,NEW,TRANSFER
14.2,EUR,3291,FAILED,CARD
2736.99,EUR,4402,NEW,CARD
878.85,PLN,3187,PAID,BLIK
3742.27,PLN,3957,FAILED,BLIK
535.06,USD,328,NEW,TRANSFER
2993.09,PLN,2491,NEW,TRANSFER
1174.55,PLN,1191,PAID,CARD
3723.19,EUR,2111,NEW,TRANSFER
4387.74,USD,946,NEW,BLIK
4780.32,PLN,1047,PAID,TRANSFER
1819.88,USD,2030,PAID,BLIK
3483.09,USD,199,PAID,CARD
1635.83,USD,2857,FAILED,BLIK
622.01,USD,153,PAID,CARD
2261.2,EUR,1720,FAILED,TRANSFER
4660.42,PLN,4512,FAILED,TRANSFER
4699.62,EUR,2466,NEW,CARD
3741.62,USD,363,NEW,BLIK
3720.44,EUR,2502,NEW,BLIK
4518.55,USD,213,NEW,BLIK
3989.82,EUR,53,NEW,BLIK
4097.03,USD,375,FAILED,BLIK
2142.79,USD,2647,FAILED,TRANSFER
718.21,PLN,2589,FAILED,CARD
1089.74,USD,910,FAILED,TRANSFER
139.45,USD,1899,PAID,CARD
1418.55,PLN,3564,NEW,TRANSFER
1652.86,EUR,4044,PAID,CARD
1513.42,PLN,3808,FAILED,BLIK
4226.42,EUR,4345,FAILED,CARD
2972.69,USD,1099,FAILED,TRANSFER
239.81,PLN,413,NEW,CARD
1325.37,USD,2095,NEW,BLIK
1147.2,EUR,3728,NEW,CARD
2083.45,EUR,2462,PAID,CARD
1772.93,USD,2717,FAILED,BLIK
3188.87,PLN,4046,NEW,TRANSFER
4547.85,USD,1264,PAID,TRANSFER
2651.59,PLN,3251,PAID,BLIK
4594.1,EUR,3771,FAILED,TRANSFER
3268.45,EUR,1585,PAID,BLIK
2555.19,PLN,1084,FAILED,BLIK
1663.83,EUR,1801,PAID,TRANSFER
527.5,EUR,110,PAID,BLIK
1358.41,EUR,767,PAID,CARD
3116.65,USD,2150,FAILED,TRANSFER
3634.15,USD,1918,FAILED,CARD
2600.4,PLN,23,NEW,TRANSFER
423.54,PLN,630,FAILED,BLIK
3429.67,USD,1422,FAILED,TRANSFER
1066.49,EUR,4036,PAID,TRANSFER
2981.02,EUR,249,PAID,BLIK
4487.46,USD,4032,PAID,BLIK
738.31,USD,1928,NEW,TRANSFER
2758.61,USD,1496,FAILED,BLIK
2832.05,PLN,3566,FAILED,TRANSFER
2364.05,EUR,1408,NEW,TRANSFER
937.54,PLN,3530,PAID,CARD
3410.29,EUR,2375,FAILED,CARD
373.32,USD,85,PAID,TRANSFER
981.67,PLN,1689,NEW,CARD
60.73,EUR,2009,PAID,TRANSFER
1347.24,USD,2363,FAILED,TRANSFER
3472.73,PLN,4770,FAILED,BLIK
1371.84,USD,4741,NEW,TRANSFER
3354.98,USD,3267,PAID,TRANSFER
3726.36,USD,1743,FAILED,TRANSFER
919.96,EUR,107,FAILED,BLIK
4872.96,PLN,301,FAILED,CARD
4435.03,USD,4088,NEW,CARD
2608.73,PLN,2807,NEW,CARD
3874.87,EUR,1929,NEW,TRANSFER
4620.47,PLN,114,NEW,BLIK
2731.75,USD,3063,NEW,TRANSFER
2636.84,USD,3638,PAID,TRANSFER
1443.34,USD,297,FAILED,TRANSFER
3628.49,EUR,2795,NEW,TRANSFER
3210.73,USD,3999,PAID,CARD
2830.06,USD,1497,NEW,TRANSFER
4417.23,EUR,1335,NEW,BLIK
3413.36,USD,752,FAILED,CARD
2618.26,EUR,501,FAILED,CARD
3823.67,USD,3145,FAILED,TRANSFER
1896.95,EUR,3256,NEW,CARD
2164.98,USD,2965,FAILED,CARD
3884.87,EUR,141,PAID,TRANSFER
408.56,EUR,3052,FAILED,BLIK
2170.13,PLN,423,PAID,CARD
939.66,EUR,97,FAILED,TRANSFER
2211.35,PLN,4535,PAID,CARD
1115.53,EUR,3612,FAILED,TRANSFER
1813.3,USD,954,PAID,BLIK
3319.18,USD,2244,FAILED,TRANSFER
3119.86,PLN,2615,NEW,CARD
2505.3,USD,3565,NEW,TRANSFER
1208.27,EUR,4857,PAID,CARD
2049.79,USD,4436,FAILED,TRANSFER
980.42,EUR,3032,NEW,CARD
1537.01,EUR,3932,FAILED,BLIK
4415.82,PLN,2451,FAILED,TRANSFER
239.15,USD,2788,NEW,BLIK
246.53,PLN,1685,PAID,CARD
531.62,EUR,782,PAID,TRANSFER
3802.06,USD,2053,PAID,TRANSFER
2105.94,USD,3922,PAID,CARD
1543.8,USD,3760,PAID,CARD
1056.51,PLN,1539,NEW,CARD
3672.13,EUR,2803,PAID,TRANSFER
3641.63,PLN,1342,NEW,CARD
1363.32,EUR,1910,PAID,CARD
1257.22,USD,3549,FAILED,TRANSFER
2595.89,PLN,4436,PAID,BLIK
1932.22,USD,2308,NEW,BLIK
2181.59,PLN,2829,NEW,BLIK
3767.08,USD,4298,NEW,BLIK
3591.04,PLN,2209,NEW,BLIK
927.59,EUR,4850,NEW,CARD
3273.15,PLN,4979,PAID,CARD
3929.62,PLN,3779,NEW,CARD
3931.68,USD,3783,PAID,TRANSFER
4383.02,USD,3511,NEW,BLIK
2133.13,USD,3267,NEW,TRANSFER
4139.31,PLN,2046,FAILED,CARD
1328.43,PLN,4,PAID,TRANSFER
2897.53,PLN,3328,FAILED,CARD
3266.22,EUR,221,FAILED,TRANSFER
4610.77,PLN,1047,FAILED,BLIK
3158.08,PLN,1472,NEW,CARD
963.06,EUR,2977,FAILED,CARD
1543.28,USD,1245,PAID,BLIK
3680.88,PLN,3215,NEW,BLIK
2386.68,PLN,1961,FAILED,BLIK
479.97,PLN,306,FAILED,CARD
2273.18,PLN,4579,PAID,TRANSFER
1970.06,PLN,3294,NEW,CARD
4215.78,EUR,4848,FAILED,BLIK
4930.92,EUR,2102,PAID,TRANSFER
1354.11,USD,4736,NEW,BLIK
147.7,USD,1543,NEW,BLIK
1083.22,EUR,2442,NEW,TRANSFER
962.87,EUR,737,PAID,BLIK
2274.29,USD,4256,FAILED,CARD
3946.81,PLN,2993,NEW,CARD
4669.33,PLN,896,PAID,TRANSFER
4640.93,EUR,540,FAILED,BLIK
1987.54,USD,1591,FAILED,BLIK
2633.45,EUR,4978,NEW,CARD
2522.12,EUR,3159,PAID,CARD
3531.6,PLN,3807,PAID,BLIK
1861.63,EUR,4429,FAILED,TRANSFER
3956.72,USD,1554,NEW,CARD
515.42,USD,901,FAILED,CARD
2254.79,EUR,1811,PAID,BLIK
630.07,EUR,3415,FAILED,BLIK
4669.52,PLN,2555,PAID,BLIK
3035.9,EUR,3896,NEW,TRANSFER
348.52,USD,193,NEW,TRANSFER
794.46,EUR,4123,NEW,TRANSFER
488.16,USD,1767,NEW,BLIK
169.61,USD,2711,FAILED,CARD
737.21,USD,3957,FAILED,TRANSFER
4577.43,PLN,2727,PAID,BLIK
432.36,USD,3723,PAID,CARD
757.39,PLN,1823,PAID,CARD
4563.18,EUR,868,NEW,BLIK
3499.98,USD,619,PAID,CARD
1960.37,USD,4374,FAILED,BLIK
2300.54,USD,2183,NEW,BLIK
3611.11,PLN,4063,FAILED,CARD
2340.38,PLN,1525,PAID,BLIK
1787.76,PLN,4617,FAILED,BLIK
2591.71,EUR,1413,NEW,BLIK
315.78,PLN,957,NEW,CARD
985.41,USD,2442,PAID,CARD
2936.2,EUR,2202,NEW,BLIK
1868.4,PLN,366,NEW,CARD
4926.13,PLN,4113,PAID,CARD
4007.89,PLN,4975,NEW,BLIK
870.21,EUR,4595,PAID,CARD
3387.56,PLN,3111,FAILED,TRANSFER
2293.73,USD,2873,NEW,BLIK
1481.52,EUR,3204,FAILED,CARD
278.36,PLN,1283,PAID,BLIK
4990.89,USD,576,PAID,TRANSFER
4813.64,USD,2350,PAID,TRANSFER
2681.5,EUR,1463,PAID,BLIK
252.16,EUR,3405,FAILED,CARD
952.71,USD,4636,FAILED,BLIK
210.52,EUR,2215,PAID,CARD
2104.58,EUR,1496,FAILED,TRANSFER
4639.56,EUR,19,FAILED,TRANSFER
2052.3,PLN,1649,FAILED,TRANSFER
4843.2,EUR,3739,PAID,CARD
3968.31,EUR,2509,FAILED,CARD
857.98,USD,2834,NEW,TRANSFER
3361.56,EUR,4602,PAID,BLIK
4902.37,EUR,853,FAILED,CARD
3271.42,USD,3987,FAILED,TRANSFER
2110.89,EUR,1388,FAILED,BLIK
874.77,PLN,875,FAILED,BLIK
1267.46,EUR,2867,NEW,CARD
3391.16,PLN,4999,NEW,TRANSFER
2684.1,USD,3727,NEW,CARD
4846.86,USD,3075,NEW,BLIK
4541.44,PLN,1168,NEW,CARD
3937.09,USD,16,NEW,BLIK
2450.48,PLN,3668,FAILED,TRANSFER
456.57,PLN,981,NEW,CARD
1865.91,USD,1205,FAILED,BLIK
4210.84,EUR,2211,PAID,CARD
4815.42,USD,12,NEW,CARD
316.17,EUR,1081,FAILED,TRANSFER
1567.97,PLN,4475,FAILED,CARD
1367.2,EUR,4774,NEW,TRANSFER
3877.34,EUR,2545,FAILED,BLIK
1196.49,EUR,1876,PAID,BLIK
3909.0,USD,3006,NEW,TRANSFER
4401.1,USD,4851,NEW,CARD
3441.62,USD,552,PAID,BLIK
3700.34,EUR,3151,PAID,BLIK
1574.81,USD,3868,FAILED,CARD
3449.31,PLN,1804,PAID,CARD
1461.56,USD,4024,PAID,CARD
2248.92,EUR,3546,PAID,CARD
2755.04,EUR,2846,NEW,TRANSFER
388.88,PLN,994,FAILED,CARD
744.51,PLN,2324,FAILED,TRANSFER
2184.44,USD,4196,FAILED,CARD
4753.93,PLN,778,FAILED,BLIK
1398.75,PLN,4678,NEW,CARD
2961.09,PLN,2553,NEW,TRANSFER
4553.48,PLN,4702,PAID,BLIK
341.74,EUR,2941,NEW,BLIK
1460.11,USD,2177,PAID,CARD
4972.11,EUR,89,PAID,TRANSFER
2650.21,USD,1308,FAILED,BLIK
3307.54,EUR,135,FAILED,BLIK
1820.47,EUR,4579,PAID,TRANSFER
1863.03,EUR,3522,PAID,BLIK
2121.89,USD,3724,PAID,CARD
1720.07,PLN,3225,FAILED,BLIK
1853.2,PLN,4093,FAILED,CARD
3543.03,EUR,3011,NEW,TRANSFER
4251.84,EUR,679,NEW,TRANSFER
3456.38,USD,3043,NEW,TRANSFER
2309.32,EUR,3987,PAID,TRANSFER
673.5,PLN,3986,PAID,TRANSFER
957.86,USD,196,FAILED,BLIK
4956.06,USD,1230,PAID,BLIK
2424.02,USD,3436,NEW,CARD
4113.38,USD,445,PAID,TRANSFER
2000.3,PLN,4707,PAID,TRANSFER
1400.7,USD,4520,PAID,BLIK
4918.87,USD,1361,NEW,BLIK
2765.8,PLN,1645,PAID,BLIK
4931.74,PLN,4847,FAILED,TRANSFER
2123.47,EUR,1415,PAID,TRANSFER
899.11,PLN,417,FAILED,TRANSFER
1283.51,EUR,4077,PAID,CARD
1437.05,PLN,3341,PAID,CARD
4529.07,PLN,58,FAILED,TRANSFER
602.62,USD,1415,NEW,CARD
803.68,PLN,2094,PAID,BLIK
2069.14,PLN,1200,NEW,CARD
3926.19,EUR,486,NEW,BLIK
656.07,PLN,1797,NEW,BLIK
901.26,PLN,3160,PAID,BLIK
509.38,USD,2417,PAID,CARD
1027.06,EUR,1262,PAID,CARD
1891.86,USD,1272,PAID,TRANSFER
2606.48,USD,1538,NEW,BLIK
4143.83,USD,2614,NEW,TRANSFER
4461.43,PLN,2478,NEW,BLIK
3703.61,USD,4428,NEW,TRANSFER
1130.48,USD,2532,NEW,BLIK
3855.52,PLN,412,PAID,BLIK
1203.84,PLN,800,PAID,CARD
1469.97,USD,2782,NEW,TRANSFER
2141.37,PLN,856,PAID,BLIK
911.03,PLN,4178,FAILED,TRANSFER
886.46,USD,3804,PAID,BLIK
1111.26,PLN,595,PAID,TRANSFER
1274.21,USD,1363,PAID,TRANSFER
139.86,USD,1844,FAILED,TRANSFER
2418.84,USD,2381,NEW,BLIK
1013.39,USD,4111,NEW,CARD
1567.2,PLN,1506,NEW,BLIK
4396.63,EUR,3122,NEW,TRANSFER
3030.04,EUR,835,PAID,BLIK
3048.73,PLN,3207,PAID,CARD
4776.9,EUR,4528,PAID,BLIK
4092.2,PLN,2561,NEW,TRANSFER
3557.38,USD,3494,NEW,CARD
1801.32,PLN,1395,FAILED,TRANSFER
596.56,USD,2513,NEW,CARD
3143.53,USD,2948,PAID,CARD
1922.52,USD,1974,FAILED,CARD
1632.12,USD,4512,PAID,TRANSFER
2013.42,EUR,4381,NEW,BLIK
2454.13,PLN,2258,NEW,TRANSFER
3647.48,EUR,1781,PAID,TRANSFER
4152.8,EUR,4567,FAILED,TRANSFER
3781.17,USD,3377,FAILED,TRANSFER
2225.38,PLN,2854,NEW,TRANSFER
3803.61,USD,3379,FAILED,CARD
2818.42,USD,2362,PAID,TRANSFER
1990.62,PLN,4051,NEW,TRANSFER
987.57,USD,113,NEW,TRANSFER
2969.49,USD,3509,NEW,CARD
2550.64,EUR,805,FAILED,TRANSFER
3891.25,USD,77,FAILED,CARD
2886.15,USD,1764,PAID,BLIK
1054.13,PLN,1127,NEW,BLIK
3774.92,USD,2807,NEW,TRANSFER
4279.99,PLN,877,FAILED,BLIK
2699.12,EUR,283,NEW,TRANSFER
4088.37,EUR,1725,NEW,CARD
3938.5,USD,3911,PAID,TRANSFER
3764.88,USD,1183,FAILED,BLIK
2769.45,USD,4956,NEW,CARD
4090.84,USD,4838,FAILED,TRANSFER
3793.8,EUR,1908,FAILED,CARD
4284.13,PLN,1214,NEW,BLIK
88.43,EUR,243,PAID,TRANSFER
3394.29,EUR,1219,FAILED,TRANSFER
3045.34,USD,4936,NEW,CARD
2680.95,PLN,2327,FAILED,TRANSFER
1581.73,USD,2090,NEW,TRANSFER
2930.21,EUR,1185,NEW,CARD
1078.76,EUR,3744,NEW,TRANSFER
4931.52,EUR,4683,PAID,BLIK
3693.43,PLN,3219,PAID,CARD
413.57,EUR,3962,FAILED,TRANSFER
2934.55,USD,4757,FAILED,TRANSFER
3349.39,EUR,1729,PAID,CARD
4988.19,USD,233,NEW,BLIK
2854.63,USD,1001,NEW,CARD
275.69,EUR,4283,FAILED,BLIK
3883.76,EUR,2326,FAILED,TRANSFER
1925.89,USD,4737,FAILED,TRANSFER
4256.94,PLN,3592,FAILED,BLIK
990.26,PLN,40,PAID,TRANSFER
678.45,USD,4048,FAILED,BLIK
3082.62,EUR,4441,PAID,CARD
127.96,EUR,3068,FAILED,TRANSFER
1984.77,EUR,3772,NEW,CARD
2826.19,USD,3716,PAID,TRANSFER
1740.74,EUR,3491,PAID,TRANSFER
3667.54,EUR,4463,NEW,BLIK
4136.31,PLN,4081,NEW,TRANSFER
798.35,EUR,255,PAID,TRANSFER
642.16,EUR,3805,PAID,BLIK
4803.55,USD,399,FAILED,TRANSFER
1354.87,PLN,1004,FAILED,TRANSFER
75.24,USD,1896,FAILED,TRANSFER
4938.17,EUR,2197,PAID,BLIK
4399.39,PLN,218,NEW,CARD
1337.66,PLN,2708,FAILED,CARD
4563.88,USD,1951,NEW,CARD
3785.35,PLN,4752,FAILED,CARD
2709.15,USD,4273,NEW,BLIK
2887.27,PLN,4958,PAID,CARD
3343.79,USD,4161,FAILED,TRANSFER
1405.34,USD,1350,NEW,BLIK
396.92,PLN,443,FAILED,TRANSFER
402.2,PLN,1806,FAILED,CARD
723.02,USD,1340,FAILED,CARD
3821.54,EUR,2330,PAID,CARD
3585.92,PLN,2434,PAID,TRANSFER
1452.85,EUR,101,NEW,CARD
4160.39,USD,1446,FAILED,TRANSFER
109.93,EUR,3792,PAID,CARD
3063.52,EUR,4776,NEW,TRANSFER
3035.24,PLN,1867,NEW,CARD
4615.87,USD,776,PAID,CARD
4644.43,USD,1999,FAILED,CARD
314.15,EUR,337,PAID,BLIK
3458.21,USD,1143,NEW,TRANSFER
692.2,USD,3706,NEW,CARD
2728.32,USD,2166,FAILED,TRANSFER
3293.65,PLN,3814,FAILED,BLIK
4593.26,USD,3254,FAILED,BLIK
701.28,USD,1838,NEW,BLIK
1819.29,EUR,1184,FAILED,BLIK
1360.11,EUR,196,NEW,BLIK
832.77,PLN,2418,FAILED,BLIK
1497.18,EUR,1446,NEW,TRANSFER
3199.73,PLN,599,PAID,TRANSFER
4271.02,EUR,1508,FAILED,CARD
3131.69,EUR,742,FAILED,CARD
1837.94,EUR,1471,PAID,TRANSFER
4979.77,EUR,2838,NEW,BLIK
2559.67,EUR,2210,FAILED,TRANSFER
2504.9,USD,785,FAILED,BLIK
1173.48,USD,874,NEW,BLIK
4462.98,EUR,2589,FAILED,CARD
571.56,PLN,3039,NEW,BLIK
4353.18,EUR,323,FAILED,CARD
4720.17,USD,3480,NEW,CARD
594.4,USD,117,NEW,TRANSFER
551.03,USD,14,PAID,CARD
3799.28,PLN,2465,PAID,BLIK
1775.22,PLN,1630,PAID,BLIK
3923.46,PLN,3390,PAID,CARD
2931.74,USD,4140,NEW,CARD
1609.29,PLN,743,NEW,BLIK
2981.75,PLN,3416,PAID,BLIK
3901.96,EUR,2556,FAILED,BLIK
2660.5,USD,4736,FAILED,CARD
1543.17,EUR,3319,FAILED,CARD
875.93,USD,4292,FAILED,BLIK
2799.44,EUR,4534,NEW,TRANSFER
3084.89,PLN,980,NEW,BLIK
615.24,USD,319,NEW,CARD
3854.21,USD,1395,NEW,BLIK
2498.87,EUR,2353,FAILED,TRANSFER
1421.28,USD,3287,NEW,TRANSFER
1129.49,EUR,2974,PAID,BLIK
1356.2,EUR,2532,NEW,TRANSFER
1396.0,USD,557,FAILED,CARD
3571.34,EUR,2506,NEW,TRANSFER
2562.21,EUR,2830,FAILED,CARD
4113.46,EUR,1239,NEW,BLIK
1356.52,EUR,1635,PAID,TRANSFER
249.67,EUR,1833,PAID,TRANSFER
3204.48,PLN,2701,FAILED,BLIK
4884.95,EUR,869,FAILED,CARD
1667.53,USD,268,NEW,TRANSFER
4599.02,USD,3052,NEW,BLIK
4312.1,USD,3776,NEW,TRANSFER
4833.83,EUR,4427,PAID,CARD
3216.61,USD,400,PAID,CARD
2644.24,USD,4898,NEW,CARD
653.73,USD,1752,NEW,TRANSFER
2836.82,PLN,3465,FAILED,CARD
3143.91,PLN,2398,NEW,TRANSFER
2486.92,PLN,1550,NEW,BLIK
1377.21,EUR,3597,NEW,TRANSFER
4017.56,EUR,3527,FAILED,CARD
1532.71,EUR,4329,FAILED,TRANSFER
3801.64,PLN,1637,FAILED,CARD
366.81,EUR,4437,NEW,CARD
4581.87,EUR,3218,NEW,BLIK
2829.86,EUR,1674,PAID,BLIK
106.26,EUR,2131,PAID,BLIK
3191.31,EUR,2252,FAILED,TRANSFER
3739.23,PLN,838,NEW,BLIK
3181.84,PLN,3249,FAILED,BLIK
2260.36,PLN,1000,NEW,TRANSFER
109.12,PLN,4830,NEW,BLIK
916.35,PLN,4818,PAID,TRANSFER
3109.3,PLN,243,PAID,CARD
3161.68,PLN,2556,NEW,BLIK
1053.75,USD,4908,NEW,TRANSFER
1193.27,EUR,4563,PAID,CARD
230.34,PLN,1056,NEW,BLIK
1641.34,EUR,3773,PAID,CARD
3253.56,EUR,292,NEW,TRANSFER
1867.02,USD,4925,PAID,CARD
4242.53,PLN,689,FAILED,BLIK
1215.09,PLN,3272,NEW,TRANSFER
3376.69,USD,2819,FAILED,TRANSFER
2520.08,USD,1167,NEW,TRANSFER
342.13,EUR,900,FAILED,BLIK
2866.48,EUR,2092,PAID,TRANSFER
4017.05,EUR,3333,FAILED,CARD
34.41,USD,1338,NEW,CARD
4264.96,USD,3482,NEW,TRANSFER
591.84,PLN,4313,NEW,BLIK
375.68,PLN,1674,PAID,TRANSFER
526.4,EUR,2212,NEW,TRANSFER
384.56,PLN,3049,PAID,TRANSFER
2997.66,PLN,3310,FAILED,CARD
2743.04,EUR,4336,NEW,CARD
4062.22,EUR,1396,NEW,CARD
1047.4,EUR,3995,FAILED,TRANSFER
2675.17,USD,3270,FAILED,CARD
2837.7,USD,103,NEW,CARD
12.53,PLN,1643,FAILED,CARD
2860.43,PLN,3215,NEW,CARD
2700.89,EUR,2942,NEW,TRANSFER
4289.07,PLN,1583,NEW,TRANSFER
3645.33,USD,4592,NEW,CARD
127.33,PLN,4455,PAID,TRANSFER
1336.98,USD,2976,FAILED,TRANSFER
1842.78,EUR,4852,NEW,TRANSFER
220.67,USD,4804,PAID,CARD
3935.33,USD,3538,NEW,BLIK
72.38,PLN,2991,NEW,BLIK
3659.02,USD,4906,PAID,BLIK
3557.88,EUR,1779,FAILED,CARD
2008.64,PLN,1601,PAID,CARD
2079.92,EUR,4398,FAILED,CARD
1427.48,USD,2507,NEW,CARD
4770.07,USD,537,NEW,TRANSFER
2179.39,PLN,1877,PAID,CARD
3153.18,EUR,4424,NEW,TRANSFER
2333.15,PLN,3903,NEW,TRANSFER
4810.18,EUR,3904,FAILED,CARD
431.88,PLN,718,FAILED,BLIK
130.17,EUR,4879,NEW,BLIK
17.12,EUR,2151,FAILED,BLIK
3222.13,EUR,3003,PAID,CARD
4734.37,USD,1472,FAILED,TRANSFER
3420.62,USD,1079,PAID,BLIK
4619.99,PLN,3943,PAID,CARD
448.6,EUR,2418,PAID,TRANSFER
4170.21,PLN,2879,NEW,TRANSFER
4073.93,PLN,559,FAILED,TRANSFER
124.42,USD,679,FAILED,BLIK
266.54,EUR,1876,NEW,TRANSFER
601.66,PLN,640,FAILED,CARD
4937.07,EUR,660,PAID,BLIK
3634.17,EUR,4379,PAID,BLIK
4340.92,PLN,4082,FAILED,CARD
4823.6,EUR,3451,PAID,TRANSFER
642.74,PLN,206,NEW,TRANSFER
4196.08,EUR,3218,NEW,TRANSFER
4501.33,EUR,1333,NEW,TRANSFER
4714.85,EUR,998,PAID,BLIK
3347.07,PLN,4620,PAID,TRANSFER
4015.3,PLN,2700,NEW,CARD
2614.62,PLN,2627,FAILED,TRANSFER
2152.26,PLN,1688,PAID,BLIK
275.36,USD,1065,NEW,CARD
3705.29,PLN,2641,NEW,BLIK
1828.1,USD,2866,NEW,TRANSFER
3364.97,USD,4778,FAILED,TRANSFER
3798.82,USD,404,PAID,TRANSFER
4802.97,PLN,815,NEW,TRANSFER
2729.86,PLN,2586,NEW,BLIK
1211.18,PLN,2615,NEW,BLIK
4265.19,USD,1647,PAID,CARD
1162.41,EUR,3933,NEW,TRANSFER
2413.96,USD,1137,FAILED,CARD
350.09,EUR,1829,NEW,BLIK
4466.74,USD,496,PAID,BLIK
97.35,USD,1924,FAILED,TRANSFER
1238.66,USD,2146,PAID,TRANSFER
1974.48,EUR,2880,FAILED,CARD
4469.34,EUR,865,PAID,BLIK
2035.48,PLN,1151,PAID,CARD
4332.51,PLN,1283,NEW,TRANSFER
819.07,USD,3509,FAILED,TRANSFER
1797.42,PLN,4972,PAID,CARD
1784.25,PLN,163,NEW,TRANSFER
796.04,EUR,4860,PAID,BLIK
1437.31,PLN,4275,PAID,TRANSFER
1821.01,PLN,3005,FAILED,BLIK
1735.33,PLN,1310,NEW,TRANSFER
2992.31,PLN,4341,NEW,BLIK
4716.96,USD,3656,NEW,CARD
4923.17,USD,4999,NEW,TRANSFER
153.77,EUR,3985,FAILED,TRANSFER
2275.04,USD,2369,FAILED,CARD
16.56,USD,3501,NEW,TRANSFER
3251.96,EUR,1575,FAILED,CARD
339.74,EUR,98,PAID,BLIK
2160.52,EUR,197,PAID,CARD
3392.94,PLN,2743,NEW,BLIK
1827.21,USD,70,NEW,CARD
2298.48,USD,606,PAID,TRANSFER
4214.79,PLN,3502,PAID,CARD
1781.81,EUR,2816,NEW,BLIK
321.97,PLN,3616,PAID,BLIK
4137.58,EUR,923,FAILED,BLIK
2532.98,EUR,1379,FAILED,TRANSFER
3694.43,EUR,1715,NEW,TRANSFER
3090.12,USD,4833,NEW,CARD
4969.08,EUR,4067,FAILED,TRANSFER
3675.61,PLN,4852,PAID,TRANSFER
960.08,USD,4201,FAILED,CARD
1476.78,EUR,3661,NEW,BLIK
1479.61,USD,4203,NEW,TRANSFER
2160.53,USD,4872,FAILED,CARD
1912.49,EUR,3524,NEW,BLIK
983.38,USD,604,PAID,TRANSFER
547.24,USD,4509,FAILED,BLIK
2365.95,USD,2540,PAID,TRANSFER
4837.16,USD,4321,NEW,CARD
3456.97,USD,3496,FAILED,BLIK
1605.1,PLN,3963,NEW,BLIK
2058.61,PLN,2354,NEW,CARD
1103.62,USD,3545,PAID,CARD
3649.43,PLN,4976,NEW,CARD
4894.02,EUR,812,FAILED,CARD
4685.99,USD,904,PAID,CARD
2351.96,EUR,941,NEW,TRANSFER
2231.79,USD,1460,PAID,TRANSFER
2154.96,EUR,661,PAID,TRANSFER
4869.25,PLN,2019,PAID,TRANSFER
3246.7,USD,3493,FAILED,CARD
1171.38,USD,2413,PAID,TRANSFER
973.6,PLN,3450,FAILED,TRANSFER
2525.49,PLN,1256,PAID,TRANSFER
1440.91,EUR,1027,PAID,CARD
2841.04,USD,3755,PAID,TRANSFER
1430.21,PLN,1752,NEW,BLIK
1005.43,PLN,2662,FAILED,CARD
4437.23,EUR,3004,FAILED,TRANSFER
4227.12,EUR,1929,PAID,BLIK
4536.68,EUR,386,FAILED,CARD
3965.04,PLN,3268,FAILED,BLIK
4367.7,USD,2195,PAID,BLIK
3203.65,USD,3356,FAILED,CARD
1381.28,PLN,4112,NEW,TRANSFER
2426.55,PLN,2892,PAID,TRANSFER
2519.23,USD,292,FAILED,TRANSFER
496.34,EUR,4631,NEW,TRANSFER
613.89,USD,4588,NEW,CARD
1513.53,USD,651,PAID,BLIK
4182.97,USD,3682,FAILED,BLIK
685.99,EUR,15,PAID,BLIK
4492.72,USD,3231,NEW,BLIK
414.99,PLN,3718,FAILED,BLIK
4207.06,PLN,4823,PAID,BLIK
2136.73,USD,1286,NEW,TRANSFER
570.45,PLN,4423,PAID,BLIK
3066.07,USD,2387,PAID,TRANSFER
3965.48,USD,2152,PAID,TRANSFER
2489.87,PLN,1816,FAILED,CARD
3963.26,PLN,1026,PAID,BLIK
321.93,USD,3918,PAID,CARD
3353.14,EUR,4938,NEW,CARD
4031.44,USD,1635,PAID,BLIK
3938.07,EUR,3641,FAILED,BLIK
2259.77,USD,1957,PAID,BLIK
1981.64,USD,3638,FAILED,TRANSFER
2544.73,EUR,531,NEW,CARD
2433.67,EUR,1212,FAILED,CARD
1149.61,USD,4677,PAID,CARD
4372.22,USD,2070,FAILED,BLIK
2160.82,USD,625,PAID,TRANSFER
594.82,USD,3334,FAILED,BLIK
1150.68,USD,4177,FAILED,BLIK
2626.05,PLN,3078,PAID,TRANSFER
500.5,USD,864,NEW,TRANSFER
2924.74,USD,3761,PAID,CARD
4972.6,EUR,3183,FAILED,TRANSFER
2754.06,EUR,785,FAILED,BLIK
3003.13,EUR,3806,PAID,CARD
3474.53,PLN,4143,NEW,TRANSFER
2387.25,PLN,3479,FAILED,BLIK
2385.34,EUR,4226,NEW,CARD
4081.72,PLN,2788,PAID,BLIK
1942.36,EUR,880,NEW,TRANSFER
3316.45,EUR,1444,PAID,CARD
3827.78,EUR,1604,FAILED,BLIK
4820.13,PLN,463,FAILED,TRANSFER
3806.3,PLN,4296,FAILED,TRANSFER
1080.84,PLN,1045,FAILED,BLIK
4550.85,PLN,1125,FAILED,CARD
1617.78,USD,378,FAILED,CARD
3797.64,USD,1940,NEW,TRANSFER
836.59,USD,4373,NEW,CARD
3168.51,PLN,3377,NEW,TRANSFER
4332.15,PLN,2281,NEW,BLIK
4984.27,PLN,4777,FAILED,BLIK
2778.71,EUR,3058,PAID,CARD
3195.92,EUR,4072,NEW,BLIK
2431.72,PLN,4775,FAILED,TRANSFER
1303.27,EUR,815,NEW,TRANSFER
1804.79,PLN,2666,FAILED,TRANSFER
3371.59,EUR,1239,FAILED,TRANSFER
615.17,EUR,1582,FAILED,BLIK
4182.91,USD,3358,NEW,CARD
1910.36,PLN,4172,PAID,BLIK
4288.77,PLN,1760,FAILED,CARD
341.84,EUR,3329,FAILED,CARD
3549.82,USD,4335,PAID,CARD
2355.92,PLN,2246,PAID,CARD
2237.93,USD,4421,FAILED,CARD
744.87,EUR,3371,NEW,CARD
1243.96,USD,2874,PAID,TRANSFER
1395.26,PLN,1474,NEW,CARD
1182.2,PLN,4071,NEW,TRANSFER
4411.11,PLN,2584,FAILED,CARD
1166.1,USD,3962,PAID,BLIK
3111.23,PLN,1713,FAILED,BLIK
1320.5,EUR,2838,PAID,BLIK
2494.37,EUR,2383,FAILED,BLIK
3909.62,PLN,1084,NEW,CARD
534.19,PLN,151,PAID,CARD
4710.31,PLN,411,FAILED,BLIK
2265.88,EUR,388,FAILED,BLIK
4222.52,USD,4608,PAID,TRANSFER
2616.72,USD,3349,PAID,BLIK
4358.02,PLN,4061,FAILED,BLIK
2520.1,EUR,2042,NEW,CARD
4285.88,PLN,4500,PAID,CARD
2863.1,USD,4561,NEW,BLIK
1708.67,PLN,2201,PAID,BLIK
463.28,EUR,1278,NEW,BLIK
3537.61,USD,2063,NEW,CARD
1925.07,USD,636,NEW,BLIK
4027.66,PLN,857,FAILED,BLIK
2099.4,EUR,1861,PAID,CARD
3069.86,PLN,1776,NEW,CARD
2898.3,USD,172,NEW,BLIK
2441.54,PLN,721,NEW,CARD
1656.71,EUR,4383,NEW,TRANSFER
307.48,EUR,3028,NEW,CARD
2594.24,PLN,1098,FAILED,BLIK
3397.14,PLN,1074,FAILED,BLIK
4625.92,USD,1265,NEW,CARD
3095.11,USD,1737,FAILED,BLIK
3497.25,USD,85,PAID,TRANSFER
2429.28,USD,4786,NEW,TRANSFER
3754.19,USD,2176,PAID,BLIK
2641.45,PLN,1858,NEW,CARD
3986.58,PLN,2639,NEW,TRANSFER
963.3,EUR,2282,PAID,CARD
77.94,PLN,1389,FAILED,CARD
4419.83,USD,4359,NEW,BLIK
3575.33,PLN,1295,PAID,TRANSFER
1224.66,PLN,4102,FAILED,CARD
4774.73,EUR,597,NEW,TRANSFER
2145.46,PLN,837,NEW,BLIK
3638.1,PLN,494,NEW,TRANSFER
1718.17,EUR,3472,FAILED,BLIK
317.76,USD,1162,NEW,CARD
4405.95,EUR,1600,NEW,TRANSFER
3204.67,PLN,960,NEW,CARD
4357.12,EUR,1322,FAILED,BLIK
4491.8,EUR,1393,NEW,BLIK
4229.54,PLN,3535,PAID,CARD
1755.55,PLN,1467,PAID,TRANSFER
4553.23,EUR,4368,FAILED,TRANSFER
1551.0,PLN,3237,FAILED,CARD
856.86,EUR,1072,PAID,CARD
327.54,USD,2116,FAILED,TRANSFER
933.06,EUR,1324,FAILED,CARD
281.54,USD,4419,PAID,TRANSFER
1626.01,USD,3889,PAID,TRANSFER
1204.97,PLN,2746,FAILED,TRANSFER
4950.84,USD,1436,FAILED,BLIK
199.15,EUR,4896,PAID,CARD
1285.46,EUR,1419,PAID,CARD
3149.91,USD,2234,FAILED,BLIK
535.63,USD,2252,NEW,BLIK
713.76,USD,1233,FAILED,TRANSFER
2913.46,PLN,745,NEW,CARD
3920.21,PLN,1164,NEW,TRANSFER
3122.38,EUR,721,FAILED,BLIK
1170.52,PLN,4776,NEW,CARD
2568.76,PLN,3090,NEW,BLIK
337.35,PLN,3633,PAID,CARD
2547.12,PLN,912,PAID,CARD
2055.67,EUR,1105,PAID,BLIK
923.61,PLN,1,FAILED,CARD
4945.92,PLN,1484,FAILED,TRANSFER
1408.39,PLN,2546,PAID,BLIK
4677.29,USD,3736,NEW,TRANSFER
54.39,EUR,671,NEW,CARD
343.68,PLN,2950,PAID,TRANSFER
2118.25,EUR,3974,NEW,TRANSFER
2221.88,PLN,2390,FAILED,CARD
2279.3,EUR,2077,NEW,CARD
2615.81,USD,852,PAID,TRANSFER
1820.85,PLN,687,NEW,BLIK
149.6,EUR,383,FAILED,TRANSFER
3719.28,USD,3089,FAILED,TRANSFER
3084.69,PLN,3877,PAID,CARD
4609.43,PLN,3824,PAID,CARD
1539.15,USD,1704,NEW,CARD
172.94,USD,4507,NEW,TRANSFER
848.26,EUR,4664,FAILED,BLIK
382.79,EUR,4004,PAID,CARD
837.24,PLN,2730,PAID,BLIK
4608.78,PLN,1108,FAILED,BLIK
2668.42,EUR,3278,NEW,CARD
4633.57,USD,910,FAILED,BLIK
1619.98,EUR,2452,NEW,TRANSFER
4697.54,PLN,4311,PAID,TRANSFER
2913.08,PLN,598,PAID,TRANSFER
84.78,USD,2279,NEW,BLIK
3794.15,PLN,598,NEW,TRANSFER
4697.35,PLN,4312,FAILED,BLIK
4433.21,EUR,1305,PAID,CARD
2654.78,PLN,2955,PAID,CARD
4429.54,USD,2414,FAILED,CARD
4574.38,USD,222,PAID,BLIK
4559.51,USD,3652,PAID,TRANSFER
4915.92,USD,4689,PAID,CARD
2238.95,PLN,823,FAILED,CARD
3605.22,EUR,3178,FAILED,BLIK
2967.35,PLN,3290,NEW,BLIK
2369.53,EUR,2819,NEW,CARD
3964.28,EUR,1338,NEW,BLIK
3600.01,EUR,4909,FAILED,TRANSFER
4891.57,USD,2061,FAILED,TRANSFER
1975.37,PLN,1009,PAID,BLIK
3638.14,USD,1563,PAID,CARD
945.94,EUR,4833,FAILED,CARD
4144.03,PLN,4171,FAILED,CARD
2566.11,EUR,2844,NEW,TRANSFER
1701.33,PLN,235,FAILED,BLIK
2481.71,EUR,797,PAID,BLIK
3090.84,EUR,78,PAID,BLIK
3424.85,USD,1094,NEW,CARD
1664.16,EUR,4565,FAILED,CARD
1698.26,USD,1331,NEW,CARD
3974.89,PLN,2579,NEW,TRANSFER
3129.6,USD,4895,NEW,BLIK
1783.57,PLN,626,FAILED,BLIK
1914.17,EUR,2575,NEW,TRANSFER
473.72,EUR,3328,NEW,CARD
1340.25,USD,4858,PAID,CARD
4644.88,USD,4194,FAILED,CARD
717.68,USD,700,FAILED,CARD
2625.88,EUR,925,FAILED,BLIK
514.74,USD,3132,FAILED,BLIK
25.92,EUR,3977,PAID,CARD
3891.04,USD,1075,PAID,TRANSFER
1969.87,EUR,777,PAID,BLIK
1110.27,USD,1013,PAID,TRANSFER
4058.1,PLN,2332,FAILED,BLIK
909.18,EUR,4756,NEW,CARD
4390.44,PLN,2378,PAID,BLIK
4787.69,USD,1848,NEW,TRANSFER
892.33,USD,356,PAID,TRANSFER
2060.57,USD,3160,NEW,BLIK
3735.01,EUR,4279,PAID,BLIK
3597.8,PLN,3543,FAILED,TRANSFER
1685.69,PLN,702,NEW,BLIK
4441.95,PLN,1705,FAILED,TRANSFER
3239.8,EUR,4341,PAID,BLIK
838.57,PLN,3587,FAILED,TRANSFER
1747.25,PLN,3431,FAILED,TRANSFER
1526.28,PLN,4301,PAID,BLIK
365.71,USD,952,PAID,CARD
3963.51,EUR,335,NEW,BLIK
3290.07,EUR,2466,PAID,TRANSFER
4813.83,EUR,4243,FAILED,BLIK
1885.65,PLN,1159,PAID,CARD
1036.43,EUR,553,NEW,CARD
1050.49,USD,3096,NEW,BLIK
3361.71,PLN,2758,NEW,CARD
86.13,EUR,1530,PAID,CARD
4885.43,EUR,1145,NEW,TRANSFER
1871.96,EUR,4632,NEW,TRANSFER
1654.49,USD,3407,FAILED,CARD
670.68,USD,3186,NEW,CARD
1092.82,PLN,632,PAID,TRANSFER
4239.73,EUR,4870,PAID,CARD
4145.77,USD,2066,NEW,CARD
1278.88,PLN,739,NEW,TRANSFER
3676.62,USD,3919,PAID,TRANSFER
4187.56,USD,1803,PAID,CARD
35.18,EUR,4647,FAILED,BLIK
1275.17,PLN,3173,FAILED,CARD
3701.3,EUR,1806,NEW,TRANSFER
1232.08,EUR,4464,PAID,BLIK
4318.17,PLN,1854,NEW,BLIK
4853.28,PLN,174,NEW,BLIK
2897.37,PLN,461,FAILED,BLIK
2025.26,USD,3110,FAILED,TRANSFER
2680.11,EUR,3542,FAILED,BLIK
131.32,PLN,1604,PAID,TRANSFER
285.33,EUR,1790,FAILED,BLIK
3665.43,USD,2672,PAID,BLIK
3061.46,EUR,293,FAILED,CARD
1429.13,EUR,4420,PAID,CARD
957.67,PLN,536,FAILED,CARD
145.16,PLN,2278,FAILED,BLIK
2469.74,EUR,4930,PAID,CARD
4439.68,PLN,1061,PAID,TRANSFER
2554.12,PLN,4181,NEW,TRANSFER
249.19,EUR,1845,FAILED,BLIK
4446.74,EUR,3934,NEW,CARD
572.49,PLN,4222,NEW,BLIK
2624.72,EUR,4632,FAILED,CARD
4411.92,USD,4124,NEW,TRANSFER
2677.2,USD,2460,FAILED,CARD
4981.97,EUR,4688,FAILED,CARD
4179.14,PLN,3628,NEW,CARD
2676.99,USD,2404,PAID,TRANSFER
965.0,EUR,2969,PAID,BLIK
2891.08,USD,1184,PAID,CARD
2634.87,USD,4102,FAILED,TRANSFER
4325.39,USD,1412,FAILED,CARD
3076.08,USD,418,NEW,BLIK
1013.62,EUR,4438,PAID,BLIK
4362.22,PLN,2964,NEW,BLIK
1030.8,USD,3889,NEW,CARD
455.56,EUR,3572,PAID,CARD
1320.34,PLN,4807,NEW,CARD
4888.7,EUR,997,NEW,BLIK
521.38,PLN,2848,FAILED,CARD
4341.49,EUR,3048,PAID,BLIK
3785.07,PLN,773,PAID,BLIK
3472.85,USD,332,FAILED,TRANSFER
340.75,PLN,930,NEW,CARD
1760.27,PLN,1997,NEW,BLIK
2947.46,USD,3538,PAID,BLIK
4349.36,PLN,4143,PAID,CARD
509.79,EUR,3807,FAILED,TRANSFER
1599.55,USD,569,PAID,BLIK
1293.44,PLN,2639,FAILED,TRANSFER
2641.88,USD,2131,PAID,CARD
3406.23,USD,4981,FAILED,CARD
4107.8,USD,2684,NEW,BLIK
1046.41,USD,3555,FAILED,BLIK
1302.89,PLN,776,NEW,BLIK
1920.84,PLN,134,FAILED,BLIK
2105.45,EUR,259,PAID,BLIK
1885.64,EUR,2496,PAID,TRANSFER
1485.57,USD,1242,PAID,CARD
4647.44,EUR,3600,PAID,BLIK
3625.22,USD,3673,NEW,BLIK
2896.12,PLN,3817,PAID,TRANSFER
4308.9,USD,3239,FAILED,TRANSFER
947.31,EUR,654,NEW,BLIK
101.6,PLN,1160,FAILED,BLIK
109.74,USD,2963,FAILED,CARD
3470.08,USD,826,NEW,CARD
285.79,PLN,4764,NEW,CARD
743.65,PLN,3369,PAID,BLIK
768.73,EUR,1587,NEW,BLIK
2542.43,EUR,79,NEW,TRANSFER
2475.58,EUR,983,NEW,BLIK
2078.22,EUR,3019,PAID,CARD
2280.2,EUR,1198,NEW,TRANSFER
4184.34,PLN,131,PAID,CARD
2211.29,PLN,3959,PAID,TRANSFER
244.07,USD,1817,NEW,BLIK
431.85,USD,2801,PAID,TRANSFER
4987.51,USD,4353,PAID,TRANSFER
4562.59,PLN,2373,FAILED,CARD
4782.92,USD,437,NEW,BLIK
1510.62,PLN,3854,NEW,BLIK
4617.57,PLN,3476,FAILED,TRANSFER
4202.62,USD,1569,FAILED,BLIK
3123.2,USD,3002,PAID,CARD
2712.99,USD,3020,FAILED,CARD
2866.38,EUR,3984,FAILED,CARD
4634.87,USD,2161,PAID,CARD
172.52,USD,3146,PAID,BLIK
4447.91,USD,2282,NEW,BLIK
702.48,USD,3306,PAID,CARD
4686.22,EUR,1504,PAID,CARD
2641.26,USD,2257,NEW,TRANSFER
3184.47,PLN,1959,FAILED,CARD
351.57,PLN,3503,PAID,CARD
3606.92,PLN,484,FAILED,TRANSFER
857.66,USD,4417,PAID,TRANSFER
1879.93,PLN,2093,PAID,TRANSFER
1617.74,PLN,560,NEW,TRANSFER
1064.96,EUR,179,NEW,CARD
217.13,PLN,3257,FAILED,BLIK
2525.28,USD,3883,NEW,BLIK
443.06,PLN,1392,NEW,BLIK
2815.99,USD,838,FAILED,CARD
2331.37,PLN,1382,FAILED,TRANSFER
1200.78,EUR,1273,NEW,BLIK
995.3,PLN,2247,NEW,TRANSFER
603.33,PLN,734,NEW,TRANSFER
3060.87,PLN,3574,NEW,CARD
4095.78,USD,119,PAID,TRANSFER
4456.81,PLN,1737,PAID,TRANSFER
4421.39,USD,4867,FAILED,TRANSFER
3508.32,USD,816,PAID,TRANSFER
4918.09,EUR,3535,PAID,BLIK
3868.89,USD,1511,NEW,TRANSFER
2281.92,EUR,3657,FAILED,TRANSFER
643.73,USD,179,NEW,TRANSFER
441.46,EUR,3253,NEW,TRANSFER
2845.87,PLN,2746,NEW,TRANSFER
1565.4,PLN,1329,FAILED,TRANSFER
2754.95,PLN,3673,NEW,BLIK
1309.32,EUR,1840,PAID,BLIK
2998.63,EUR,648,NEW,TRANSFER
53.02,USD,752,NEW,TRANSFER
172.06,EUR,2649,PAID,TRANSFER
1908.22,USD,4218,FAILED,CARD
4617.74,EUR,2884,FAILED,BLIK
3584.48,USD,4854,FAILED,CARD
4395.1,EUR,4977,FAILED,CARD
3247.88,EUR,353,FAILED,CARD
3415.48,EUR,3669,FAILED,BLIK
3740.88,PLN,202,FAILED,TRANSFER
3884.96,PLN,4529,FAILED,CARD
947.72,USD,819,NEW,BLIK
4325.0,USD,1569,PAID,TRANSFER
1946.9,EUR,2283,FAILED,BLIK
3060.04,USD,808,PAID,BLIK
1488.6,USD,4658,PAID,BLIK
2550.44,PLN,2324,PAID,BLIK
3275.72,EUR,3004,FAILED,BLIK
2488.89,EUR,190,FAILED,BLIK
3225.09,USD,3022,FAILED,CARD
2285.84,USD,2261,FAILED,TRANSFER
4765.78,USD,1199,FAILED,CARD
3151.85,EUR,1672,PAID,TRANSFER
4592.96,USD,491,FAILED,BLIK
1172.15,USD,2688,FAILED,BLIK
3511.91,PLN,3373,PAID,TRANSFER
3807.23,EUR,1829,FAILED,TRANSFER
1670.23,PLN,4275,FAILED,CARD
196.99,EUR,2506,PAID,BLIK
4471.83,PLN,3819,NEW,BLIK
1782.35,PLN,4895,NEW,CARD
1387.49,PLN,391,FAILED,CARD
959.26,EUR,2483,PAID,BLIK
344.0,USD,3941,FAILED,CARD
3109.7,PLN,2025,PAID,CARD
4129.29,USD,389,NEW,BLIK
980.13,PLN,3957,FAILED,BLIK
2113.68,USD,3325,PAID,BLIK
208.33,EUR,1641,PAID,BLIK
522.98,USD,2071,PAID,CARD
3666.61,PLN,2471,NEW,CARD
1920.98,USD,83,PAID,TRANSFER
3160.97,USD,1675,FAILED,CARD
1556.99,EUR,1329,PAID,TRANSFER
2826.79,USD,432,NEW,BLIK
2223.06,USD,4415,FAILED,CARD
4722.86,EUR,3520,PAID,CARD
2729.71,EUR,3215,PAID,BLIK
3832.88,EUR,2405,FAILED,BLIK
613.78,USD,2534,PAID,TRANSFER
1756.4,USD,3615,PAID,TRANSFER
1710.22,USD,521,FAILED,BLIK
1598.3,USD,4034,FAILED,TRANSFER
333.07,EUR,4157,PAID,BLIK
3592.12,USD,3743,FAILED,BLIK
4235.09,USD,3484,FAILED,BLIK
580.49,PLN,1005,NEW,TRANSFER
1389.99,PLN,4993,FAILED,TRANSFER
4306.83,PLN,248,NEW,BLIK
1652.38,USD,4079,FAILED,TRANSFER
1339.64,EUR,2977,PAID,TRANSFER
533.14,PLN,1478,PAID,CARD
1304.8,PLN,1118,NEW,BLIK
1183.21,EUR,1296,NEW,CARD
637.24,EUR,3199,FAILED,BLIK
4902.45,USD,3033,NEW,TRANSFER
42.57,PLN,2677,PAID,TRANSFER
311.79,PLN,509,FAILED,CARD
364.37,EUR,714,NEW,CARD
2608.83,EUR,4852,FAILED,TRANSFER
3996.28,EUR,1597,NEW,TRANSFER
147.55,USD,2499,NEW,CARD
1555.28,EUR,93,FAILED,BLIK
2049.98,EUR,231,FAILED,BLIK
3087.81,USD,1533,FAILED,TRANSFER
2892.46,USD,1800,FAILED,CARD
3218.81,USD,1301,FAILED,TRANSFER
2921.37,EUR,1443,NEW,TRANSFER
1940.61,EUR,1869,NEW,BLIK
109.64,EUR,1926,PAID,CARD
1773.53,EUR,4821,FAILED,BLIK
4080.74,PLN,1929,FAILED,CARD
886.64,USD,2056,FAILED,TRANSFER
3916.79,USD,1790,PAID,CARD
3139.49,USD,3468,NEW,TRANSFER
945.04,EUR,2883,PAID,CARD
4647.16,EUR,4804,NEW,CARD
4798.35,USD,2656,NEW,TRANSFER
267.94,USD,4234,NEW,BLIK
4579.61,EUR,4703,PAID,TRANSFER
2569.4,EUR,438,NEW,TRANSFER
370.77,EUR,2905,NEW,BLIK
3678.41,PLN,515,NEW,TRANSFER
1714.14,EUR,577,FAILED,CARD
56.33,PLN,1740,FAILED,CARD
2295.59,EUR,1189,NEW,BLIK
3502.28,EUR,3539,NEW,CARD
3140.08,USD,2769,NEW,CARD
315.43,EUR,2872,PAID,CARD
1859.88,USD,2488,NEW,TRANSFER
1429.95,USD,4585,NEW,CARD
3603.43,EUR,3538,NEW,BLIK
4450.59,EUR,4450,PAID,CARD
2616.64,PLN,3368,FAILED,CARD
3299.58,EUR,243,FAILED,CARD
2335.72,EUR,4611,FAILED,CARD
3715.47,PLN,2197,FAILED,CARD
503.69,PLN,3,NEW,BLIK
1988.0,PLN,3789,FAILED,TRANSFER
4259.26,PLN,1463,PAID,TRANSFER
4412.17,USD,2653,NEW,CARD
3761.23,USD,52,PAID,TRANSFER
314.48,PLN,242,FAILED,TRANSFER
2770.23,PLN,1250,PAID,CARD
4703.36,USD,2402,FAILED,BLIK
3391.61,USD,4936,PAID,BLIK
637.1,PLN,3562,FAILED,BLIK
98.15,USD,2722,FAILED,TRANSFER
1218.64,USD,3685,PAID,CARD
4556.88,EUR,3820,PAID,TRANSFER
478.33,PLN,1822,PAID,CARD
1599.84,PLN,3042,FAILED,TRANSFER
1710.49,USD,2678,NEW,BLIK
1686.57,USD,2938,FAILED,TRANSFER
3948.31,PLN,4264,FAILED,CARD
3725.38,PLN,3115,NEW,BLIK
548.23,PLN,3297,PAID,BLIK
2480.59,USD,2338,PAID,BLIK
1057.29,USD,3566,FAILED,CARD
3827.06,PLN,2392,NEW,CARD
4246.2,EUR,3619,PAID,CARD
1037.51,EUR,4954,PAID,CARD
1557.4,PLN,4711,NEW,TRANSFER
2392.49,PLN,1564,PAID,TRANSFER
4722.0,EUR,3864,FAILED,TRANSFER
3908.11,PLN,3980,FAILED,CARD
3476.36,USD,3619,FAILED,CARD
2839.57,USD,149,FAILED,BLIK
1071.16,EUR,3626,FAILED,BLIK
3603.95,PLN,1746,NEW,CARD
1542.33,EUR,934,NEW,TRANSFER
4712.42,USD,4966,NEW,CARD
4091.64,PLN,1743,PAID,BLIK
3888.51,USD,2968,FAILED,TRANSFER
63.51,USD,502,NEW,CARD
4203.59,EUR,636,PAID,TRANSFER
2112.75,EUR,4678,NEW,BLIK
1864.6,PLN,2691,NEW,TRANSFER
372.87,EUR,1453,PAID,CARD
4858.56,EUR,4819,NEW,CARD
230.72,PLN,4603,NEW,BLIK
1130.77,USD,2034,NEW,BLIK
4169.88,PLN,3177,PAID,CARD
3721.99,PLN,3990,FAILED,CARD
3977.46,EUR,4207,NEW,TRANSFER
2397.65,USD,3530,NEW,TRANSFER
1112.71,EUR,2311,NEW,BLIK
2209.14,USD,430,PAID,BLIK
2212.65,EUR,2299,NEW,BLIK
2746.02,USD,1369,FAILED,CARD
636.85,USD,1352,PAID,TRANSFER
2984.33,USD,1747,NEW,TRANSFER
65.75,EUR,2036,NEW,CARD
2189.69,PLN,178,FAILED,BLIK
1556.68,PLN,4782,PAID,TRANSFER
704.05,USD,1649,FAILED,TRANSFER
910.2,EUR,1641,NEW,TRANSFER
2228.28,EUR,1623,PAID,CARD
3729.26,USD,2713,FAILED,CARD
1579.89,EUR,3778,FAILED,BLIK
2212.69,PLN,1898,NEW,TRANSFER
2402.11,EUR,318,PAID,CARD
3313.89,PLN,3272,PAID,CARD
969.57,PLN,1107,NEW,TRANSFER
2118.02,PLN,246,PAID,BLIK
4782.22,EUR,4817,PAID,TRANSFER
3398.65,PLN,3534,NEW,BLIK
19.43,EUR,1031,FAILED,BLIK
25.32,EUR,752,PAID,CARD
625.72,USD,4991,FAILED,BLIK
1749.05,USD,4892,NEW,BLIK
2383.83,USD,4596,NEW,BLIK
3516.1,PLN,3540,PAID,TRANSFER
2277.22,USD,2270,PAID,BLIK
4497.6,USD,430,PAID,BLIK
117.85,EUR,424,NEW,TRANSFER
971.61,PLN,1474,FAILED,TRANSFER
4086.64,EUR,2041,NEW,TRANSFER
165.54,EUR,1226,PAID,CARD
1108.25,USD,1474,FAILED,BLIK
380.16,EUR,1859,FAILED,TRANSFER
120.15,EUR,1080,FAILED,CARD
1319.7,PLN,2585,NEW,CARD
337.36,PLN,4112,PAID,CARD
3555.52,EUR,974,FAILED,CARD
4938.24,PLN,4502,PAID,TRANSFER
4798.17,PLN,1308,PAID,BLIK
2866.59,EUR,3458,PAID,BLIK
4193.98,EUR,1131,NEW,TRANSFER
62.83,EUR,2043,NEW,BLIK
63.63,USD,1576,PAID,BLIK
4727.64,PLN,1564,PAID,BLIK
601.54,USD,3416,FAILED,TRANSFER
1823.15,EUR,2099,PAID,CARD
634.61,PLN,3274,PAID,TRANSFER
2832.88,EUR,4802,FAILED,CARD
2372.32,EUR,2500,PAID,TRANSFER
2045.95,EUR,2662,NEW,BLIK
2805.11,USD,3687,FAILED,TRANSFER
1526.38,EUR,3560,NEW,TRANSFER
3496.92,USD,446,NEW,TRANSFER
2379.57,USD,3893,PAID,TRANSFER
1470.85,PLN,1860,PAID,BLIK
2231.17,PLN,855,FAILED,CARD
4252.41,PLN,2018,FAILED,TRANSFER
2356.75,USD,763,NEW,BLIK
4423.82,PLN,4170,NEW,BLIK
3841.52,USD,3996,PAID,BLIK
3442.17,EUR,1578,NEW,CARD
239.05,USD,352,PAID,TRANSFER
2349.98,USD,1268,PAID,BLIK
3788.19,PLN,1703,FAILED,TRANSFER
3784.71,USD,1782,PAID,BLIK
1354.96,USD,4732,FAILED,TRANSFER
2770.58,USD,3861,NEW,CARD
1248.11,PLN,554,FAILED,CARD
3348.67,EUR,3563,FAILED,TRANSFER
3905.65,USD,2142,FAILED,TRANSFER
4144.5,PLN,4529,NEW,TRANSFER
64.52,PLN,4413,NEW,TRANSFER
1362.15,PLN,3727,PAID,TRANSFER
4280.56,EUR,4644,NEW,CARD
4804.4,USD,4352,PAID,BLIK
2200.91,PLN,1346,NEW,TRANSFER
2918.87,PLN,2729,PAID,TRANSFER
2939.57,PLN,3853,PAID,TRANSFER
3987.3,EUR,2735,PAID,BLIK
3898.3,EUR,3541,NEW,BLIK
608.34,EUR,4787,NEW,TRANSFER
2957.4,USD,3771,FAILED,BLIK
2122.82,USD,4447,PAID,TRANSFER
3232.03,EUR,360,NEW,CARD
3007.24,PLN,2472,FAILED,BLIK
3349.95,PLN,1885,NEW,CARD
1267.09,EUR,1042,PAID,TRANSFER
1381.2,PLN,3976,FAILED,TRANSFER
1947.28,EUR,4643,PAID,TRANSFER
1341.5,EUR,1431,NEW,BLIK
3252.57,USD,422,PAID,TRANSFER
3495.7,EUR,1102,PAID,TRANSFER
3944.16,USD,2137,NEW,BLIK
4654.58,USD,2782,NEW,CARD
1442.05,EUR,3559,FAILED,TRANSFER
3398.77,USD,4378,FAILED,BLIK
2950.23,EUR,3728,PAID,CARD
1622.36,USD,1787,FAILED,BLIK
503.15,EUR,1874,NEW,CARD
3692.04,USD,1985,NEW,CARD
3942.35,USD,2400,NEW,TRANSFER
776.17,PLN,1116,PAID,TRANSFER
2652.26,EUR,4782,NEW,CARD
2904.24,EUR,3788,NEW,TRANSFER
525.02,EUR,2963,PAID,BLIK
2761.98,PLN,1650,FAILED,CARD
2792.4,USD,1611,PAID,TRANSFER
3577.64,PLN,1677,NEW,CARD
1115.41,EUR,2687,NEW,BLIK
3805.66,EUR,604,PAID,CARD
4072.59,USD,160,NEW,TRANSFER
4149.86,EUR,4119,PAID,BLIK
292.38,PLN,2383,FAILED,CARD
3932.74,USD,4126,FAILED,CARD
1565.25,EUR,4373,NEW,BLIK
2029.39,PLN,4285,FAILED,TRANSFER
3314.56,USD,4079,FAILED,CARD
2488.04,EUR,4313,PAID,CARD
2278.02,EUR,3124,PAID,BLIK
1814.53,PLN,736,NEW,BLIK
4587.82,USD,2678,PAID,BLIK
1979.02,EUR,1142,PAID,BLIK
3835.71,PLN,3440,NEW,BLIK
4695.3,EUR,2442,NEW,BLIK
765.68,EUR,3675,FAILED,CARD
4744.57,USD,1664,PAID,TRANSFER
654.5,PLN,4360,NEW,TRANSFER
4148.94,PLN,1219,PAID,CARD
2814.91,EUR,979,PAID,TRANSFER
2451.44,EUR,763,FAILED,BLIK
4086.44,EUR,1358,FAILED,BLIK
391.89,USD,4810,NEW,TRANSFER
670.01,USD,4177,NEW,BLIK
148.53,EUR,2879,FAILED,BLIK
1483.72,EUR,825,PAID,CARD
2684.02,USD,4233,PAID,TRANSFER
4666.99,USD,1039,FAILED,TRANSFER
739.8,PLN,4940,PAID,CARD
353.31,EUR,1818,NEW,CARD
1924.74,EUR,3419,PAID,BLIK
4450.04,EUR,4663,FAILED,CARD
3395.96,EUR,4729,NEW,TRANSFER
1009.02,EUR,1218,PAID,BLIK
3202.31,PLN,3658,NEW,BLIK
4818.13,USD,3521,NEW,TRANSFER
2093.68,PLN,891,FAILED,TRANSFER
3222.02,PLN,4013,FAILED,CARD
4053.48,PLN,3472,FAILED,TRANSFER
1764.2,USD,1791,NEW,BLIK
3824.27,EUR,2421,PAID,TRANSFER
2480.63,PLN,4785,PAID,CARD
4153.72,USD,1152,PAID,TRANSFER
1159.05,USD,672,NEW,TRANSFER
2833.36,EUR,1334,NEW,BLIK
3904.65,PLN,175,NEW,TRANSFER
1989.6,EUR,2884,PAID,BLIK
3934.93,EUR,4877,FAILED,BLIK
606.96,PLN,4426,NEW,BLIK
3619.76,PLN,813,FAILED,BLIK
2788.16,PLN,1826,NEW,CARD
2661.39,EUR,1550,NEW,CARD
253.6,PLN,1797,FAILED,CARD
3712.56,USD,2512,NEW,TRANSFER
1450.16,USD,2791,FAILED,TRANSFER
1267.21,PLN,4058,PAID,TRANSFER
1021.81,EUR,1428,PAID,TRANSFER
709.04,EUR,1699,NEW,TRANSFER
4437.59,USD,4940,NEW,TRANSFER
1612.13,EUR,3506,PAID,TRANSFER
569.38,PLN,1454,FAILED,CARD
88.4,PLN,478,PAID,CARD
2239.14,PLN,520,FAILED,TRANSFER
1218.64,PLN,2022,FAILED,TRANSFER
1469.22,USD,1907,FAILED,CARD
2953.38,PLN,3091,NEW,CARD
3684.91,PLN,4123,FAILED,TRANSFER
3943.05,USD,3000,FAILED,CARD
3867.71,PLN,4708,PAID,BLIK
4175.04,PLN,4359,FAILED,CARD
4501.52,USD,3379,NEW,TRANSFER
3907.91,PLN,1953,PAID,BLIK
2522.61,USD,1358,NEW,TRANSFER
2096.71,EUR,3746,PAID,CARD
784.63,EUR,2914,FAILED,TRANSFER
2063.27,EUR,1745,NEW,BLIK
1225.75,USD,3089,NEW,CARD
2313.26,PLN,3647,PAID,TRANSFER
3570.47,PLN,565,NEW,CARD
4972.48,PLN,968,FAILED,TRANSFER
3414.61,EUR,1962,NEW,CARD
794.77,USD,1572,NEW,TRANSFER
963.67,USD,1049,FAILED,TRANSFER
4665.73,PLN,312,FAILED,CARD
709.53,EUR,3835,FAILED,CARD
2159.39,PLN,1954,NEW,BLIK
3091.72,EUR,4829,FAILED,TRANSFER
4509.08,PLN,1002,NEW,BLIK
4706.41,USD,4498,FAILED,BLIK
450.94,PLN,4555,FAILED,BLIK
4132.81,USD,669,NEW,TRANSFER
4745.4,USD,1595,PAID,TRANSFER
1362.37,USD,3070,NEW,BLIK
4667.44,PLN,892,PAID,BLIK
1312.23,PLN,1053,FAILED,CARD
2669.15,PLN,3088,NEW,TRANSFER
2593.17,EUR,607,NEW,CARD
1598.65,PLN,2453,PAID,BLIK
2422.33,USD,3144,FAILED,CARD
1721.57,EUR,8,NEW,BLIK
1646.77,PLN,4338,FAILED,TRANSFER
2817.5,PLN,3990,NEW,TRANSFER
4044.61,PLN,4798,PAID,TRANSFER
648.95,PLN,2587,PAID,BLIK
624.94,USD,4487,NEW,BLIK
3332.28,PLN,96,NEW,TRANSFER
3234.98,EUR,347,FAILED,CARD
708.23,EUR,2275,FAILED,BLIK
3732.35,PLN,3458,NEW,CARD
3608.09,PLN,887,PAID,BLIK
2285.35,EUR,2069,NEW,BLIK
242.77,USD,420,NEW,BLIK
1192.91,PLN,3474,FAILED,CARD
859.61,USD,2209,FAILED,TRANSFER
1844.63,USD,3794,NEW,BLIK
3006.23,USD,578,FAILED,CARD
428.82,USD,2350,PAID,BLIK
1288.04,EUR,846,FAILED,CARD
4191.88,EUR,2740,FAILED,BLIK
4139.68,PLN,1456,NEW,BLIK
16.47,USD,1260,FAILED,CARD
966.37,PLN,77,PAID,CARD
1107.04,EUR,1582,NEW,TRANSFER
3277.0,PLN,1674,NEW,BLIK
4458.35,USD,3090,NEW,TRANSFER
3122.78,PLN,4245,PAID,BLIK
1161.18,EUR,1324,FAILED,TRANSFER
4860.43,PLN,1300,PAID,TRANSFER
4179.91,USD,495,NEW,BLIK
3004.92,USD,1609,FAILED,BLIK
2018.26,PLN,257,FAILED,CARD
2711.23,PLN,372,PAID,TRANSFER
3782.49,EUR,1549,NEW,TRANSFER
4442.96,EUR,1638,FAILED,CARD
2056.06,EUR,3807,PAID,BLIK
1092.21,PLN,2587,PAID,CARD
2372.79,PLN,178,PAID,TRANSFER
4569.99,PLN,2172,PAID,TRANSFER
377.89,USD,325,PAID,CARD
1412.44,EUR,1005,FAILED,BLIK
2027.25,PLN,2161,FAILED,BLIK
2815.36,PLN,4381,PAID,CARD
4498.89,USD,3204,NEW,CARD
294.87,EUR,1337,FAILED,BLIK
1239.82,EUR,3532,NEW,CARD
1186.79,USD,1072,NEW,BLIK
3772.37,EUR,4586,FAILED,TRANSFER
216.04,EUR,4084,NEW,TRANSFER
34.45,PLN,3963,FAILED,BLIK
3114.93,USD,4274,NEW,TRANSFER
894.11,EUR,189,PAID,BLIK
1348.0,USD,3987,PAID,BLIK
4473.58,EUR,249,FAILED,BLIK
818.55,EUR,1602,PAID,TRANSFER
4544.73,PLN,4264,NEW,TRANSFER
3745.8,USD,3175,FAILED,CARD
367.72,PLN,3756,FAILED,CARD
3272.76,PLN,1736,FAILED,TRANSFER
813.19,USD,4670,NEW,CARD
2982.37,USD,4339,FAILED,BLIK
1620.86,EUR,4234,PAID,BLIK
4230.76,USD,2091,FAILED,TRANSFER
2517.43,USD,2472,FAILED,BLIK
2525.25,PLN,1705,PAID,TRANSFER
1144.88,PLN,897,FAILED,CARD
3669.19,USD,16,PAID,CARD
1990.92,PLN,1348,NEW,BLIK
2246.4,EUR,3431,PAID,CARD
1770.9,USD,4130,FAILED,TRANSFER
2582.2,EUR,56,NEW,TRANSFER
4898.18,PLN,3792,NEW,BLIK
2743.24,USD,2091,NEW,CARD
4080.91,EUR,1045,NEW,CARD
1204.49,PLN,3788,FAILED,BLIK
83.97,USD,4771,PAID,BLIK
3906.86,USD,3094,NEW,BLIK
314.34,USD,3851,NEW,CARD
363.67,USD,2464,FAILED,BLIK
2853.97,PLN,904,PAID,CARD
1776.23,PLN,3637,FAILED,TRANSFER
4771.5,PLN,3525,FAILED,CARD
1672.37,PLN,425,PAID,BLIK
3585.11,PLN,2504,NEW,CARD
600.65,USD,1126,PAID,CARD
2961.45,PLN,2872,NEW,BLIK
2825.58,USD,4294,FAILED,CARD
420.61,EUR,2729,NEW,TRANSFER
1238.33,PLN,4789,PAID,CARD
2526.95,PLN,4761,NEW,CARD
120.01,EUR,931,NEW,CARD
3522.58,PLN,3716,FAILED,BLIK
153.12,EUR,1377,PAID,CARD
1332.65,EUR,3493,NEW,BLIK
2615.75,PLN,2996,PAID,TRANSFER
3090.73,USD,3389,PAID,TRANSFER
3319.92,PLN,2722,FAILED,CARD
4987.85,PLN,3568,NEW,TRANSFER
1917.68,USD,398,NEW,BLIK
2729.85,PLN,262,PAID,BLIK
279.0,USD,539,NEW,CARD
3310.27,PLN,3838,FAILED,CARD
1576.81,USD,2411,PAID,BLIK
1486.8,USD,829,PAID,CARD
4056.9,PLN,2268,NEW,CARD
1399.16,USD,345,PAID,TRANSFER
3654.26,PLN,336,NEW,BLIK
4747.96,USD,442,NEW,CARD
2427.49,EUR,3049,NEW,BLIK
4745.0,USD,2390,NEW,BLIK
2398.5,PLN,3865,PAID,CARD
104.24,PLN,582,NEW,TRANSFER
40.86,PLN,2673,PAID,BLIK
3977.38,USD,4330,FAILED,BLIK
993.56,EUR,3489,PAID,TRANSFER
3290.71,USD,2107,PAID,BLIK
3154.1,PLN,267,FAILED,BLIK
1778.88,USD,3076,NEW,TRANSFER
2693.79,USD,1028,PAID,CARD
1363.31,PLN,1301,PAID,TRANSFER
2637.38,EUR,3817,NEW,BLIK
1238.79,PLN,1970,FAILED,BLIK
362.74,EUR,4356,PAID,TRANSFER
3680.28,USD,4016,NEW,BLIK
1497.61,PLN,1643,FAILED,CARD
3844.93,EUR,1419,FAILED,TRANSFER
1220.53,EUR,2989,FAILED,BLIK
1311.26,PLN,1246,PAID,CARD
130.63,USD,3826,NEW,BLIK
39.77,USD,4934,FAILED,CARD
482.29,EUR,3511,PAID,CARD
236.88,EUR,1600,NEW,CARD
1708.9,EUR,4478,NEW,BLIK
2191.94,EUR,769,NEW,BLIK
4925.1,EUR,2944,FAILED,BLIK
3552.6,PLN,2986,FAILED,TRANSFER
3754.52,PLN,2830,FAILED,BLIK
3642.8,EUR,458,FAILED,CARD
2077.23,USD,1272,NEW,BLIK
4747.13,EUR,2880,FAILED,TRANSFER
3235.53,USD,1577,PAID,TRANSFER
4664.03,EUR,354,NEW,BLIK
2372.81,EUR,798,PAID,TRANSFER
489.41,USD,132,NEW,CARD
3404.93,EUR,4471,FAILED,TRANSFER
1096.47,PLN,2784,PAID,BLIK
2166.53,PLN,2760,FAILED,CARD
634.25,PLN,1269,NEW,BLIK
3903.84,PLN,1217,PAID,BLIK
3393.03,EUR,1431,FAILED,CARD
1901.95,USD,2360,NEW,CARD
2311.38,EUR,4072,NEW,TRANSFER
2490.35,PLN,3983,NEW,CARD
2065.87,PLN,1558,PAID,BLIK
3552.8,EUR,3425,PAID,CARD
4979.75,EUR,2472,PAID,CARD
1573.52,PLN,3087,FAILED,BLIK
2266.38,EUR,4374,PAID,TRANSFER
2648.89,USD,1098,FAILED,BLIK
1146.01,PLN,532,PAID,CARD
3442.98,PLN,4417,NEW,BLIK
3953.51,EUR,1934,FAILED,TRANSFER
4264.1,USD,3849,FAILED,TRANSFER
4476.58,PLN,4202,NEW,BLIK
1885.63,PLN,4016,PAID,TRANSFER
4034.96,USD,4381,NEW,BLIK
4249.26,USD,1076,FAILED,TRANSFER
2348.16,EUR,3057,FAILED,TRANSFER
2989.72,USD,2324,NEW,BLIK
2301.47,PLN,395,FAILED,CARD
3691.78,EUR,491,PAID,TRANSFER
2933.75,USD,4071,NEW,CARD
981.85,USD,3566,NEW,BLIK
2668.51,USD,1590,NEW,BLIK
2733.16,PLN,3729,PAID,BLIK
3721.38,PLN,4201,NEW,TRANSFER
216.91,USD,355,FAILED,BLIK
1279.11,USD,4587,FAILED,CARD
3688.56,PLN,3349,PAID,CARD
1821.57,EUR,1506,FAILED,BLIK
1490.3,PLN,2504,PAID,BLIK
1261.67,PLN,1216,FAILED,CARD
4961.68,EUR,750,PAID,BLIK
4108.51,USD,2556,NEW,CARD
3670.71,USD,2528,PAID,TRANSFER
4503.53,PLN,2889,NEW,TRANSFER
853.16,EUR,3810,FAILED,TRANSFER
4485.77,PLN,4196,NEW,CARD
1683.58,EUR,4515,PAID,BLIK
2009.04,USD,284,PAID,BLIK
2561.94,USD,1535,PAID,TRANSFER
4193.66,PLN,1180,NEW,BLIK
2152.82,EUR,2687,PAID,TRANSFER
3627.56,EUR,530,PAID,TRANSFER
508.18,USD,3231,PAID,BLIK
4011.08,PLN,4132,NEW,TRANSFER
160.47,PLN,1810,FAILED,BLIK
2908.35,USD,3209,FAILED,CARD
3295.38,EUR,154,PAID,TRANSFER
3531.88,PLN,2076,NEW,CARD
932.7,PLN,3677,PAID,BLIK
809.96,PLN,4588,FAILED,CARD
2582.34,USD,1110,PAID,CARD
681.57,EUR,4521,FAILED,TRANSFER
4701.83,USD,2770,PAID,TRANSFER
3916.16,PLN,3126,NEW,CARD
3807.88,EUR,4617,NEW,BLIK
3649.14,USD,1679,PAID,CARD
2798.56,PLN,4723,NEW,TRANSFER
1121.12,USD,3307,PAID,CARD
651.82,USD,662,FAILED,BLIK
3394.86,USD,1039,FAILED,BLIK
4017.87,USD,3658,FAILED,CARD
402.07,PLN,1161,PAID,BLIK
180.26,EUR,2424,NEW,BLIK
4430.87,USD,1017,NEW,TRANSFER
2218.19,PLN,34,NEW,CARD
249.83,EUR,2934,PAID,TRANSFER
1286.74,PLN,2766,NEW,CARD
2036.76,USD,3847,PAID,TRANSFER
4167.29,PLN,1313,PAID,BLIK
335.2,USD,4263,PAID,TRANSFER
4271.13,USD,3683,FAILED,CARD
248.5,EUR,3352,FAILED,TRANSFER
4150.84,PLN,1590,FAILED,BLIK
1319.23,USD,4619,NEW,CARD
1084.89,EUR,3640,PAID,BLIK
2178.37,USD,3841,PAID,CARD
4932.51,USD,3509,PAID,TRANSFER
4213.29,PLN,4425,PAID,TRANSFER
2606.62,PLN,1092,FAILED,TRANSFER
837.85,EUR,967,PAID,TRANSFER
3080.42,PLN,460,PAID,CARD
4141.82,USD,1236,NEW,CARD
1780.58,EUR,1129,FAILED,BLIK
3027.57,EUR,2546,NEW,TRANSFER
4401.3,PLN,1170,NEW,CARD
3704.98,USD,3669,FAILED,CARD
4609.21,USD,3179,FAILED,CARD
2193.14,PLN,3261,PAID,TRANSFER
1306.51,PLN,4802,FAILED,BLIK
2740.34,USD,3743,NEW,CARD
4161.8,EUR,418,PAID,CARD
1391.36,PLN,948,FAILED,TRANSFER
3610.84,EUR,1431,PAID,TRANSFER
3470.15,PLN,728,NEW,CARD
754.26,EUR,1755,PAID,TRANSFER
4471.24,USD,4293,FAILED,CARD
1704.7,EUR,1470,FAILED,TRANSFER
2435.63,PLN,442,NEW,BLIK
1675.7,EUR,947,PAID,TRANSFER
2351.71,PLN,621,FAILED,TRANSFER
3979.76,EUR,1453,FAILED,TRANSFER
3731.14,EUR,1732,FAILED,CARD
4428.13,EUR,4378,FAILED,TRANSFER
2270.6,EUR,4693,NEW,TRANSFER
4549.7,EUR,3737,PAID,CARD
507.14,PLN,2038,PAID,TRANSFER
4042.29,EUR,4756,NEW,TRANSFER
1652.13,PLN,3725,PAID,BLIK
3042.68,PLN,416,NEW,TRANSFER
88.41,PLN,3093,NEW,TRANSFER
4285.61,USD,4211,NEW,TRANSFER
4773.23,EUR,3316,FAILED,BLIK
4871.81,USD,2521,FAILED,BLIK
4627.78,PLN,2419,FAILED,BLIK
2469.74,PLN,1687,PAID,BLIK
1219.55,PLN,4942,NEW,TRANSFER
793.76,EUR,3796,PAID,TRANSFER
519.01,PLN,1063,PAID,TRANSFER
4270.45,EUR,4205,PAID,TRANSFER
4199.59,PLN,1571,NEW,BLIK
3428.59,EUR,3549,PAID,CARD
2387.03,USD,3531,PAID,TRANSFER
4265.11,EUR,3835,PAID,TRANSFER
3721.61,USD,4271,NEW,CARD
3684.61,EUR,3396,FAILED,TRANSFER
2307.3,PLN,4227,NEW,CARD
2924.53,PLN,586,PAID,BLIK
1081.58,PLN,3701,FAILED,BLIK
644.19,PLN,932,PAID,BLIK
337.11,EUR,2183,FAILED,BLIK
1911.49,PLN,1806,FAILED,CARD
1282.75,USD,3024,PAID,CARD
3474.54,USD,4850,PAID,TRANSFER
1732.96,EUR,1941,PAID,BLIK
914.65,EUR,4586,PAID,CARD
3073.77,EUR,4729,PAID,CARD
4076.72,USD,2234,PAID,TRANSFER
2019.86,USD,4417,NEW,TRANSFER
4874.33,EUR,3926,PAID,TRANSFER
1605.18,EUR,1446,FAILED,BLIK
4363.22,EUR,2916,NEW,TRANSFER
544.47,USD,3987,NEW,BLIK
958.33,USD,145,FAILED,TRANSFER
3752.35,EUR,4416,PAID,BLIK
2670.45,USD,2397,FAILED,TRANSFER
1210.86,USD,1329,NEW,TRANSFER
1046.56,EUR,16,PAID,BLIK
2932.62,PLN,772,PAID,BLIK
3933.68,PLN,3733,PAID,BLIK
4277.96,EUR,1178,PAID,CARD
4829.07,PLN,4688,NEW,TRANSFER
4697.47,USD,751,PAID,TRANSFER
4535.65,EUR,2577,FAILED,TRANSFER
3130.94,USD,3742,FAILED,TRANSFER
993.81,USD,811,FAILED,TRANSFER
1256.02,EUR,2124,NEW,TRANSFER
1987.36,PLN,2212,PAID,BLIK
3195.51,EUR,3993,PAID,CARD
4914.84,PLN,3137,NEW,BLIK
2090.69,EUR,3333,PAID,TRANSFER
2715.07,USD,3061,NEW,TRANSFER
884.71,EUR,124,FAILED,BLIK
4463.14,PLN,3665,PAID,TRANSFER
3795.46,USD,1480,PAID,CARD
2422.76,USD,1664,FAILED,CARD
4032.1,EUR,4135,PAID,TRANSFER
2971.23,EUR,2379,FAILED,BLIK
4524.49,USD,786,PAID,BLIK
2141.85,USD,4988,PAID,BLIK
3355.17,USD,1801,FAILED,BLIK
769.74,EUR,3875,PAID,BLIK
2642.43,PLN,3957,PAID,CARD
516.47,USD,3192,FAILED,BLIK
4013.24,USD,3510,NEW,CARD
3901.33,EUR,4506,PAID,CARD
972.58,EUR,1219,NEW,CARD
4867.29,USD,2923,PAID,TRANSFER
3902.13,EUR,984,PAID,CARD
894.18,EUR,2484,FAILED,BLIK
2317.94,EUR,648,NEW,CARD
1048.07,PLN,2519,PAID,CARD
3724.95,USD,3281,FAILED,TRANSFER
1185.13,PLN,924,FAILED,CARD
474.03,PLN,1205,FAILED,CARD
3608.63,EUR,3807,PAID,TRANSFER
2565.52,USD,3752,NEW,BLIK
2476.27,PLN,4915,FAILED,BLIK
3271.0,EUR,4020,FAILED,CARD
3671.25,USD,267,FAILED,BLIK
1868.48,USD,1661,PAID,BLIK
4667.83,EUR,106,FAILED,TRANSFER
451.97,EUR,1149,NEW,CARD
1166.54,USD,772,PAID,TRANSFER
1402.77,PLN,2005,PAID,BLIK
2531.21,EUR,2974,FAILED,BLIK
2879.4,EUR,4775,FAILED,BLIK
1807.98,EUR,407,FAILED,BLIK
4320.13,USD,2886,NEW,CARD
383.24,USD,556,FAILED,BLIK
4525.21,USD,740,NEW,CARD
4092.24,USD,3395,PAID,BLIK
1091.51,PLN,1842,FAILED,BLIK
139.36,USD,4948,NEW,TRANSFER
4580.88,PLN,4309,NEW,CARD
449.59,EUR,4228,NEW,CARD
2000.71,EUR,1278,NEW,TRANSFER
3664.95,USD,2226,FAILED,BLIK
3156.44,EUR,3275,PAID,TRANSFER
4113.03,PLN,3578,NEW,BLIK
2385.22,EUR,333,PAID,BLIK
1614.52,EUR,2527,FAILED,BLIK
3413.03,PLN,3875,NEW,CARD
484.54,PLN,479,PAID,BLIK
623.32,PLN,4260,FAILED,BLIK
2087.2,USD,3678,FAILED,CARD
2765.89,EUR,1677,FAILED,TRANSFER
2534.67,USD,3540,FAILED,CARD
1667.38,EUR,3819,NEW,CARD
864.46,USD,304,NEW,TRANSFER
2435.35,PLN,550,PAID,CARD
906.79,EUR,477,FAILED,TRANSFER
104.73,USD,4191,PAID,BLIK
4407.05,EUR,3152,PAID,CARD
1255.04,EUR,3476,PAID,CARD
3951.56,PLN,2794,FAILED,CARD
171.12,EUR,3627,NEW,CARD
2300.71,EUR,2932,NEW,CARD
1886.82,PLN,1470,NEW,BLIK
2332.73,USD,4052,NEW,TRANSFER
4440.55,PLN,1223,FAILED,TRANSFER
845.08,USD,3076,NEW,CARD
4880.49,USD,3990,NEW,TRANSFER
3888.29,EUR,515,PAID,CARD
4024.46,PLN,4133,PAID,BLIK
118.38,EUR,4827,NEW,CARD
4805.98,EUR,1377,NEW,BLIK
4459.91,USD,1599,PAID,CARD
2462.38,EUR,1095,NEW,CARD
3345.32,PLN,4188,FAILED,CARD
477.58,PLN,1883,FAILED,TRANSFER
718.41,PLN,3391,FAILED,BLIK
19.56,EUR,1544,PAID,TRANSFER
4556.66,PLN,2758,FAILED,CARD
4009.81,USD,3939,NEW,BLIK
4292.62,USD,4672,NEW,BLIK
3580.21,EUR,3104,PAID,TRANSFER
513.84,EUR,1218,PAID,TRANSFER
2758.46,PLN,1800,FAILED,BLIK
3193.2,PLN,4388,NEW,BLIK
3313.75,PLN,2552,FAILED,BLIK
264.17,PLN,3823,FAILED,TRANSFER
2867.19,PLN,2904,NEW,CARD
2023.92,EUR,3602,NEW,TRANSFER
694.37,EUR,3551,NEW,BLIK
2804.68,USD,671,PAID,BLIK
134.53,EUR,1797,FAILED,CARD
235.29,PLN,886,FAILED,CARD
1201.4,USD,357,PAID,TRANSFER
3070.25,USD,3080,NEW,TRANSFER
892.24,USD,859,PAID,CARD
868.72,PLN,1760,PAID,BLIK
1026.03,USD,199,PAID,CARD
135.57,PLN,1565,FAILED,BLIK
4101.13,PLN,1608,FAILED,BLIK
1856.65,USD,4666,PAID,BLIK
3851.46,EUR,3500,FAILED,CARD
3704.48,PLN,2970,PAID,CARD
2869.85,EUR,4438,FAILED,TRANSFER
1022.65,USD,4860,NEW,CARD
932.13,USD,1352,PAID,CARD
3126.84,PLN,3696,NEW,BLIK
1996.98,PLN,3987,NEW,BLIK
1359.35,EUR,4561,PAID,TRANSFER
3274.43,USD,839,NEW,BLIK
3116.15,PLN,1596,FAILED,BLIK
341.32,USD,1231,NEW,CARD
2728.91,PLN,694,FAILED,BLIK
4820.45,PLN,242,FAILED,CARD
2736.54,PLN,1510,NEW,CARD
2061.22,USD,4726,PAID,BLIK
1774.37,USD,4688,FAILED,BLIK
2306.82,EUR,3027,PAID,CARD
2997.02,PLN,2708,PAID,BLIK
1503.59,USD,4968,PAID,CARD
4948.46,USD,20,NEW,CARD
1671.8,USD,378,PAID,CARD
1882.94,PLN,2488,FAILED,TRANSFER
3273.49,EUR,1380,PAID,BLIK
2326.81,PLN,2509,PAID,TRANSFER
3264.59,USD,3667,FAILED,BLIK
3436.19,EUR,2191,FAILED,TRANSFER
4865.08,USD,1353,FAILED,TRANSFER
713.64,EUR,4655,FAILED,BLIK
3981.33,USD,3574,NEW,TRANSFER
423.21,PLN,98,FAILED,CARD
4291.26,EUR,1479,FAILED,CARD
1080.98,PLN,3215,NEW,TRANSFER
3154.72,PLN,3995,FAILED,TRANSFER
2640.29,USD,3700,PAID,BLIK
4317.26,PLN,1812,NEW,BLIK
2947.03,PLN,230,NEW,CARD
3615.56,PLN,394,FAILED,BLIK
702.63,PLN,601,NEW,TRANSFER
2566.98,PLN,395,FAILED,BLIK
3249.81,EUR,4618,FAILED,BLIK
3312.93,USD,4078,PAID,BLIK
3722.97,USD,422,PAID,BLIK
3991.27,EUR,197,NEW,CARD
1358.89,EUR,4252,FAILED,TRANSFER
3659.55,PLN,2458,FAILED,BLIK
4592.57,USD,1281,NEW,BLIK
118.53,USD,1723,FAILED,TRANSFER
1934.26,USD,933,FAILED,CARD
4782.81,USD,1459,PAID,TRANSFER
4757.72,USD,4366,PAID,TRANSFER
277.74,USD,1269,FAILED,BLIK
1443.33,USD,1401,FAILED,CARD
4440.29,USD,4820,PAID,CARD
2245.85,USD,1258,NEW,CARD
4184.74,USD,3664,FAILED,TRANSFER
4226.26,PLN,1613,NEW,CARD
2154.27,USD,403,NEW,CARD
1884.59,USD,826,NEW,CARD
1621.45,PLN,855,FAILED,CARD
4914.19,EUR,1360,NEW,BLIK
1864.9,USD,3883,NEW,TRANSFER
1626.04,EUR,4257,NEW,TRANSFER
174.11,USD,2413,NEW,TRANSFER
4730.75,EUR,3799,PAID,TRANSFER
2510.05,PLN,1586,FAILED,BLIK
4437.75,USD,3669,FAILED,TRANSFER
3621.2,USD,3775,NEW,TRANSFER
3795.12,EUR,320,NEW,CARD
1268.83,PLN,2958,PAID,TRANSFER
2562.73,EUR,4656,FAILED,TRANSFER
3640.47,PLN,1555,FAILED,TRANSFER
1227.97,USD,4382,PAID,CARD
3073.4,USD,4929,FAILED,TRANSFER
4988.96,PLN,2733,PAID,BLIK
2803.38,USD,2648,PAID,BLIK
4168.98,USD,3497,PAID,BLIK
2587.26,EUR,3686,FAILED,TRANSFER
939.31,EUR,1899,PAID,CARD
3637.75,EUR,3838,NEW,TRANSFER
3431.17,USD,2719,FAILED,BLIK
1981.46,EUR,859,FAILED,TRANSFER
4327.82,USD,376,FAILED,BLIK
4416.74,USD,2736,PAID,CARD
3323.22,PLN,4540,FAILED,BLIK
2158.9,USD,4039,PAID,BLIK
3777.75,EUR,1369,PAID,TRANSFER
1147.5,USD,2431,PAID,CARD
1471.09,PLN,3012,PAID,TRANSFER
3377.23,EUR,791,PAID,CARD
836.94,USD,2218,FAILED,CARD
1203.46,PLN,1642,PAID,CARD
4607.18,EUR,662,PAID,BLIK
3786.13,USD,1487,PAID,TRANSFER
1462.98,PLN,2570,FAILED,CARD
1021.67,EUR,2208,FAILED,TRANSFER
57.08,PLN,3343,FAILED,BLIK
2706.57,EUR,4132,NEW,BLIK
1962.18,EUR,3055,FAILED,CARD
4295.4,EUR,3976,FAILED,CARD
4664.44,PLN,1702,PAID,TRANSFER
705.46,PLN,1103,NEW,TRANSFER
2169.9,USD,4599,FAILED,CARD
1355.49,EUR,752,PAID,TRANSFER
1879.82,USD,2053,PAID,CARD
1701.31,USD,2586,FAILED,CARD
3431.43,EUR,730,FAILED,CARD
2530.26,PLN,4569,NEW,CARD
4375.51,EUR,3272,PAID,CARD
2022.18,USD,3931,FAILED,BLIK
1144.32,PLN,4596,NEW,BLIK
2327.37,EUR,2079,NEW,TRANSFER
2258.98,USD,3348,FAILED,TRANSFER
4614.63,EUR,2801,FAILED,CARD
981.52,PLN,4543,FAILED,CARD
2299.86,PLN,2875,FAILED,TRANSFER
4649.72,USD,3388,FAILED,TRANSFER
3149.98,PLN,636,PAID,CARD
4135.2,PLN,1493,PAID,CARD
238.23,USD,2531,PAID,TRANSFER
525.45,USD,2592,PAID,CARD
3801.4,USD,2422,PAID,BLIK
2408.7,PLN,4128,FAILED,TRANSFER
3011.29,USD,1424,PAID,TRANSFER
4319.88,USD,1246,FAILED,CARD
1941.9,PLN,4314,PAID,CARD
1557.15,EUR,447,FAILED,CARD
2796.36,EUR,4847,FAILED,BLIK
972.25,PLN,215,FAILED,BLIK
1632.63,EUR,165,PAID,BLIK
2569.99,PLN,4309,FAILED,CARD
2310.49,EUR,2960,PAID,BLIK
2679.83,USD,1578,FAILED,BLIK
1709.32,EUR,2539,FAILED,BLIK
4792.03,PLN,3663,FAILED,TRANSFER
1796.14,EUR,4599,PAID,TRANSFER
1272.51,PLN,4231,PAID,BLIK
1474.14,USD,4530,PAID,CARD
47.61,PLN,964,NEW,TRANSFER
4284.82,PLN,800,NEW,BLIK
86.19,EUR,2239,NEW,CARD
2551.6,EUR,74,PAID,BLIK
2388.4,USD,3322,PAID,TRANSFER
4184.3,PLN,488,FAILED,CARD
2529.75,PLN,2874,FAILED,CARD
2036.21,EUR,549,FAILED,BLIK
2390.51,USD,1633,PAID,CARD
886.51,EUR,2950,PAID,BLIK
755.42,USD,2379,NEW,TRANSFER
2879.37,PLN,1275,NEW,TRANSFER
1549.68,EUR,1418,PAID,BLIK
1944.93,EUR,4339,PAID,BLIK
1480.94,USD,3693,FAILED,BLIK
4154.23,PLN,4584,NEW,BLIK
929.33,PLN,244,FAILED,BLIK
2877.89,EUR,901,PAID,CARD
4174.24,USD,488,PAID,CARD
4038.75,EUR,1546,FAILED,TRANSFER
4183.53,EUR,1996,PAID,TRANSFER
614.33,PLN,4043,PAID,CARD
4351.86,PLN,3974,NEW,BLIK
3972.32,EUR,2532,FAILED,TRANSFER
3848.22,USD,3980,FAILED,CARD
2175.84,PLN,4436,FAILED,CARD
1045.53,USD,3527,NEW,TRANSFER
1181.48,PLN,1173,FAILED,TRANSFER
920.95,USD,2748,PAID,CARD
1931.44,USD,3769,FAILED,TRANSFER
1244.13,EUR,2020,NEW,TRANSFER
2787.65,USD,3381,PAID,CARD
2635.12,EUR,1395,PAID,CARD
2422.79,PLN,2099,NEW,TRANSFER
3038.57,PLN,3850,PAID,CARD
4963.14,PLN,4036,FAILED,BLIK
913.4,USD,417,PAID,BLIK
705.61,PLN,2708,PAID,CARD
2017.53,EUR,4339,NEW,CARD
4100.44,USD,1005,FAILED,BLIK
4635.39,EUR,4950,PAID,CARD
3109.38,EUR,4988,PAID,BLIK
1484.97,PLN,4381,PAID,CARD
2042.08,EUR,3468,NEW,BLIK
155.57,USD,842,FAILED,TRANSFER
1964.72,PLN,618,PAID,TRANSFER
4329.97,USD,3896,FAILED,TRANSFER
4495.18,PLN,2977,NEW,TRANSFER
3113.32,EUR,3097,FAILED,TRANSFER
1797.73,EUR,4087,NEW,CARD
2813.64,USD,2078,FAILED,TRANSFER
3518.8,EUR,2266,FAILED,CARD
4443.21,PLN,2873,PAID,BLIK
3337.2,USD,1525,FAILED,TRANSFER
792.32,EUR,35,NEW,CARD
584.94,PLN,515,FAILED,TRANSFER
3500.25,PLN,2817,PAID,BLIK
3142.35,PLN,598,NEW,CARD
906.26,EUR,2160,FAILED,CARD
3651.36,EUR,1033,FAILED,BLIK
3462.31,PLN,3335,NEW,CARD
2728.96,EUR,1822,PAID,CARD
2668.48,USD,3028,NEW,CARD
468.66,PLN,3175,FAILED,CARD
324.26,USD,165,PAID,BLIK
1942.25,PLN,613,FAILED,TRANSFER
2927.76,EUR,4477,FAILED,CARD
1336.39,EUR,1694,PAID,TRANSFER
4289.83,PLN,4096,FAILED,BLIK
2519.42,PLN,2194,FAILED,TRANSFER
3999.19,PLN,1895,FAILED,BLIK
1289.04,PLN,4347,PAID,CARD
2842.3,USD,2496,NEW,TRANSFER
2950.1,USD,4537,PAID,CARD
4263.08,USD,496,NEW,CARD
2129.22,PLN,1697,NEW,TRANSFER
2042.63,USD,4933,FAILED,BLIK
1037.2,PLN,4349,FAILED,TRANSFER
2279.46,PLN,565,PAID,CARD
1034.6,EUR,730,NEW,BLIK
2694.94,PLN,2559,PAID,BLIK
2110.03,USD,175,NEW,TRANSFER
1261.45,PLN,484,PAID,TRANSFER
3107.39,EUR,3205,PAID,TRANSFER
241.26,EUR,1434,PAID,BLIK
2356.32,PLN,4904,PAID,CARD
3649.72,USD,1476,NEW,CARD
799.4,PLN,2637,PAID,BLIK
4374.63,EUR,770,NEW,BLIK
3196.27,EUR,1005,NEW,TRANSFER
1179.19,EUR,3323,PAID,CARD
258.03,USD,2991,NEW,BLIK
3780.93,PLN,3082,PAID,TRANSFER
3570.81,EUR,2503,NEW,TRANSFER
597.29,USD,485,PAID,CARD
4156.89,PLN,676,FAILED,BLIK
2170.46,EUR,4906,NEW,TRANSFER
4074.06,EUR,2398,NEW,BLIK
1389.17,USD,1782,FAILED,CARD
1392.67,PLN,3128,NEW,TRANSFER
2110.23,PLN,3617,PAID,BLIK
359.15,USD,4423,FAILED,BLIK
4198.49,USD,2933,PAID,BLIK
2976.29,USD,1758,PAID,TRANSFER
3380.1,EUR,3538,PAID,CARD
126.75,EUR,3,NEW,TRANSFER
3268.07,EUR,4205,FAILED,TRANSFER
4499.87,EUR,2495,PAID,TRANSFER
4652.47,USD,1881,NEW,CARD
4961.26,PLN,1257,NEW,BLIK
3577.68,USD,2732,FAILED,TRANSFER
4737.03,EUR,3927,FAILED,BLIK
2163.97,PLN,4828,NEW,BLIK
155.1,EUR,1705,FAILED,CARD
1003.14,USD,27,NEW,CARD
4771.31,PLN,989,PAID,BLIK
2394.62,PLN,3277,NEW,BLIK
4131.47,PLN,2251,FAILED,CARD
3657.13,EUR,1320,PAID,CARD
4375.21,PLN,4155,NEW,BLIK
4011.76,EUR,4711,FAILED,CARD
4566.64,PLN,2788,FAILED,CARD
2303.25,EUR,4876,PAID,BLIK
1400.69,EUR,1672,NEW,TRANSFER
4137.4,USD,4296,PAID,CARD
2709.03,EUR,2,NEW,BLIK
139.14,EUR,16,FAILED,TRANSFER
2848.6,EUR,2552,NEW,TRANSFER
628.04,PLN,346,NEW,CARD
340.9,PLN,4187,FAILED,CARD
1204.84,USD,4632,PAID,TRANSFER
2327.47,USD,3320,FAILED,BLIK
4939.74,USD,2590,PAID,TRANSFER
2325.36,USD,1208,PAID,CARD
130.23,PLN,2949,PAID,CARD
1494.8,USD,2944,NEW,CARD
2747.51,PLN,939,NEW,BLIK
1025.47,PLN,3713,FAILED,BLIK
1110.91,EUR,4448,FAILED,TRANSFER
3488.86,USD,4075,NEW,BLIK
2138.07,EUR,1880,FAILED,CARD
3438.42,USD,3076,PAID,CARD
4244.06,EUR,2256,FAILED,BLIK
4769.07,PLN,3813,PAID,BLIK
1330.4,PLN,366,NEW,BLIK
1989.18,PLN,1509,FAILED,BLIK
2405.64,USD,3196,PAID,BLIK
3255.72,EUR,3681,PAID,CARD
2427.2,EUR,4225,NEW,BLIK
745.48,EUR,1806,FAILED,CARD
3302.5,PLN,871,FAILED,CARD
2176.27,PLN,1287,PAID,BLIK
4931.89,PLN,3642,NEW,BLIK
2582.61,PLN,4915,FAILED,TRANSFER
1424.48,EUR,1610,NEW,CARD
4924.05,EUR,1754,FAILED,CARD
4438.92,PLN,1112,FAILED,TRANSFER
2512.69,PLN,1716,FAILED,BLIK
2395.52,PLN,1246,FAILED,CARD
61.3,PLN,3583,FAILED,CARD
3198.48,EUR,3524,FAILED,CARD
193.26,EUR,1936,FAILED,CARD
302.49,PLN,4686,PAID,CARD
1191.66,EUR,2178,PAID,CARD
2709.39,PLN,4307,PAID,TRANSFER
2579.03,PLN,3318,NEW,BLIK
3714.54,USD,3841,FAILED,TRANSFER
4368.09,EUR,101,FAILED,BLIK
3200.41,EUR,993,NEW,TRANSFER
2139.24,PLN,4009,NEW,BLIK
2015.32,PLN,4122,PAID,BLIK
2902.01,PLN,3143,FAILED,BLIK
2154.39,USD,4173,FAILED,TRANSFER
4494.96,PLN,1833,NEW,TRANSFER
4440.71,EUR,1667,PAID,BLIK
3573.25,PLN,1251,NEW,TRANSFER
902.24,USD,2890,PAID,CARD
1065.82,EUR,3594,PAID,BLIK
2478.61,EUR,184,NEW,TRANSFER
3621.27,PLN,4311,PAID,CARD
214.98,PLN,1370,FAILED,BLIK
1680.07,USD,2995,PAID,TRANSFER
1372.91,EUR,1972,NEW,TRANSFER
4785.96,PLN,4640,NEW,CARD
1229.13,PLN,2091,NEW,TRANSFER
3547.37,PLN,3627,FAILED,CARD
836.35,EUR,1320,PAID,TRANSFER
798.26,EUR,4754,FAILED,BLIK
43.75,EUR,1847,FAILED,CARD
3010.0,PLN,608,PAID,TRANSFER
1702.48,USD,3001,PAID,BLIK
543.0,EUR,2504,NEW,TRANSFER
4002.48,EUR,4483,FAILED,TRANSFER
3292.91,USD,1264,FAILED,CARD
780.88,USD,151,PAID,TRANSFER
1040.65,USD,2561,NEW,BLIK
2533.06,PLN,1950,NEW,CARD
3491.65,PLN,3940,PAID,CARD
3180.97,USD,2739,PAID,TRANSFER
3125.35,PLN,865,FAILED,TRANSFER
1464.15,EUR,3157,PAID,TRANSFER
4205.28,USD,2959,FAILED,CARD
1545.7,PLN,4537,FAILED,CARD
3249.25,EUR,967,NEW,BLIK
2666.73,USD,119,PAID,BLIK
2121.09,EUR,2128,FAILED,TRANSFER
2470.52,USD,2816,NEW,BLIK
4217.42,USD,31,FAILED,CARD
801.01,EUR,4341,NEW,BLIK
4459.09,USD,634,FAILED,TRANSFER
4665.44,EUR,3716,PAID,CARD
629.65,PLN,2279,FAILED,CARD
4672.3,EUR,4084,NEW,TRANSFER
2256.89,PLN,3942,FAILED,TRANSFER
1418.45,EUR,2067,FAILED,CARD
2505.44,PLN,2722,PAID,BLIK
4360.14,USD,2388,NEW,BLIK
4344.08,EUR,3104,FAILED,CARD
3620.34,USD,885,PAID,BLIK
1369.01,PLN,2786,PAID,CARD
1573.43,EUR,1833,FAILED,CARD
371.65,EUR,751,PAID,BLIK
1293.45,USD,3869,FAILED,BLIK
2023.02,USD,3468,NEW,TRANSFER
569.73,PLN,4108,PAID,CARD
1004.19,USD,755,FAILED,TRANSFER
3343.03,EUR,4837,NEW,CARD
1430.55,USD,3459,PAID,CARD
2428.09,PLN,81,FAILED,TRANSFER
1101.65,EUR,4343,PAID,CARD
3515.52,USD,2350,PAID,TRANSFER
2114.11,PLN,4773,PAID,TRANSFER
2716.56,EUR,581,NEW,CARD
3979.6,EUR,2115,PAID,TRANSFER
3325.86,EUR,4636,PAID,CARD
3344.05,PLN,4410,FAILED,TRANSFER
4960.28,USD,3911,NEW,CARD
127.87,PLN,2776,NEW,BLIK
2170.56,EUR,3035,FAILED,TRANSFER
318.04,PLN,2676,FAILED,BLIK
202.56,EUR,1699,FAILED,CARD
3274.49,EUR,3508,NEW,TRANSFER
3774.96,USD,4632,PAID,CARD
757.56,USD,3265,NEW,BLIK
4938.56,USD,3406,NEW,TRANSFER
4199.92,EUR,2778,FAILED,BLIK
3328.95,EUR,4690,PAID,TRANSFER
2984.33,EUR,3838,PAID,TRANSFER
3050.65,USD,561,NEW,CARD
2904.85,USD,806,FAILED,CARD
291.64,EUR,2214,NEW,TRANSFER
3142.52,EUR,1643,FAILED,CARD
411.04,PLN,2307,FAILED,TRANSFER
3458.89,PLN,1069,PAID,BLIK
3956.82,USD,2912,NEW,CARD
1123.58,EUR,1390,PAID,TRANSFER
1048.14,PLN,3274,FAILED,CARD
2562.6,EUR,1632,FAILED,TRANSFER
3950.97,USD,2689,FAILED,BLIK
1646.77,EUR,4927,FAILED,CARD
1766.63,PLN,448,NEW,BLIK
3257.04,EUR,516,FAILED,TRANSFER
675.09,EUR,4509,PAID,TRANSFER
1920.99,PLN,708,NEW,TRANSFER
3605.94,USD,733,PAID,BLIK
157.28,EUR,3616,FAILED,TRANSFER
2861.3,USD,403,NEW,TRANSFER
251.57,USD,2649,NEW,CARD
2620.7,EUR,1150,FAILED,CARD
1704.37,EUR,4231,PAID,CARD
3389.17,PLN,878,NEW,CARD
1154.28,USD,1116,FAILED,TRANSFER
2947.96,USD,1969,FAILED,TRANSFER
920.48,EUR,4282,FAILED,BLIK
2221.89,USD,2800,FAILED,TRANSFER
680.92,EUR,4779,PAID,BLIK
2785.71,USD,3875,FAILED,BLIK
1859.22,PLN,335,PAID,CARD
4778.27,USD,1183,PAID,TRANSFER
3193.51,PLN,3612,PAID,TRANSFER
548.14,PLN,1662,NEW,BLIK
620.85,EUR,3380,NEW,CARD
3490.2,EUR,886,PAID,CARD
353.22,PLN,4134,FAILED,TRANSFER
4462.23,EUR,1338,PAID,BLIK
3376.99,USD,2433,PAID,BLIK
4340.76,USD,4344,FAILED,CARD
4175.43,USD,229,PAID,CARD
1817.41,USD,4381,PAID,TRANSFER
4712.5,USD,4082,FAILED,BLIK
4860.38,EUR,4439,FAILED,CARD
2859.45,USD,1809,FAILED,CARD
3460.13,USD,4503,NEW,TRANSFER
2482.06,EUR,4927,FAILED,TRANSFER
1215.04,EUR,2797,NEW,TRANSFER
1553.07,EUR,1820,NEW,CARD
2487.13,PLN,4644,PAID,TRANSFER
2976.96,EUR,3881,NEW,TRANSFER
13.69,EUR,4804,NEW,TRANSFER
55.15,EUR,3490,PAID,BLIK
2006.62,USD,3806,FAILED,TRANSFER
4943.83,PLN,1022,FAILED,CARD
57.07,PLN,1317,NEW,CARD
4935.62,PLN,4783,PAID,TRANSFER
1024.34,USD,1943,NEW,TRANSFER
2391.16,PLN,4653,PAID,TRANSFER
2094.17,USD,4102,FAILED,CARD
1341.95,PLN,3861,PAID,CARD
3530.55,USD,4344,FAILED,BLIK
4665.58,PLN,3637,PAID,TRANSFER
1573.85,EUR,2435,NEW,TRANSFER
3055.56,PLN,3503,FAILED,CARD
2554.12,EUR,686,FAILED,BLIK
2475.19,USD,528,FAILED,BLIK
1277.67,EUR,1057,FAILED,TRANSFER
86.67,EUR,4039,PAID,CARD
4714.46,PLN,63,FAILED,BLIK
3557.04,USD,4942,PAID,BLIK
1734.68,EUR,2304,PAID,TRANSFER
2175.93,PLN,2466,PAID,TRANSFER
4912.12,PLN,4765,PAID,BLIK
4943.96,EUR,416,FAILED,CARD
1503.96,PLN,2712,FAILED,TRANSFER
3367.41,EUR,976,NEW,BLIK
3598.16,USD,3557,FAILED,CARD
2190.89,USD,2288,NEW,TRANSFER
4191.71,PLN,2544,NEW,BLIK
2233.66,PLN,1967,PAID,CARD
2787.64,USD,3846,FAILED,TRANSFER
1938.11,USD,4654,FAILED,BLIK
2546.09,USD,4440,FAILED,BLIK
2482.45,PLN,1860,NEW,CARD
3017.56,USD,3024,NEW,CARD
3165.1,EUR,696,NEW,BLIK
3698.07,EUR,2617,FAILED,BLIK
2769.23,PLN,1476,PAID,CARD
4620.79,EUR,1912,PAID,BLIK
1783.91,EUR,3647,PAID,TRANSFER
2394.0,USD,2342,NEW,CARD
2402.79,USD,109,PAID,CARD
600.62,USD,347,NEW,CARD
4845.7,EUR,640,FAILED,TRANSFER
4961.55,PLN,1822,FAILED,TRANSFER
3762.93,PLN,4688,PAID,CARD
2813.72,EUR,154,FAILED,CARD
3807.65,EUR,128,PAID,CARD
2373.26,USD,715,FAILED,CARD
3417.9,EUR,4868,PAID,CARD
4622.48,EUR,4946,NEW,BLIK
770.11,USD,2771,NEW,TRANSFER
1506.17,PLN,1718,FAILED,TRANSFER
4610.24,PLN,1735,NEW,TRANSFER
1679.0,USD,402,NEW,TRANSFER
2083.55,EUR,1748,FAILED,TRANSFER
3025.4,PLN,1519,FAILED,CARD
202.89,EUR,483,FAILED,TRANSFER
1775.25,PLN,2013,NEW,BLIK
4712.34,USD,2383,PAID,BLIK
4145.34,PLN,4424,FAILED,TRANSFER
4605.61,EUR,975,PAID,TRANSFER
3687.58,PLN,627,FAILED,TRANSFER
1875.84,PLN,4715,FAILED,BLIK
4256.66,PLN,982,FAILED,TRANSFER
4395.95,EUR,4737,PAID,CARD
347.53,PLN,4096,PAID,BLIK
2837.79,EUR,1628,NEW,CARD
1159.04,PLN,2612,NEW,CARD
4317.5,PLN,3617,NEW,CARD
4696.97,PLN,3879,FAILED,TRANSFER
2718.85,PLN,2190,FAILED,TRANSFER
442.96,USD,431,PAID,BLIK
4567.68,PLN,4956,FAILED,TRANSFER
1034.05,USD,3428,PAID,BLIK
1949.6,USD,497,NEW,CARD
3498.66,PLN,4323,NEW,BLIK
647.87,PLN,2018,PAID,TRANSFER
1009.07,USD,1893,FAILED,BLIK
2458.66,USD,4384,PAID,CARD
563.08,PLN,1403,NEW,BLIK
1978.74,EUR,4769,NEW,BLIK
1008.97,EUR,183,NEW,BLIK
493.27,USD,4475,NEW,TRANSFER
2508.58,EUR,3042,NEW,CARD
3595.26,PLN,417,NEW,TRANSFER
2730.68,PLN,2929,PAID,TRANSFER
242.68,USD,1579,PAID,CARD
4639.61,USD,41,FAILED,TRANSFER
2846.64,USD,1660,PAID,BLIK
4510.92,PLN,15,NEW,TRANSFER
371.0,USD,2410,NEW,BLIK
269.53,PLN,3582,FAILED,CARD
3442.04,EUR,1821,FAILED,TRANSFER
1279.7,PLN,3378,PAID,CARD
3670.66,EUR,2721,FAILED,CARD
4188.11,EUR,2384,FAILED,TRANSFER
4391.76,EUR,3270,PAID,BLIK
1524.65,PLN,4512,PAID,CARD
4902.7,PLN,867,PAID,BLIK
972.15,PLN,3449,PAID,CARD
1062.58,PLN,4223,NEW,BLIK
2305.82,USD,3994,NEW,TRANSFER
3710.14,EUR,813,NEW,CARD
2635.99,USD,4919,NEW,TRANSFER
4334.09,USD,3500,NEW,BLIK
1374.97,PLN,4894,FAILED,TRANSFER
1817.06,EUR,2060,PAID,TRANSFER
3352.84,USD,2772,FAILED,BLIK
2707.55,USD,3679,PAID,CARD
4681.47,EUR,3667,PAID,CARD
808.47,USD,1374,PAID,CARD
973.86,EUR,1996,FAILED,TRANSFER
3670.21,PLN,1156,NEW,TRANSFER
2373.54,EUR,1489,NEW,TRANSFER
4160.92,PLN,3357,FAILED,BLIK
882.52,EUR,4641,PAID,CARD
144.66,EUR,3036,NEW,CARD
4181.46,PLN,39,NEW,BLIK
3967.52,EUR,3069,FAILED,BLIK
4881.3,PLN,4009,PAID,TRANSFER
4683.56,EUR,593,FAILED,TRANSFER
4087.33,PLN,4806,PAID,BLIK
4323.83,PLN,1581,PAID,TRANSFER
2454.36,EUR,3168,PAID,CARD
2561.58,USD,1926,FAILED,BLIK
2859.22,USD,2536,PAID,CARD
455.75,PLN,3329,PAID,TRANSFER
692.82,USD,517,NEW,BLIK
3885.27,USD,3510,PAID,CARD
3880.36,EUR,2501,FAILED,TRANSFER
2321.44,PLN,4978,FAILED,TRANSFER
327.34,USD,999,NEW,TRANSFER
2896.8,USD,2344,PAID,BLIK
4323.54,PLN,2939,PAID,BLIK
1703.58,EUR,1259,FAILED,TRANSFER
4260.96,PLN,3999,PAID,BLIK
3976.45,EUR,2317,PAID,CARD
3240.34,PLN,1593,NEW,BLIK
4370.52,USD,1107,PAID,TRANSFER
4609.44,USD,4047,NEW,TRANSFER
2888.54,EUR,3810,NEW,CARD
4637.86,USD,4359,FAILED,BLIK
940.08,EUR,745,FAILED,BLIK
1742.43,USD,2803,NEW,TRANSFER
2782.44,USD,1398,FAILED,BLIK
3917.25,USD,4632,FAILED,BLIK
2550.99,USD,43,NEW,CARD
375.19,PLN,528,NEW,TRANSFER
3275.92,EUR,1822,PAID,CARD
2533.63,PLN,4841,NEW,TRANSFER
3321.31,USD,2102,FAILED,BLIK
3694.78,USD,977,PAID,CARD
1292.82,EUR,1618,FAILED,BLIK
4739.89,PLN,1293,PAID,BLIK
2585.54,EUR,2232,NEW,TRANSFER
1888.11,USD,69,FAILED,BLIK
1817.07,EUR,530,PAID,TRANSFER
4724.97,USD,2960,PAID,BLIK
3116.17,EUR,4113,FAILED,CARD
1934.85,PLN,2651,NEW,CARD
1206.78,USD,640,PAID,CARD
4164.42,EUR,3383,PAID,TRANSFER
3172.15,USD,1970,NEW,CARD
1305.58,USD,1521,PAID,TRANSFER
669.29,USD,1109,PAID,CARD
2989.36,PLN,3615,FAILED,CARD
870.24,USD,2745,FAILED,TRANSFER
4223.0,PLN,781,PAID,TRANSFER
3369.74,PLN,2619,NEW,CARD
557.9,EUR,3225,PAID,BLIK
1332.74,EUR,3732,FAILED,CARD
2526.56,PLN,2252,FAILED,TRANSFER
2824.69,USD,154,NEW,TRANSFER
1259.26,EUR,3312,PAID,TRANSFER
2882.06,USD,4201,NEW,TRANSFER
4651.59,EUR,2670,PAID,CARD
4522.09,USD,2233,NEW,TRANSFER
2796.31,EUR,4926,FAILED,CARD
94.19,EUR,4254,FAILED,CARD
473.97,EUR,3443,FAILED,TRANSFER
3209.58,USD,2146,PAID,TRANSFER
1972.29,EUR,4326,NEW,CARD
4798.05,PLN,471,PAID,CARD
988.56,USD,1955,NEW,TRANSFER
3443.75,PLN,3619,FAILED,BLIK
4020.42,PLN,4345,FAILED,BLIK
1783.42,USD,4775,FAILED,TRANSFER
2543.97,EUR,552,NEW,CARD
928.45,PLN,424,FAILED,CARD
4334.1,EUR,4008,NEW,BLIK
3046.45,PLN,3478,NEW,BLIK
1871.18,PLN,1255,PAID,BLIK
2239.73,PLN,1268,FAILED,BLIK
1601.48,PLN,3792,FAILED,TRANSFER
4838.65,PLN,1583,NEW,CARD
3998.09,PLN,4561,FAILED,CARD
1804.95,PLN,2503,PAID,CARD
4564.13,USD,3522,NEW,CARD
1776.16,PLN,1310,FAILED,CARD
4693.14,USD,2054,FAILED,BLIK
2492.1,USD,4102,FAILED,BLIK
3934.87,EUR,3376,NEW,TRANSFER
1268.22,PLN,2822,FAILED,TRANSFER
4036.21,PLN,4801,FAILED,CARD
4802.3,PLN,3682,FAILED,CARD
1406.68,EUR,4679,FAILED,TRANSFER
743.55,EUR,3437,NEW,BLIK
3172.06,PLN,3465,PAID,BLIK
4040.14,USD,4091,PAID,TRANSFER
2264.82,USD,3667,FAILED,CARD
3444.2,USD,3858,NEW,TRANSFER
556.64,EUR,4432,NEW,BLIK
3035.92,EUR,4912,NEW,CARD
3789.31,PLN,1775,PAID,TRANSFER
690.4,USD,1496,NEW,CARD
881.44,USD,4725,FAILED,CARD
789.99,USD,4772,FAILED,TRANSFER
2778.6,PLN,1957,NEW,BLIK
3010.28,USD,4736,PAID,TRANSFER
4874.94,USD,2150,FAILED,BLIK
3084.92,USD,3807,PAID,BLIK
3180.68,PLN,910,FAILED,CARD
760.31,PLN,2739,PAID,BLIK
4913.57,EUR,4590,PAID,BLIK
1815.64,USD,2341,PAID,BLIK
2693.46,EUR,1445,PAID,BLIK
3059.18,PLN,51,FAILED,TRANSFER
27.7,EUR,1011,PAID,CARD
1791.93,USD,999,FAILED,TRANSFER
3216.53,PLN,3725,PAID,CARD
2200.99,USD,1170,PAID,TRANSFER
1729.03,USD,828,FAILED,CARD
2514.37,EUR,1642,NEW,TRANSFER
28.96,PLN,4106,PAID,CARD
208.92,PLN,2301,PAID,CARD
4315.35,EUR,3797,PAID,BLIK
1392.3,USD,1855,FAILED,CARD
3756.07,PLN,4843,PAID,BLIK
2662.77,PLN,497,NEW,TRANSFER
2853.56,USD,2595,FAILED,CARD
1705.31,USD,2195,FAILED,BLIK
4990.66,EUR,1761,FAILED,CARD
4564.71,PLN,2061,FAILED,TRANSFER
3373.23,EUR,4523,FAILED,TRANSFER
4689.19,USD,2831,PAID,BLIK
4556.6,USD,1457,NEW,CARD
471.8,EUR,3265,PAID,BLIK
3857.82,PLN,141,NEW,CARD
4414.88,PLN,3034,NEW,TRANSFER
67.26,EUR,1749,PAID,CARD
852.33,PLN,2207,FAILED,BLIK
263.61,USD,4663,PAID,BLIK
3719.7,EUR,501,PAID,CARD
611.32,PLN,4421,PAID,CARD
542.97,EUR,2074,NEW,BLIK
4488.71,PLN,4493,FAILED,CARD
784.03,PLN,2449,FAILED,BLIK
792.37,PLN,41,NEW,TRANSFER
3341.12,PLN,1733,NEW,TRANSFER
1126.06,EUR,2505,NEW,TRANSFER
1122.96,USD,4181,NEW,BLIK
874.04,PLN,3459,PAID,BLIK
1556.63,EUR,649,PAID,CARD
4689.75,USD,592,NEW,TRANSFER
362.6,PLN,1808,FAILED,BLIK
3199.32,USD,2431,PAID,BLIK
1306.41,EUR,2826,PAID,TRANSFER
4647.09,EUR,2727,FAILED,BLIK
365.4,USD,1624,NEW,BLIK
1669.21,USD,954,NEW,BLIK
3501.07,USD,2939,NEW,TRANSFER
4663.01,USD,59,PAID,BLIK
2875.96,EUR,1757,PAID,CARD
1347.6,USD,4911,FAILED,CARD
4840.68,EUR,1316,FAILED,BLIK
3207.61,USD,2705,FAILED,CARD
3791.42,USD,40,PAID,CARD
853.49,PLN,2780,FAILED,BLIK
1662.61,PLN,4319,PAID,BLIK
3826.59,PLN,449,NEW,BLIK
4394.72,EUR,3335,FAILED,CARD
172.9,PLN,3683,PAID,CARD
3291.06,USD,25,NEW,BLIK
3133.27,USD,4130,NEW,CARD
2978.28,PLN,4236,FAILED,TRANSFER
4878.79,USD,3384,FAILED,CARD
1697.03,EUR,731,PAID,CARD
3915.84,USD,3296,PAID,CARD
3256.45,EUR,3896,FAILED,CARD
4439.13,EUR,1286,FAILED,BLIK
4553.62,PLN,4656,NEW,BLIK
146.66,USD,2012,PAID,CARD
629.25,PLN,754,FAILED,TRANSFER
3035.43,PLN,2971,NEW,TRANSFER
3719.25,USD,2394,NEW,TRANSFER
1225.24,USD,4497,NEW,BLIK
2478.31,USD,3822,FAILED,TRANSFER
2286.96,USD,1798,NEW,CARD
4499.86,EUR,1105,FAILED,CARD
2174.14,PLN,3513,NEW,BLIK
3785.8,USD,3324,PAID,CARD
3740.76,USD,1194,NEW,BLIK
2277.42,EUR,1434,NEW,TRANSFER
206.8,PLN,843,FAILED,CARD
4131.75,USD,3191,FAILED,TRANSFER
3601.08,PLN,2418,NEW,TRANSFER
1475.97,EUR,2866,FAILED,TRANSFER
4076.82,USD,1037,FAILED,CARD
628.38,PLN,4757,FAILED,TRANSFER
4039.12,PLN,3660,FAILED,CARD
669.0,EUR,2779,FAILED,TRANSFER
4788.93,EUR,1398,NEW,CARD
4703.46,PLN,3480,NEW,CARD
4945.47,EUR,863,FAILED,TRANSFER
731.49,USD,3100,PAID,CARD
2537.63,EUR,699,NEW,TRANSFER
3358.21,PLN,4137,FAILED,BLIK
737.34,PLN,328,PAID,BLIK
3732.97,USD,4912,NEW,CARD
377.42,USD,2594,NEW,CARD
1305.57,EUR,4786,PAID,TRANSFER
307.48,PLN,3540,NEW,BLIK
1110.86,PLN,2843,NEW,BLIK
4974.85,PLN,4164,FAILED,TRANSFER
2794.04,EUR,2881,PAID,CARD
3256.15,PLN,2403,NEW,BLIK
1004.34,PLN,4668,FAILED,CARD
4545.76,USD,4077,NEW,CARD
3655.74,PLN,310,NEW,BLIK
960.47,EUR,3481,FAILED,CARD
1921.48,PLN,4327,FAILED,CARD
2931.3,EUR,4820,NEW,BLIK
2559.83,EUR,3893,FAILED,BLIK
3017.28,EUR,3924,FAILED,TRANSFER
4082.95,PLN,498,NEW,CARD
4248.06,USD,1233,PAID,TRANSFER
2786.82,PLN,4230,FAILED,BLIK
2966.39,PLN,3086,FAILED,CARD
4690.01,EUR,4706,FAILED,CARD
3346.12,EUR,25,FAILED,CARD
2914.23,PLN,4399,FAILED,CARD
3899.14,USD,2334,FAILED,CARD
3605.68,PLN,514,NEW,TRANSFER
1219.97,EUR,2081,NEW,TRANSFER
112.0,USD,1893,PAID,TRANSFER
3907.83,PLN,4661,PAID,TRANSFER
285.77,PLN,2200,PAID,CARD
522.23,USD,3015,NEW,CARD
4840.64,USD,797,PAID,BLIK
3578.56,PLN,4940,NEW,CARD
1635.67,USD,1686,FAILED,BLIK
1552.28,PLN,2555,FAILED,TRANSFER
3171.34,PLN,1604,NEW,TRANSFER
4142.37,PLN,3622,PAID,BLIK
4541.84,PLN,1691,FAILED,BLIK
1067.76,EUR,4047,NEW,BLIK
2783.25,PLN,582,FAILED,BLIK
4185.24,USD,1800,PAID,BLIK
2501.43,EUR,3957,NEW,TRANSFER
1479.51,EUR,730,PAID,CARD
2873.18,USD,1289,FAILED,TRANSFER
4901.4,PLN,788,FAILED,BLIK
1275.8,PLN,3543,PAID,TRANSFER
4984.43,EUR,2950,FAILED,TRANSFER
3879.88,USD,1175,NEW,BLIK
4583.66,USD,1285,PAID,BLIK
2066.61,EUR,3346,FAILED,BLIK
201.82,USD,4615,FAILED,BLIK
1123.39,USD,1612,NEW,CARD
34.18,USD,1414,NEW,CARD
1515.64,PLN,2771,NEW,BLIK
1942.56,PLN,2000,PAID,CARD
4618.83,PLN,3670,PAID,BLIK
2321.74,EUR,2331,NEW,BLIK
1847.46,PLN,486,PAID,CARD
1783.21,EUR,1815,FAILED,BLIK
2459.53,USD,1196,PAID,CARD
3962.32,EUR,3183,NEW,CARD
736.79,PLN,2627,NEW,BLIK
4057.31,USD,3499,NEW,BLIK
1726.28,PLN,2989,FAILED,TRANSFER
4851.24,USD,436,NEW,TRANSFER
2896.4,PLN,2425,NEW,BLIK
411.76,PLN,1290,NEW,TRANSFER
1050.24,PLN,4648,FAILED,BLIK
1841.91,EUR,2353,PAID,BLIK
3373.3,USD,4088,PAID,CARD
2156.25,PLN,1128,FAILED,CARD
1130.53,PLN,4325,FAILED,CARD
1334.31,EUR,578,FAILED,TRANSFER
4874.86,PLN,4903,NEW,BLIK
1921.65,USD,3459,NEW,TRANSFER
2532.13,EUR,1609,FAILED,BLIK
425.84,EUR,4771,NEW,TRANSFER
3120.38,PLN,3456,NEW,TRANSFER
2644.39,EUR,3252,PAID,TRANSFER
1295.55,PLN,2849,NEW,TRANSFER
4229.17,PLN,4782,FAILED,TRANSFER
3293.41,PLN,1248,PAID,TRANSFER
4431.43,USD,4271,NEW,CARD
4530.18,EUR,1709,FAILED,TRANSFER
2392.23,PLN,63,PAID,TRANSFER
291.47,EUR,1267,PAID,TRANSFER
1908.49,EUR,921,FAILED,CARD
638.41,PLN,3660,PAID,CARD
4164.58,PLN,2499,FAILED,TRANSFER
1980.16,PLN,2110,PAID,TRANSFER
3246.16,USD,2066,NEW,TRANSFER
1925.01,PLN,4097,PAID,CARD
1606.08,EUR,190,NEW,CARD
3112.49,EUR,4460,NEW,TRANSFER
1846.45,PLN,1270,FAILED,BLIK
2228.38,PLN,1608,NEW,BLIK
1893.73,EUR,499,NEW,CARD
3032.88,USD,861,NEW,TRANSFER
253.69,EUR,572,PAID,CARD
4340.83,EUR,243,FAILED,BLIK
1573.09,PLN,4309,FAILED,BLIK
4652.44,PLN,639,FAILED,BLIK
146.11,USD,4804,FAILED,TRANSFER
3819.2,USD,1569,NEW,CARD
2281.31,USD,3034,PAID,CARD
623.64,USD,2913,PAID,CARD
2484.73,EUR,19,PAID,BLIK
3971.47,EUR,2825,FAILED,BLIK
1645.11,PLN,195,NEW,BLIK
4553.3,EUR,3869,NEW,CARD
2130.19,EUR,3712,PAID,TRANSFER
1660.41,USD,3343,FAILED,BLIK
4326.73,PLN,1827,PAID,BLIK
100.77,EUR,423,NEW,TRANSFER
2735.47,EUR,542,FAILED,TRANSFER
1530.24,USD,867,NEW,CARD
215.29,EUR,2971,NEW,TRANSFER
1163.88,USD,2370,NEW,CARD
849.88,USD,1651,FAILED,TRANSFER
2874.76,USD,737,FAILED,BLIK
2875.5,EUR,1889,PAID,BLIK
2391.24,USD,3079,PAID,CARD
3993.58,EUR,108,FAILED,TRANSFER
276.32,USD,815,FAILED,CARD
1483.7,USD,3009,PAID,CARD
1295.76,EUR,711,PAID,CARD
3416.94,USD,105,NEW,BLIK
2093.1,EUR,1959,NEW,TRANSFER
1065.13,PLN,581,FAILED,TRANSFER
75.62,PLN,4755,NEW,TRANSFER
2686.12,PLN,1312,NEW,BLIK
4423.65,PLN,3328,PAID,TRANSFER
1047.96,EUR,817,FAILED,BLIK
44.03,PLN,1482,PAID,CARD
3962.13,PLN,2458,PAID,BLIK
4822.96,USD,3091,PAID,CARD
2989.47,PLN,1530,FAILED,TRANSFER
1128.12,EUR,2039,NEW,BLIK
4155.72,PLN,998,FAILED,CARD
109.99,PLN,4984,PAID,CARD
4408.17,PLN,2895,NEW,TRANSFER
4877.74,EUR,2670,PAID,BLIK
3406.36,EUR,2294,PAID,TRANSFER
4296.59,EUR,1348,PAID,CARD
1730.38,EUR,2580,FAILED,CARD
2866.71,EUR,2317,PAID,TRANSFER
2510.74,PLN,1053,NEW,BLIK
2820.59,USD,3857,FAILED,TRANSFER
602.45,USD,1229,PAID,TRANSFER
2824.33,PLN,584,PAID,CARD
4575.78,USD,957,NEW,BLIK
4346.38,USD,1253,NEW,TRANSFER
4775.28,PLN,3663,FAILED,TRANSFER
2994.61,PLN,3199,FAILED,CARD
3566.46,USD,805,PAID,CARD
2880.85,PLN,228,PAID,BLIK
1302.03,PLN,4254,PAID,TRANSFER
4711.62,PLN,3125,NEW,TRANSFER
3476.78,PLN,1173,NEW,CARD
3743.86,USD,2415,NEW,BLIK
400.14,USD,1737,NEW,TRANSFER
3286.62,PLN,2150,PAID,TRANSFER
2520.34,PLN,2897,NEW,CARD
4043.47,EUR,3827,PAID,BLIK
530.4,EUR,1185,PAID,BLIK
3370.56,EUR,3857,PAID,BLIK
824.34,EUR,4948,PAID,TRANSFER
4409.72,USD,3956,PAID,BLIK
2880.5,EUR,2284,NEW,CARD
2426.0,USD,4197,PAID,CARD
4133.85,USD,3445,FAILED,BLIK
550.82,EUR,3946,PAID,BLIK
731.37,USD,2695,FAILED,BLIK
3199.01,PLN,2470,PAID,TRANSFER
4396.32,PLN,4514,FAILED,CARD
1999.23,USD,2286,PAID,TRANSFER
3488.11,EUR,572,PAID,TRANSFER
2759.95,USD,1004,FAILED,CARD
3014.04,EUR,633,NEW,BLIK
1916.63,PLN,2658,NEW,CARD
4355.5,EUR,2656,FAILED,CARD
2510.5,USD,1269,FAILED,BLIK
918.65,USD,3549,NEW,CARD
2002.82,EUR,4994,FAILED,BLIK
3897.2,USD,4371,PAID,TRANSFER
1049.34,EUR,4095,NEW,BLIK
4133.36,EUR,229,FAILED,CARD
4865.25,USD,810,NEW,BLIK
2577.38,PLN,1842,PAID,BLIK
924.36,USD,1725,PAID,BLIK
4404.78,USD,4284,FAILED,CARD
4638.96,USD,1387,PAID,BLIK
1901.18,USD,4828,NEW,BLIK
1810.59,USD,735,FAILED,TRANSFER
3450.34,PLN,1684,NEW,TRANSFER
2922.19,EUR,2505,PAID,BLIK
818.89,EUR,4089,NEW,CARD
2391.22,USD,1817,NEW,CARD
333.56,USD,1532,NEW,CARD
4041.32,EUR,1654,PAID,CARD
1501.75,USD,3943,NEW,CARD
1985.32,EUR,940,NEW,BLIK
1751.5,EUR,1714,NEW,TRANSFER
2508.38,PLN,3001,NEW,TRANSFER
1101.02,PLN,3402,PAID,CARD
445.63,PLN,3915,PAID,CARD
3982.77,EUR,3006,FAILED,CARD
4507.83,EUR,1698,PAID,TRANSFER
4471.07,USD,3438,FAILED,TRANSFER
576.15,USD,1318,FAILED,TRANSFER
104.65,EUR,168,PAID,BLIK
833.04,EUR,3070,FAILED,BLIK
847.35,EUR,1023,PAID,CARD
4947.59,EUR,209,FAILED,TRANSFER
1335.54,PLN,4795,PAID,CARD
790.43,PLN,77,NEW,BLIK
2726.68,PLN,866,PAID,CARD
2944.15,EUR,3297,FAILED,BLIK
4071.06,PLN,422,PAID,TRANSFER
4112.97,USD,4834,PAID,BLIK
272.63,EUR,2892,NEW,TRANSFER
2305.45,EUR,1231,FAILED,CARD
2247.88,PLN,3834,FAILED,TRANSFER
4357.15,PLN,2654,PAID,CARD
4708.16,EUR,1036,PAID,CARD
2802.78,EUR,1849,NEW,BLIK
4613.14,EUR,4556,NEW,CARD
935.47,USD,1202,PAID,CARD
4909.49,EUR,4114,PAID,BLIK
3554.7,PLN,2905,PAID,BLIK
2550.58,EUR,4134,FAILED,CARD
3141.2,EUR,2374,PAID,TRANSFER
2628.37,PLN,2171,FAILED,TRANSFER
4531.52,EUR,4433,NEW,BLIK
2131.55,EUR,1188,NEW,TRANSFER
4074.24,USD,2686,PAID,TRANSFER
1494.37,USD,249,FAILED,CARD
768.28,USD,3185,FAILED,BLIK
4631.96,USD,2589,PAID,BLIK
2060.12,PLN,3740,PAID,BLIK
3623.98,EUR,4797,NEW,CARD
268.49,PLN,2902,FAILED,BLIK
4673.43,EUR,4284,PAID,BLIK
568.24,USD,1544,NEW,CARD
3223.42,USD,3787,FAILED,BLIK
3805.52,EUR,2218,FAILED,BLIK
2601.59,EUR,2259,FAILED,TRANSFER
4163.03,EUR,1873,PAID,CARD
1901.97,USD,1291,NEW,BLIK
2949.06,PLN,2096,FAILED,TRANSFER
1740.71,USD,1104,NEW,CARD
811.21,PLN,1731,FAILED,TRANSFER
2826.64,USD,4702,FAILED,CARD
2662.69,USD,1204,PAID,TRANSFER
231.03,PLN,4036,PAID,BLIK
4411.26,EUR,3638,NEW,BLIK
2709.18,EUR,1513,NEW,CARD
652.46,PLN,802,PAID,TRANSFER
2550.02,PLN,97,FAILED,CARD
1566.11,PLN,1447,PAID,BLIK
2541.85,EUR,2229,NEW,TRANSFER
537.36,EUR,748,PAID,TRANSFER
107.69,USD,3689,NEW,BLIK
1669.29,EUR,738,PAID,CARD
4078.5,PLN,2158,NEW,CARD
2830.84,EUR,981,PAID,TRANSFER
4768.41,PLN,901,FAILED,BLIK
833.67,EUR,219,FAILED,BLIK
2376.27,USD,3336,NEW,BLIK
4008.62,EUR,4841,FAILED,CARD
1495.37,PLN,4281,FAILED,TRANSFER
2294.34,EUR,2062,PAID,TRANSFER
4924.21,USD,1348,NEW,TRANSFER
2267.3,USD,4263,NEW,CARD
3906.71,EUR,3815,NEW,TRANSFER
4037.8,USD,3821,PAID,TRANSFER
1413.74,USD,359,FAILED,BLIK
116.25,USD,4691,NEW,CARD
205.73,PLN,3877,FAILED,TRANSFER
2163.09,EUR,3464,PAID,TRANSFER
2873.32,EUR,2264,FAILED,BLIK
792.28,EUR,3405,PAID,BLIK
4969.21,EUR,2971,PAID,CARD
1883.55,EUR,2283,PAID,TRANSFER
2012.82,PLN,1568,PAID,TRANSFER
3562.32,PLN,2377,PAID,BLIK
1752.09,PLN,1429,NEW,BLIK
4230.6,USD,4807,PAID,BLIK
4821.13,EUR,423,FAILED,TRANSFER
4377.97,PLN,1310,PAID,BLIK
3344.15,EUR,3295,NEW,TRANSFER
3789.08,USD,4164,PAID,BLIK
2466.75,PLN,4895,PAID,BLIK
2968.18,EUR,4672,FAILED,CARD
2424.47,EUR,261,NEW,TRANSFER
1465.08,PLN,3193,PAID,TRANSFER
2177.38,USD,3311,FAILED,BLIK
2816.64,USD,2012,FAILED,TRANSFER
2652.22,EUR,4402,NEW,BLIK
2369.19,EUR,4249,NEW,CARD
2727.9,EUR,922,NEW,BLIK
629.57,USD,4844,PAID,CARD
4930.53,USD,3782,NEW,CARD
1385.72,EUR,3474,FAILED,CARD
3834.43,EUR,4961,NEW,CARD
2740.12,EUR,1440,FAILED,CARD
4859.1,EUR,294,FAILED,CARD
52.37,PLN,824,NEW,BLIK
303.1,USD,828,NEW,CARD
4393.06,PLN,990,NEW,BLIK
2643.83,USD,1587,NEW,CARD
3793.41,PLN,1333,NEW,CARD
1333.87,PLN,2287,PAID,BLIK
3187.97,PLN,4807,NEW,TRANSFER
3109.5,USD,4089,NEW,TRANSFER
1033.31,EUR,2735,PAID,TRANSFER
3911.04,EUR,3606,PAID,TRANSFER
801.35,PLN,4811,NEW,CARD
1525.38,EUR,565,PAID,BLIK
780.64,PLN,4209,PAID,BLIK
4656.69,USD,3927,PAID,TRANSFER
2720.46,EUR,3113,FAILED,CARD
1007.93,EUR,3117,PAID,BLIK
3918.61,PLN,3724,PAID,BLIK
671.99,PLN,3940,PAID,TRANSFER
849.55,PLN,3218,NEW,CARD
670.31,USD,1210,PAID,BLIK
3610.33,EUR,1518,NEW,BLIK
3952.77,EUR,3901,FAILED,BLIK
3164.58,PLN,3297,NEW,CARD
1989.43,EUR,3972,FAILED,TRANSFER
2730.14,EUR,2425,FAILED,BLIK
4598.47,EUR,2702,FAILED,TRANSFER
2937.36,EUR,219,FAILED,CARD
4300.06,PLN,4686,PAID,CARD
2732.79,PLN,2045,NEW,CARD
1984.33,PLN,390,PAID,CARD
791.28,USD,851,FAILED,BLIK
2726.32,EUR,3819,FAILED,CARD
3704.13,PLN,836,NEW,CARD
1524.76,EUR,2198,NEW,CARD
4885.49,PLN,4262,PAID,BLIK
2108.72,EUR,3295,FAILED,BLIK
4639.05,USD,2427,FAILED,TRANSFER
1630.17,USD,944,NEW,TRANSFER
696.41,PLN,3070,PAID,CARD
4777.15,PLN,3294,NEW,TRANSFER
3180.13,EUR,1291,FAILED,TRANSFER
2953.65,PLN,1849,FAILED,CARD
3343.83,PLN,2892,FAILED,BLIK
1945.95,EUR,188,PAID,CARD
635.37,PLN,2733,PAID,CARD
1034.35,PLN,4600,PAID,CARD
2578.03,USD,1851,NEW,TRANSFER
1885.2,PLN,1385,FAILED,TRANSFER
4014.26,USD,1899,FAILED,TRANSFER
2158.56,USD,2541,NEW,TRANSFER
4793.94,PLN,2354,PAID,TRANSFER
2151.62,USD,1503,FAILED,TRANSFER
4433.98,EUR,478,NEW,CARD
964.98,PLN,3735,PAID,TRANSFER
330.84,USD,1962,FAILED,BLIK
2117.58,PLN,855,PAID,CARD
4232.15,EUR,2378,PAID,CARD
392.42,PLN,3533,FAILED,CARD
3686.97,USD,2627,FAILED,CARD
963.56,PLN,1001,FAILED,TRANSFER
2066.4,PLN,1072,NEW,CARD
1642.0,EUR,2787,FAILED,TRANSFER
4566.97,USD,1723,FAILED,CARD
3371.02,EUR,1274,PAID,CARD
374.94,EUR,2315,NEW,BLIK
167.5,PLN,2704,NEW,BLIK
4700.56,EUR,2196,FAILED,CARD
919.23,USD,1855,FAILED,TRANSFER
2457.59,EUR,4328,FAILED,TRANSFER
1318.45,USD,3704,NEW,BLIK
2554.83,EUR,4616,FAILED,CARD
1652.53,PLN,4569,PAID,BLIK
3727.78,EUR,1671,NEW,CARD
1959.71,EUR,3145,NEW,CARD
4496.3,EUR,63,FAILED,BLIK
4463.91,USD,4039,PAID,CARD
4948.34,USD,455,PAID,TRANSFER
3075.58,USD,4342,PAID,TRANSFER
4490.27,USD,1989,PAID,CARD
2265.64,USD,1277,PAID,CARD
2451.25,USD,3291,FAILED,TRANSFER
2349.1,PLN,2104,FAILED,CARD
902.97,USD,3168,PAID,BLIK
2605.77,PLN,2446,FAILED,BLIK
153.92,PLN,2844,NEW,TRANSFER
1025.26,PLN,1530,NEW,TRANSFER
2888.23,PLN,4254,FAILED,CARD
4541.6,USD,2420,PAID,TRANSFER
1790.29,EUR,1743,NEW,CARD
114.6,EUR,178,FAILED,BLIK
4648.74,EUR,2936,PAID,TRANSFER
534.92,PLN,2291,PAID,TRANSFER
2754.8,PLN,1761,FAILED,TRANSFER
3485.1,EUR,329,PAID,TRANSFER
2095.11,PLN,3893,NEW,BLIK
47.75,EUR,3379,FAILED,CARD
1219.89,EUR,2918,FAILED,BLIK
4928.42,EUR,3388,FAILED,BLIK
4818.49,USD,3287,NEW,BLIK
1639.07,USD,1222,FAILED,BLIK
1944.46,EUR,4634,PAID,BLIK
4205.48,PLN,2182,FAILED,CARD
3584.66,PLN,88,PAID,TRANSFER
1045.26,EUR,2831,PAID,BLIK
522.69,USD,2283,NEW,TRANSFER
1934.55,PLN,397,PAID,BLIK
3187.4,EUR,101,FAILED,BLIK
3406.26,PLN,1632,PAID,TRANSFER
1250.32,PLN,325,FAILED,TRANSFER
4608.11,PLN,2251,FAILED,BLIK
130.65,EUR,3040,NEW,CARD
3269.67,USD,3171,NEW,CARD
3280.89,PLN,4182,PAID,TRANSFER
72.07,PLN,937,NEW,BLIK
4027.36,USD,1162,PAID,CARD
3267.59,EUR,245,FAILED,BLIK
2196.83,PLN,3223,FAILED,CARD
781.35,PLN,2628,FAILED,BLIK
1114.1,USD,4676,PAID,BLIK
3584.54,USD,2262,FAILED,CARD
4204.3,PLN,1357,FAILED,TRANSFER
2775.19,PLN,1412,FAILED,BLIK
4786.65,EUR,1605,FAILED,BLIK
3265.83,PLN,1922,NEW,BLIK
3538.99,PLN,278,PAID,CARD
561.96,EUR,909,NEW,TRANSFER
4951.72,PLN,4977,NEW,TRANSFER
3328.29,EUR,1836,FAILED,CARD
230.7,EUR,3767,PAID,BLIK
1428.48,PLN,2636,NEW,BLIK
337.18,PLN,1062,PAID,BLIK
1106.86,EUR,2319,PAID,TRANSFER
2117.95,PLN,253,FAILED,TRANSFER
2455.77,EUR,910,NEW,CARD
4793.2,PLN,155,PAID,TRANSFER
1916.4,PLN,4453,PAID,BLIK
171.3,USD,1020,PAID,BLIK
3302.57,USD,4159,FAILED,BLIK
3290.34,USD,4087,NEW,BLIK
1082.35,USD,2922,NEW,BLIK
1108.07,USD,1226,FAILED,CARD
2587.31,EUR,1936,NEW,TRANSFER
1392.59,EUR,2315,PAID,BLIK
4627.94,USD,4326,NEW,CARD
3156.13,EUR,1570,PAID,BLIK
2495.12,PLN,4859,PAID,BLIK
4531.58,PLN,4413,FAILED,TRANSFER
4139.27,EUR,4788,PAID,TRANSFER
4991.67,PLN,4422,PAID,CARD
2215.37,PLN,1636,FAILED,TRANSFER
156.67,USD,904,FAILED,TRANSFER
2450.76,USD,3139,FAILED,TRANSFER
3450.33,PLN,4308,NEW,BLIK
4777.67,EUR,1091,FAILED,BLIK
4047.02,PLN,4584,FAILED,BLIK
4969.81,PLN,2772,FAILED,CARD
4186.79,PLN,1226,FAILED,TRANSFER
2010.53,PLN,1857,PAID,TRANSFER
2463.7,PLN,4551,NEW,CARD
2288.24,USD,4610,PAID,TRANSFER
2283.92,USD,2863,PAID,TRANSFER
1012.23,USD,2987,NEW,CARD
117.37,PLN,602,FAILED,TRANSFER
4339.57,USD,238,PAID,BLIK
706.38,PLN,3156,FAILED,CARD
3715.29,EUR,1128,FAILED,BLIK
4231.43,USD,3441,PAID,CARD
762.26,USD,2323,FAILED,TRANSFER
3889.06,EUR,2736,PAID,CARD
158.16,USD,478,PAID,BLIK
4983.68,PLN,1395,FAILED,BLIK
3960.15,USD,663,FAILED,BLIK
1384.1,USD,4338,NEW,CARD
721.35,PLN,3865,NEW,CARD
4166.46,EUR,4479,NEW,CARD
1453.44,USD,1612,PAID,TRANSFER
1708.08,USD,4147,FAILED,TRANSFER
4777.41,USD,1261,FAILED,TRANSFER
2455.74,PLN,2,FAILED,TRANSFER
3862.78,PLN,637,FAILED,CARD
3378.2,PLN,4770,FAILED,BLIK
4480.06,USD,1675,FAILED,CARD
2443.2,PLN,4291,NEW,TRANSFER
1165.84,USD,2296,PAID,CARD
827.8,PLN,1408,FAILED,TRANSFER
163.15,USD,1455,PAID,CARD
3315.96,PLN,4798,NEW,CARD
2981.94,PLN,1774,PAID,BLIK
3213.71,PLN,1763,NEW,BLIK
1998.51,USD,4079,FAILED,BLIK
2727.85,USD,4779,FAILED,CARD
3564.39,PLN,1819,FAILED,TRANSFER
4311.42,USD,2590,FAILED,TRANSFER
1851.18,USD,3035,PAID,CARD
4396.43,EUR,766,FAILED,BLIK
3023.06,USD,2276,FAILED,BLIK
1168.45,EUR,2026,NEW,TRANSFER
3942.85,USD,4239,FAILED,CARD
4649.82,EUR,4003,PAID,TRANSFER
743.22,USD,2726,PAID,BLIK
4936.09,PLN,2714,PAID,BLIK
1206.34,PLN,2106,FAILED,CARD
1914.87,EUR,3838,FAILED,BLIK
1048.4,EUR,508,NEW,BLIK
1481.47,USD,2530,PAID,BLIK
3843.49,EUR,3573,PAID,CARD
2898.48,USD,628,FAILED,TRANSFER
2094.78,EUR,297,NEW,TRANSFER
4528.49,USD,924,FAILED,BLIK
579.07,USD,2305,PAID,TRANSFER
3862.75,USD,2154,PAID,CARD
3288.73,EUR,694,PAID,CARD
4308.86,USD,1827,NEW,CARD
3373.29,EUR,2029,FAILED,BLIK
638.21,USD,4579,PAID,BLIK
3297.5,USD,1789,FAILED,BLIK
4955.25,EUR,3362,FAILED,CARD
4430.69,USD,3895,PAID,BLIK
4630.21,PLN,1734,PAID,TRANSFER
3393.52,PLN,468,FAILED,CARD
4542.07,USD,3457,NEW,TRANSFER
4592.37,USD,3600,FAILED,CARD
1571.78,EUR,4362,NEW,BLIK
2706.66,PLN,3545,PAID,TRANSFER
2886.73,USD,563,FAILED,BLIK
2037.22,EUR,3184,FAILED,TRANSFER
1371.26,PLN,1132,FAILED,CARD
1578.82,USD,4461,FAILED,TRANSFER
2655.3,USD,274,FAILED,BLIK
1295.88,EUR,2885,FAILED,TRANSFER
105.22,USD,661,PAID,CARD
1820.8,PLN,571,FAILED,BLIK
2219.86,PLN,3105,PAID,TRANSFER
408.74,EUR,2623,PAID,TRANSFER
1603.65,USD,3586,NEW,BLIK
613.14,EUR,3128,PAID,BLIK
2011.78,PLN,3368,FAILED,TRANSFER
1043.69,EUR,3605,PAID,CARD
3489.16,EUR,3074,NEW,BLIK
76.99,PLN,375,PAID,CARD
832.69,USD,2545,NEW,TRANSFER
3327.67,PLN,518,FAILED,CARD
2049.25,EUR,4131,FAILED,CARD
582.44,PLN,67,FAILED,CARD
1262.75,EUR,1380,PAID,BLIK
2966.9,PLN,960,NEW,BLIK
4304.17,PLN,3396,FAILED,CARD
3950.6,EUR,4973,FAILED,CARD
2466.42,USD,941,FAILED,CARD
4029.52,EUR,3822,PAID,BLIK
4674.6,USD,2240,FAILED,TRANSFER
2024.7,EUR,3821,PAID,TRANSFER
2111.65,EUR,120,PAID,TRANSFER
347.93,EUR,2392,NEW,CARD
3853.46,PLN,4682,NEW,TRANSFER
3796.14,EUR,634,PAID,TRANSFER
1929.56,PLN,1703,PAID,BLIK
4097.43,EUR,2304,FAILED,CARD
4164.38,USD,883,PAID,CARD
4939.32,PLN,4241,NEW,CARD
475.88,EUR,5,NEW,TRANSFER
880.1,EUR,1528,NEW,BLIK
4748.68,USD,1266,PAID,CARD
2427.93,USD,1344,FAILED,CARD
3156.02,PLN,1447,PAID,CARD
3302.63,USD,4939,FAILED,TRANSFER
3132.73,PLN,812,PAID,TRANSFER
3698.32,USD,1821,NEW,TRANSFER
4427.65,EUR,158,FAILED,BLIK
2718.74,USD,4150,NEW,TRANSFER
2872.89,PLN,3803,PAID,BLIK
2941.87,PLN,4603,NEW,CARD
4004.67,USD,3749,NEW,CARD
4201.35,EUR,791,PAID,CARD
4467.05,EUR,1839,FAILED,TRANSFER
269.99,PLN,2517,NEW,BLIK
1499.0,PLN,2742,NEW,CARD
4452.68,EUR,1653,FAILED,CARD
3204.44,USD,3555,FAILED,TRANSFER
1797.13,PLN,296,PAID,CARD
20.02,EUR,1373,FAILED,BLIK
3214.28,PLN,2299,FAILED,CARD
4573.76,USD,3801,PAID,BLIK
1888.79,PLN,4426,FAILED,TRANSFER
2728.79,PLN,4169,NEW,TRANSFER
4814.75,EUR,940,PAID,CARD
3353.92,PLN,3025,NEW,CARD
4998.88,PLN,155,NEW,CARD
112.82,EUR,4266,NEW,TRANSFER
2516.02,EUR,3170,NEW,TRANSFER
4707.68,PLN,2289,NEW,TRANSFER
348.4,USD,2746,NEW,CARD
606.26,EUR,291,NEW,CARD
2369.51,EUR,3643,NEW,BLIK
528.76,EUR,4822,PAID,TRANSFER
4016.82,USD,4936,PAID,BLIK
1429.02,USD,410,NEW,CARD
4382.63,EUR,4419,FAILED,CARD
1059.02,PLN,3223,NEW,BLIK
4992.68,PLN,2690,PAID,TRANSFER
4178.42,USD,505,PAID,BLIK
3410.52,USD,845,NEW,CARD
3524.65,EUR,4478,FAILED,TRANSFER
2121.69,PLN,3052,NEW,CARD
594.72,PLN,1460,NEW,TRANSFER
1528.12,EUR,5,NEW,BLIK
2101.53,EUR,556,FAILED,BLIK
3150.98,PLN,3319,NEW,CARD
1755.5,USD,2549,FAILED,CARD
2648.25,EUR,3217,PAID,TRANSFER
4776.45,PLN,2274,PAID,TRANSFER
1437.35,EUR,4878,PAID,CARD
3316.5,USD,3657,FAILED,CARD
1618.33,USD,4268,PAID,CARD
3269.3,PLN,4079,PAID,CARD
3858.92,EUR,1828,NEW,TRANSFER
2785.25,PLN,4178,NEW,BLIK
3301.04,PLN,4330,FAILED,CARD
3621.94,USD,4052,NEW,CARD
1767.12,PLN,4612,PAID,CARD
1711.18,PLN,1768,NEW,BLIK
4637.25,PLN,4676,FAILED,CARD
1501.45,PLN,3460,FAILED,BLIK
48.76,PLN,2249,NEW,CARD
4719.21,USD,1713,PAID,BLIK
274.71,EUR,4188,NEW,BLIK
1559.6,PLN,4360,NEW,TRANSFER
2004.71,EUR,1565,PAID,BLIK
3717.05,USD,3773,FAILED,TRANSFER
392.84,PLN,3455,PAID,CARD
4803.84,EUR,1278,FAILED,TRANSFER
2836.73,USD,3172,PAID,TRANSFER
1869.61,PLN,1036,PAID,BLIK
846.7,USD,3265,FAILED,BLIK
2932.96,PLN,865,NEW,CARD
4219.9,USD,679,FAILED,BLIK
1220.87,EUR,1264,PAID,BLIK
2566.46,USD,424,NEW,BLIK
2004.41,USD,1642,FAILED,CARD
1468.18,PLN,646,PAID,CARD
437.13,USD,574,NEW,CARD
3954.81,PLN,1602,PAID,BLIK
4627.01,EUR,2018,FAILED,CARD
3228.05,PLN,2799,NEW,TRANSFER
4018.32,USD,4778,FAILED,BLIK
1484.02,USD,3325,NEW,BLIK
2429.71,USD,3633,PAID,TRANSFER
3722.5,PLN,4673,FAILED,CARD
4522.66,EUR,2047,FAILED,BLIK
1030.63,PLN,37,NEW,BLIK
2198.16,EUR,412,FAILED,CARD
1404.5,USD,3089,PAID,BLIK
613.97,USD,139,PAID,BLIK
1110.77,PLN,4504,NEW,BLIK
3752.7,EUR,3658,FAILED,TRANSFER
3709.63,EUR,1074,NEW,TRANSFER
3047.09,PLN,3991,FAILED,TRANSFER
429.42,EUR,4909,FAILED,TRANSFER
4992.02,USD,510,PAID,TRANSFER
1134.67,EUR,2039,NEW,BLIK
3972.46,USD,4211,PAID,BLIK
4968.56,PLN,618,NEW,TRANSFER
1462.16,USD,1822,PAID,TRANSFER
2585.83,PLN,3039,NEW,CARD
4829.89,USD,3516,PAID,TRANSFER
625.91,EUR,2738,PAID,BLIK
3572.66,EUR,1869,PAID,BLIK
1458.75,USD,4046,NEW,BLIK
1448.93,USD,3205,FAILED,BLIK
3746.94,PLN,2633,NEW,BLIK
3708.37,EUR,440,NEW,CARD
1401.27,EUR,3865,PAID,CARD
1587.86,USD,2775,NEW,CARD
4914.61,USD,260,PAID,CARD
2305.43,EUR,4250,PAID,TRANSFER
3393.3,USD,4721,NEW,TRANSFER
2045.04,PLN,519,FAILED,CARD
573.83,USD,1620,FAILED,BLIK
343.65,USD,4068,NEW,CARD
4043.87,EUR,2352,FAILED,TRANSFER
1743.33,EUR,3491,PAID,CARD
4253.49,PLN,932,PAID,BLIK
510.95,EUR,1096,NEW,BLIK
2765.08,USD,535,NEW,TRANSFER
4001.21,EUR,3094,NEW,BLIK
3723.3,USD,3361,PAID,BLIK
75.62,EUR,2700,FAILED,TRANSFER
2804.39,USD,2500,PAID,BLIK
4014.81,USD,2812,FAILED,CARD
2056.58,EUR,2721,PAID,BLIK
1539.11,PLN,4551,NEW,TRANSFER
1741.28,USD,4017,PAID,TRANSFER
1839.42,USD,3402,NEW,BLIK
700.84,EUR,4996,PAID,TRANSFER
674.36,PLN,2516,PAID,TRANSFER
1752.45,PLN,1570,FAILED,TRANSFER
2558.07,EUR,4819,PAID,CARD
3240.33,USD,4440,PAID,BLIK
1051.71,EUR,4141,NEW,CARD
339.99,USD,745,FAILED,TRANSFER
4775.65,EUR,3294,PAID,TRANSFER
2577.95,EUR,4703,NEW,BLIK
4316.13,USD,1393,FAILED,TRANSFER
4212.24,PLN,4285,NEW,BLIK
4298.11,USD,3626,NEW,BLIK
1820.22,EUR,3288,NEW,BLIK
4598.1,PLN,2586,FAILED,TRANSFER
2788.72,PLN,896,PAID,CARD
3071.6,PLN,2079,PAID,BLIK
893.99,USD,2918,NEW,TRANSFER
4227.16,EUR,3310,PAID,TRANSFER
763.37,USD,1873,NEW,BLIK
450.73,EUR,4966,NEW,BLIK
2317.53,PLN,3913,NEW,CARD
2996.22,EUR,31,NEW,CARD
2203.14,PLN,4818,PAID,CARD
781.32,EUR,4437,FAILED,TRANSFER
825.27,EUR,2157,FAILED,CARD
1285.51,EUR,4337,PAID,CARD
290.24,PLN,143,FAILED,CARD
1495.3,EUR,782,NEW,CARD
1428.14,PLN,408,FAILED,TRANSFER
3221.25,USD,1479,NEW,TRANSFER
3247.64,EUR,1396,PAID,TRANSFER
1687.34,PLN,4136,FAILED,CARD
3974.96,PLN,2756,FAILED,CARD
142.97,EUR,3564,NEW,TRANSFER
3416.4,PLN,4596,NEW,CARD
4239.41,PLN,3749,NEW,TRANSFER
4521.98,USD,2383,NEW,CARD
107.0,PLN,4650,NEW,BLIK
1821.0,PLN,4950,PAID,BLIK
1974.07,USD,165,PAID,CARD
1430.65,EUR,1310,PAID,BLIK
2313.0,PLN,4124,PAID,TRANSFER
1805.85,PLN,1914,NEW,BLIK
1443.86,PLN,2014,PAID,BLIK
1817.42,USD,2128,PAID,TRANSFER
4492.23,EUR,2837,NEW,TRANSFER
3459.49,USD,947,PAID,CARD
2898.24,EUR,3069,NEW,BLIK
2544.21,USD,3597,FAILED,CARD
1189.27,PLN,2183,NEW,CARD
4883.75,USD,3111,NEW,CARD
3303.45,EUR,1798,FAILED,CARD
1777.64,PLN,3084,FAILED,CARD
3978.09,USD,4017,NEW,TRANSFER
3552.03,USD,990,FAILED,CARD
3896.2,USD,3114,FAILED,CARD
860.25,USD,1978,PAID,BLIK
4533.2,PLN,2942,FAILED,TRANSFER
3386.64,USD,4382,NEW,TRANSFER
1496.57,PLN,1924,PAID,BLIK
2581.37,EUR,3127,NEW,BLIK
2295.56,EUR,1029,PAID,CARD
3346.13,USD,773,FAILED,CARD
2675.95,PLN,4014,NEW,BLIK
2639.66,EUR,3862,NEW,TRANSFER
655.73,EUR,1102,PAID,TRANSFER
1326.74,EUR,4224,NEW,TRANSFER
132.64,PLN,3023,PAID,BLIK
3095.83,EUR,528,NEW,BLIK
184.4,PLN,2863,PAID,CARD
2548.59,PLN,128,NEW,TRANSFER
1517.38,EUR,2026,NEW,CARD
1770.01,USD,954,PAID,TRANSFER
829.24,PLN,547,FAILED,TRANSFER
580.88,USD,4582,PAID,BLIK
2297.55,USD,3017,NEW,BLIK
4212.21,USD,353,NEW,BLIK
4476.66,PLN,3025,FAILED,BLIK
1051.36,USD,971,NEW,BLIK
2851.14,PLN,2160,FAILED,TRANSFER
2066.2,PLN,3062,FAILED,BLIK
4783.23,USD,1561,PAID,TRANSFER
876.9,USD,2613,PAID,TRANSFER
1715.21,PLN,1422,NEW,BLIK
1865.01,EUR,4059,NEW,TRANSFER
2628.77,PLN,4687,PAID,TRANSFER
1851.41,EUR,46,PAID,BLIK
1862.56,USD,969,FAILED,TRANSFER
3683.74,PLN,4233,FAILED,CARD
1869.4,PLN,4682,NEW,TRANSFER
91.48,EUR,4688,PAID,BLIK
4293.98,EUR,2267,PAID,TRANSFER
1895.8,PLN,2745,PAID,BLIK
4192.31,EUR,1928,PAID,CARD
4168.44,EUR,3861,PAID,TRANSFER
2892.07,PLN,4617,NEW,TRANSFER
1142.77,PLN,2491,NEW,TRANSFER
3680.53,EUR,2700,NEW,TRANSFER
899.35,EUR,4372,FAILED,BLIK
2462.82,PLN,1571,NEW,BLIK
1157.07,EUR,4033,NEW,BLIK
3729.82,PLN,1753,PAID,TRANSFER
954.14,EUR,1713,PAID,BLIK
3965.4,PLN,2356,PAID,BLIK
4505.02,USD,122,NEW,TRANSFER
3475.18,EUR,3663,FAILED,CARD
3648.05,EUR,2335,NEW,BLIK
3791.76,PLN,3741,FAILED,TRANSFER
1911.35,EUR,2248,FAILED,TRANSFER
4515.91,EUR,1032,NEW,TRANSFER
1997.38,USD,2261,PAID,CARD
2988.04,EUR,1950,NEW,BLIK
2529.84,PLN,4104,PAID,BLIK
172.68,EUR,3495,FAILED,BLIK
4292.31,USD,4037,PAID,CARD
1450.75,EUR,1506,NEW,CARD
2640.83,USD,1681,FAILED,TRANSFER
1979.85,PLN,3829,FAILED,TRANSFER
32.05,PLN,2277,NEW,BLIK
4007.05,PLN,422,NEW,BLIK
2495.57,USD,3278,NEW,BLIK
1112.48,PLN,981,PAID,CARD
4646.09,PLN,3380,FAILED,CARD
2604.43,USD,3745,PAID,TRANSFER
857.77,USD,2817,PAID,CARD
2848.94,USD,641,FAILED,TRANSFER
4032.37,EUR,4571,PAID,BLIK
3881.79,EUR,1419,PAID,BLIK
1010.57,PLN,814,FAILED,BLIK
3307.5,EUR,4088,PAID,CARD
789.67,PLN,1029,NEW,TRANSFER
1683.0,USD,879,NEW,TRANSFER
161.77,PLN,530,PAID,TRANSFER
1526.18,PLN,2529,PAID,CARD
4633.1,EUR,4643,FAILED,CARD
530.99,PLN,195,NEW,TRANSFER
1247.59,PLN,2394,PAID,CARD
4264.16,EUR,1344,NEW,BLIK
4030.08,PLN,2737,FAILED,CARD
4704.76,USD,409,PAID,CARD
4215.42,PLN,418,NEW,BLIK
3931.03,USD,4596,FAILED,CARD
4360.82,USD,3066,NEW,CARD
2737.21,EUR,3586,FAILED,CARD
1196.34,PLN,1828,NEW,TRANSFER
1998.33,USD,630,FAILED,TRANSFER
4892.11,EUR,3196,PAID,CARD
1024.0,EUR,3417,PAID,CARD
272.52,PLN,4431,FAILED,BLIK
1731.01,USD,1776,NEW,TRANSFER
2294.68,USD,2132,FAILED,TRANSFER
1984.53,USD,1275,NEW,BLIK
1195.45,USD,1213,FAILED,CARD
2377.28,PLN,1800,FAILED,TRANSFER
2876.8,EUR,1801,PAID,BLIK
1127.75,PLN,758,NEW,CARD
853.19,PLN,4817,PAID,CARD
4618.22,PLN,4667,PAID,BLIK
4468.24,USD,2882,NEW,CARD
70.98,EUR,4450,PAID,CARD
1408.45,USD,1383,FAILED,CARD
4831.01,USD,1471,NEW,BLIK
3045.37,USD,1915,NEW,BLIK
449.13,PLN,3334,FAILED,TRANSFER
3011.7,EUR,732,NEW,BLIK
64.2,PLN,1744,FAILED,TRANSFER
3818.92,EUR,2185,NEW,BLIK
1635.44,USD,1445,FAILED,BLIK
1254.68,EUR,2222,PAID,BLIK
924.32,EUR,691,FAILED,TRANSFER
3189.89,EUR,4864,NEW,BLIK
4361.74,EUR,1394,FAILED,CARD
1970.37,USD,4021,FAILED,TRANSFER
2451.73,EUR,1737,FAILED,BLIK
2875.91,EUR,3472,PAID,CARD
674.7,EUR,3614,FAILED,BLIK
2521.97,EUR,4400,PAID,CARD
2211.06,USD,1145,PAID,BLIK
1717.59,USD,607,FAILED,TRANSFER
3838.87,EUR,1365,NEW,BLIK
2109.99,PLN,5,NEW,CARD
2691.99,PLN,442,NEW,BLIK
121.09,EUR,205,PAID,TRANSFER
4032.02,EUR,2014,FAILED,BLIK
4669.97,USD,1839,NEW,CARD
2759.47,USD,4524,PAID,TRANSFER
3148.15,USD,583,FAILED,BLIK
1964.31,USD,955,PAID,BLIK
2208.61,PLN,3044,NEW,TRANSFER
949.75,EUR,1915,NEW,TRANSFER
1802.42,USD,192,PAID,BLIK
4765.37,EUR,2422,FAILED,TRANSFER
4462.09,EUR,3413,PAID,TRANSFER
3690.78,EUR,665,PAID,BLIK
2560.49,EUR,4136,FAILED,BLIK
4462.3,EUR,4377,PAID,BLIK
4927.87,USD,3035,NEW,BLIK
187.63,PLN,2338,PAID,CARD
2761.56,USD,1459,NEW,CARD
1943.67,EUR,1698,FAILED,BLIK
3224.25,PLN,1196,NEW,TRANSFER
1429.06,USD,2489,PAID,CARD
3636.53,USD,3695,PAID,BLIK
4661.59,USD,1665,PAID,CARD
4352.31,USD,3444,FAILED,BLIK
351.71,USD,3675,NEW,CARD
3465.36,USD,3985,PAID,CARD
3652.5,PLN,1087,NEW,TRANSFER
4326.05,EUR,3706,PAID,TRANSFER
164.4,USD,3919,PAID,CARD
541.71,PLN,1619,NEW,TRANSFER
1428.67,USD,2667,FAILED,BLIK
417.56,EUR,4856,PAID,CARD
969.45,USD,747,PAID,BLIK
1506.83,USD,898,NEW,TRANSFER
1801.49,USD,862,PAID,BLIK
3202.8,PLN,1739,NEW,CARD
622.4,USD,2918,FAILED,TRANSFER
1452.33,EUR,995,NEW,TRANSFER
4831.47,EUR,2383,NEW,TRANSFER
4693.2,EUR,4781,PAID,CARD
1775.96,EUR,3647,NEW,BLIK
2850.11,EUR,3446,PAID,TRANSFER
3502.4,USD,3508,PAID,TRANSFER
2876.76,PLN,4633,PAID,CARD
4668.15,PLN,4163,PAID,TRANSFER
2358.47,PLN,4010,PAID,CARD
933.64,PLN,2501,NEW,TRANSFER
747.41,EUR,3367,FAILED,BLIK
4276.05,PLN,4955,FAILED,CARD
2932.62,USD,2016,FAILED,TRANSFER
794.37,USD,2747,PAID,TRANSFER
1624.22,EUR,798,PAID,BLIK
1419.13,USD,167,NEW,CARD
4613.5,USD,4984,PAID,TRANSFER
4146.47,PLN,2119,PAID,CARD
2634.82,USD,4285,PAID,TRANSFER
2895.58,USD,4560,NEW,BLIK
4376.74,EUR,4653,PAID,BLIK
4777.17,EUR,2468,NEW,CARD
3802.61,EUR,1073,FAILED,BLIK
566.61,USD,1576,PAID,TRANSFER
2798.0,EUR,4293,NEW,TRANSFER
3999.28,USD,2127,FAILED,TRANSFER
2969.26,PLN,3015,FAILED,TRANSFER
1599.34,PLN,3832,FAILED,TRANSFER
2041.56,EUR,2369,FAILED,TRANSFER
250.35,EUR,4187,PAID,TRANSFER
873.64,EUR,1784,NEW,BLIK
2772.98,USD,705,FAILED,BLIK
3890.18,EUR,4702,FAILED,CARD
734.2,PLN,2168,FAILED,CARD
514.11,EUR,1644,FAILED,BLIK
4751.45,USD,3119,FAILED,BLIK
3336.76,PLN,4053,FAILED,CARD
1825.99,USD,2196,FAILED,BLIK
3192.47,USD,1832,FAILED,CARD
1894.95,PLN,1193,FAILED,BLIK
2970.01,PLN,1120,NEW,CARD
4973.7,EUR,2211,FAILED,CARD
2541.73,PLN,1884,PAID,CARD
1013.06,PLN,2567,FAILED,CARD
4018.77,USD,1945,PAID,BLIK
2523.1,EUR,3647,NEW,BLIK
4702.43,PLN,3416,NEW,TRANSFER
452.59,PLN,3564,FAILED,BLIK
738.3,EUR,3753,PAID,TRANSFER
3130.24,PLN,180,FAILED,TRANSFER
4116.33,PLN,1047,PAID,TRANSFER
3803.95,EUR,2880,PAID,BLIK
2399.73,EUR,4872,PAID,BLIK
1128.08,USD,2237,FAILED,CARD
4915.33,USD,826,NEW,BLIK
4198.39,EUR,3138,FAILED,BLIK
767.92,PLN,4539,FAILED,TRANSFER
108.03,USD,1455,FAILED,CARD
2639.18,USD,4911,NEW,CARD
4379.26,PLN,3323,PAID,CARD
3702.23,USD,1269,FAILED,BLIK
3513.94,USD,2352,FAILED,CARD
350.19,PLN,2041,NEW,BLIK
2491.27,EUR,1431,NEW,TRANSFER
3267.39,EUR,3400,FAILED,TRANSFER
4985.01,USD,3059,NEW,CARD
4509.89,EUR,2066,FAILED,TRANSFER
2711.39,USD,4016,FAILED,TRANSFER
479.19,EUR,4557,FAILED,CARD
428.43,EUR,738,PAID,CARD
3206.1,PLN,671,PAID,BLIK
3768.21,USD,3638,PAID,CARD
4690.61,USD,4588,PAID,BLIK
4583.88,EUR,1934,NEW,BLIK
2017.56,USD,233,PAID,BLIK
199.31,USD,1558,FAILED,BLIK
264.52,USD,628,FAILED,TRANSFER
4733.99,EUR,1155,PAID,TRANSFER
4927.73,PLN,330,PAID,CARD
2871.49,PLN,4515,FAILED,TRANSFER
4550.23,PLN,1711,FAILED,BLIK
443.36,EUR,2161,NEW,BLIK
3845.1,PLN,2642,PAID,BLIK
2951.67,USD,3426,NEW,BLIK
1931.56,EUR,4287,PAID,BLIK
3025.4,USD,2272,NEW,BLIK
3150.1,EUR,564,NEW,CARD
150.88,USD,657,FAILED,TRANSFER
99.18,PLN,2549,PAID,BLIK
1313.59,USD,3618,PAID,CARD
1669.26,EUR,2098,NEW,BLIK
346.39,EUR,4219,FAILED,BLIK
4132.65,USD,3950,PAID,TRANSFER
1677.62,PLN,2915,NEW,CARD
4686.62,PLN,836,NEW,TRANSFER
2806.86,PLN,3822,NEW,TRANSFER
4881.82,EUR,2449,PAID,BLIK
435.34,USD,176,NEW,CARD
59.39,EUR,834,NEW,CARD
4186.74,PLN,4730,PAID,BLIK
1367.75,PLN,4728,PAID,CARD
2857.95,EUR,4976,FAILED,CARD
3771.1,PLN,4070,FAILED,TRANSFER
279.15,USD,3755,PAID,BLIK
4207.33,PLN,3236,FAILED,CARD
19.74,USD,1338,NEW,BLIK
629.05,EUR,2263,NEW,TRANSFER
2582.25,EUR,889,NEW,BLIK
1122.23,PLN,634,FAILED,TRANSFER
2490.05,PLN,2750,PAID,CARD
2309.96,USD,4001,FAILED,BLIK
3627.44,USD,4557,FAILED,BLIK
2819.78,PLN,2455,PAID,TRANSFER
291.99,PLN,2807,PAID,CARD
4324.48,USD,48,NEW,CARD
852.08,EUR,3948,PAID,TRANSFER
4616.54,USD,4293,PAID,CARD
1219.13,USD,333,PAID,TRANSFER
4375.42,USD,512,PAID,BLIK
4920.39,USD,3249,PAID,TRANSFER
2261.98,EUR,3769,NEW,TRANSFER
753.38,USD,1544,PAID,BLIK
1013.5,PLN,4292,FAILED,TRANSFER
203.55,PLN,3550,PAID,TRANSFER
4360.11,EUR,1516,FAILED,CARD
2783.21,PLN,2193,PAID,CARD
703.42,EUR,583,FAILED,TRANSFER
4399.84,USD,189,NEW,CARD
948.78,EUR,3112,PAID,CARD
4641.16,PLN,3831,FAILED,BLIK
2308.0,EUR,4445,NEW,TRANSFER
662.28,PLN,3546,FAILED,BLIK
3120.71,EUR,4955,PAID,CARD
1746.24,PLN,4407,NEW,TRANSFER
3574.88,USD,2800,NEW,TRANSFER
310.67,PLN,4214,FAILED,TRANSFER
337.61,EUR,4417,NEW,TRANSFER
1201.72,PLN,3147,NEW,TRANSFER
1314.92,USD,717,NEW,TRANSFER
4938.13,USD,4436,FAILED,CARD
4500.81,USD,1819,FAILED,BLIK
201.12,EUR,338,NEW,TRANSFER
417.74,PLN,2256,PAID,CARD
1492.2,USD,845,FAILED,CARD
2052.04,EUR,61,FAILED,TRANSFER
328.54,EUR,2124,FAILED,CARD
1202.05,PLN,1918,NEW,CARD
1706.13,EUR,173,FAILED,CARD
233.32,USD,4068,PAID,TRANSFER
1884.22,EUR,93,PAID,TRANSFER
1234.77,PLN,1006,FAILED,BLIK
3165.0,USD,3678,FAILED,CARD
644.03,PLN,1817,FAILED,TRANSFER
3722.21,USD,4705,NEW,BLIK
2938.09,EUR,4082,FAILED,CARD
4360.77,PLN,1491,FAILED,TRANSFER
4719.67,EUR,2082,PAID,TRANSFER
386.34,PLN,1353,PAID,BLIK
552.75,USD,3435,FAILED,BLIK
3791.3,EUR,3018,FAILED,CARD
4709.1,PLN,4200,FAILED,BLIK
2367.93,USD,3356,PAID,CARD
3103.23,EUR,2554,PAID,TRANSFER
4487.51,PLN,3916,FAILED,BLIK
1732.27,USD,4213,NEW,BLIK
4438.35,EUR,1923,FAILED,CARD
931.5,EUR,3161,NEW,TRANSFER
2459.65,PLN,842,FAILED,CARD
3366.14,EUR,4592,FAILED,CARD
3955.33,PLN,960,PAID,TRANSFER
4778.96,EUR,149,FAILED,BLIK
4060.88,USD,1919,PAID,CARD
2969.35,EUR,2064,NEW,TRANSFER
1674.25,PLN,1275,NEW,BLIK
4786.51,EUR,3424,FAILED,BLIK
4812.71,USD,4455,NEW,TRANSFER
1307.98,EUR,910,PAID,BLIK
1305.49,PLN,1824,PAID,TRANSFER
283.04,EUR,2729,FAILED,CARD
441.87,USD,2053,FAILED,BLIK
1818.91,USD,185,FAILED,CARD
1794.61,EUR,3779,FAILED,BLIK
750.33,USD,2798,PAID,TRANSFER
192.96,PLN,1795,FAILED,TRANSFER
3924.07,PLN,4990,PAID,BLIK
4821.25,PLN,249,PAID,CARD
4069.5,USD,3422,PAID,BLIK
4279.03,EUR,4403,PAID,CARD
4643.87,USD,1999,NEW,CARD
3882.03,USD,363,PAID,TRANSFER
2082.51,EUR,2841,PAID,BLIK
1596.88,USD,1972,NEW,TRANSFER
3995.14,PLN,4370,FAILED,BLIK
1056.47,EUR,3870,NEW,TRANSFER
1321.41,EUR,4875,PAID,TRANSFER
4957.47,PLN,2338,PAID,TRANSFER
1209.51,USD,1842,FAILED,CARD
3549.26,EUR,4165,PAID,CARD
2779.2,USD,749,FAILED,CARD
3886.68,USD,3889,FAILED,BLIK
3742.83,EUR,3009,FAILED,TRANSFER
1047.86,USD,4086,NEW,CARD
1371.9,USD,1362,NEW,BLIK
4478.84,EUR,525,FAILED,BLIK
1897.16,EUR,2360,NEW,TRANSFER
610.0,USD,3274,FAILED,TRANSFER
514.34,EUR,3066,FAILED,BLIK
2312.1,USD,4140,NEW,BLIK
3832.57,USD,4580,PAID,TRANSFER
476.02,EUR,646,NEW,CARD
4688.96,PLN,514,NEW,BLIK
2197.82,EUR,1248,FAILED,CARD
1830.4,PLN,1110,NEW,TRANSFER
1176.46,PLN,4500,FAILED,BLIK
3440.86,EUR,1346,PAID,BLIK
4707.76,USD,2037,FAILED,CARD
1352.96,USD,3306,PAID,CARD
4601.21,PLN,2063,FAILED,CARD
3003.23,USD,2798,FAILED,TRANSFER
4623.15,EUR,1794,PAID,CARD
1831.33,USD,615,NEW,CARD
2313.49,USD,2730,NEW,TRANSFER
915.92,PLN,3523,NEW,BLIK
1852.32,EUR,4257,NEW,CARD
2630.36,EUR,4991,PAID,CARD
2504.8,PLN,4874,NEW,TRANSFER
1183.39,PLN,466,NEW,TRANSFER
1762.53,EUR,3860,NEW,TRANSFER
3907.83,PLN,2599,FAILED,TRANSFER
784.9,PLN,2176,FAILED,CARD
755.0,USD,3586,PAID,CARD
4128.52,PLN,3555,PAID,TRANSFER
475.79,EUR,3139,NEW,CARD
2751.66,USD,264,FAILED,TRANSFER
2731.8,PLN,4456,FAILED,TRANSFER
2203.99,EUR,3711,FAILED,CARD
759.96,USD,4876,FAILED,CARD
4715.82,PLN,3839,NEW,BLIK
395.61,USD,338,NEW,BLIK
2945.48,PLN,1277,PAID,CARD
754.49,USD,226,PAID,CARD
649.88,USD,1337,FAILED,BLIK
2387.77,PLN,2948,PAID,TRANSFER
876.92,PLN,3130,NEW,CARD
1360.27,PLN,1754,NEW,TRANSFER
1202.73,PLN,4602,FAILED,CARD
3002.45,PLN,2678,FAILED,BLIK
3201.26,EUR,45,NEW,CARD
4656.39,EUR,247,PAID,TRANSFER
99.76,EUR,425,NEW,TRANSFER
3479.62,USD,2958,NEW,CARD
1683.52,PLN,4764,NEW,TRANSFER
734.53,EUR,1088,PAID,CARD
4502.37,EUR,4640,PAID,BLIK
2319.63,EUR,1782,FAILED,CARD
3983.26,EUR,3808,FAILED,BLIK
4836.1,EUR,4838,FAILED,BLIK
3215.63,PLN,992,FAILED,CARD
2048.41,USD,2409,PAID,TRANSFER
3355.44,USD,4752,PAID,BLIK
1109.57,PLN,4355,FAILED,TRANSFER
2483.4,PLN,4866,NEW,CARD
2796.68,PLN,2264,FAILED,BLIK
3083.11,PLN,837,NEW,BLIK
298.93,PLN,497,PAID,TRANSFER
756.69,USD,3833,NEW,TRANSFER
4349.7,USD,2034,NEW,CARD
580.37,EUR,51,PAID,CARD
3383.17,USD,3436,PAID,BLIK
1575.55,PLN,342,FAILED,TRANSFER
3261.46,USD,2395,FAILED,TRANSFER
4000.62,PLN,2515,NEW,CARD
2022.56,USD,1780,FAILED,CARD
792.53,USD,4788,PAID,CARD
441.92,PLN,4669,PAID,CARD
3864.34,PLN,63,NEW,TRANSFER
3211.36,EUR,4368,PAID,CARD
4367.95,EUR,4847,NEW,TRANSFER
3436.23,PLN,3808,FAILED,BLIK
3550.49,EUR,3827,NEW,BLIK
2617.35,EUR,4961,PAID,TRANSFER
1181.76,PLN,693,PAID,CARD
3678.9,PLN,4783,PAID,BLIK
3687.89,USD,3657,PAID,TRANSFER
4788.2,USD,2625,NEW,BLIK
4107.9,USD,2575,NEW,TRANSFER
3964.48,EUR,136,FAILED,CARD
4879.05,EUR,2161,FAILED,BLIK
3971.65,PLN,2726,PAID,TRANSFER
3436.8,PLN,1325,NEW,TRANSFER
4422.67,USD,3985,NEW,BLIK
4413.58,PLN,1423,PAID,CARD
1882.4,USD,1699,FAILED,BLIK
1330.29,PLN,1726,PAID,CARD
885.76,EUR,752,PAID,BLIK
1352.73,EUR,494,NEW,CARD
32.37,PLN,1437,NEW,CARD
1796.82,USD,410,FAILED,CARD
1170.81,USD,1117,PAID,CARD
2479.76,USD,834,FAILED,CARD
2164.28,PLN,4263,PAID,CARD
990.38,USD,2605,FAILED,BLIK
1503.63,EUR,3336,FAILED,CARD
1498.35,USD,177,NEW,TRANSFER
923.44,EUR,3186,PAID,TRANSFER
3720.52,EUR,2143,NEW,CARD
3544.61,USD,3510,FAILED,TRANSFER
4472.51,EUR,2715,PAID,BLIK
4359.46,EUR,4765,PAID,CARD
2347.16,EUR,1073,FAILED,BLIK
3454.68,PLN,4813,FAILED,BLIK
1790.43,PLN,3840,FAILED,CARD
3914.78,USD,275,PAID,BLIK
3518.24,EUR,123,NEW,TRANSFER
3018.64,EUR,3232,NEW,TRANSFER
2738.45,USD,4727,NEW,BLIK
1526.41,EUR,1999,PAID,BLIK
3122.42,USD,955,FAILED,CARD
2665.59,USD,4745,NEW,TRANSFER
4627.03,EUR,2383,NEW,BLIK
3020.69,EUR,538,PAID,TRANSFER
4788.38,PLN,2141,PAID,BLIK
243.03,PLN,4236,NEW,BLIK
1791.3,USD,3883,FAILED,BLIK
2957.9,USD,4783,PAID,TRANSFER
3544.14,USD,670,PAID,TRANSFER
2767.53,USD,2872,PAID,TRANSFER
2924.56,USD,4151,NEW,TRANSFER
563.14,PLN,4104,PAID,TRANSFER
3201.21,USD,2084,NEW,CARD
377.05,PLN,1843,FAILED,BLIK
2256.14,EUR,1315,FAILED,CARD
1958.77,PLN,2327,PAID,BLIK
940.96,PLN,348,NEW,TRANSFER
756.32,PLN,4662,NEW,TRANSFER
3350.2,EUR,475,PAID,BLIK
1004.12,USD,4752,NEW,TRANSFER
2824.28,PLN,2662,FAILED,BLIK
601.47,USD,1194,PAID,BLIK
3862.49,USD,2656,NEW,BLIK
107.34,USD,3560,PAID,BLIK
2334.52,EUR,534,FAILED,CARD
2647.85,PLN,2384,NEW,BLIK
4026.22,USD,2861,FAILED,BLIK
4240.81,EUR,3254,FAILED,TRANSFER
4071.64,PLN,4755,FAILED,CARD
2784.82,USD,1524,NEW,BLIK
1235.88,PLN,2972,NEW,CARD
1308.1,PLN,2704,PAID,BLIK
4055.27,PLN,4720,NEW,CARD
4831.44,PLN,3147,PAID,BLIK
4355.98,PLN,2796,FAILED,BLIK
3431.74,PLN,2371,NEW,BLIK
2239.5,PLN,469,PAID,TRANSFER
4826.31,USD,4428,PAID,BLIK
3932.22,USD,4426,FAILED,BLIK
93.8,USD,3650,NEW,TRANSFER
3949.86,USD,4094,NEW,BLIK
1059.68,EUR,1958,FAILED,CARD
4233.03,EUR,206,NEW,CARD
3549.61,PLN,1906,PAID,TRANSFER
1993.82,USD,4517,NEW,TRANSFER
4175.16,PLN,3902,PAID,CARD
3850.36,USD,14,PAID,TRANSFER
4774.2,EUR,3305,PAID,TRANSFER
4396.88,EUR,3321,NEW,TRANSFER
816.65,EUR,3500,NEW,CARD
1451.59,EUR,4040,FAILED,TRANSFER
4888.58,PLN,2369,FAILED,CARD
3568.96,USD,4879,FAILED,BLIK
1788.53,PLN,3292,FAILED,TRANSFER
2685.14,USD,2562,NEW,BLIK
254.13,EUR,1738,NEW,TRANSFER
1996.36,USD,829,FAILED,BLIK
2320.07,PLN,166,FAILED,BLIK
1730.38,USD,4453,PAID,BLIK
792.56,PLN,3476,PAID,BLIK
1796.89,USD,3902,PAID,CARD
2693.14,USD,2397,FAILED,BLIK
1656.55,USD,909,FAILED,TRANSFER
967.63,USD,1991,FAILED,TRANSFER
2021.47,PLN,2758,PAID,BLIK
1084.54,PLN,3388,FAILED,BLIK
3212.67,EUR,3510,NEW,BLIK
3539.48,PLN,1342,NEW,BLIK
2517.52,PLN,2196,PAID,TRANSFER
1123.89,EUR,3227,NEW,CARD
549.62,EUR,3911,PAID,CARD
3614.62,USD,1278,PAID,TRANSFER
1315.96,PLN,286,FAILED,TRANSFER
4094.03,PLN,96,PAID,CARD
3564.7,USD,525,FAILED,BLIK
3694.13,USD,2054,NEW,BLIK
4332.91,USD,1488,NEW,CARD
136.47,USD,951,FAILED,CARD
3564.13,USD,4184,FAILED,BLIK
4220.47,PLN,3431,PAID,BLIK
2715.34,PLN,1933,NEW,TRANSFER
2289.65,PLN,2332,PAID,TRANSFER
1441.95,EUR,3610,FAILED,CARD
4145.5,EUR,3922,NEW,TRANSFER
1324.25,EUR,4783,PAID,BLIK
773.98,USD,1235,FAILED,TRANSFER
2214.42,USD,2096,FAILED,TRANSFER
17.03,EUR,4024,NEW,TRANSFER
4231.32,USD,4405,NEW,BLIK
3724.56,EUR,1166,NEW,TRANSFER
4302.52,PLN,4750,FAILED,BLIK
2200.15,PLN,3455,PAID,CARD
2010.58,USD,2049,FAILED,TRANSFER
25.7,USD,3894,FAILED,BLIK
405.85,PLN,112,FAILED,BLIK
4095.38,USD,421,PAID,TRANSFER
515.06,PLN,3336,FAILED,CARD
1896.4,USD,1760,FAILED,CARD
4508.25,USD,4701,NEW,TRANSFER
4276.42,USD,3253,PAID,CARD
3719.61,PLN,140,PAID,TRANSFER
1247.33,USD,3762,PAID,TRANSFER
2630.23,EUR,4646,NEW,CARD
10.47,USD,3178,NEW,TRANSFER
370.01,USD,403,NEW,BLIK
3573.91,EUR,642,NEW,CARD
3766.48,EUR,1111,FAILED,CARD
1832.18,EUR,4663,NEW,CARD
1041.34,EUR,3027,NEW,BLIK
2866.53,EUR,1610,NEW,TRANSFER
4929.63,PLN,574,PAID,CARD
3303.94,EUR,2610,PAID,BLIK
2940.46,USD,2893,FAILED,TRANSFER
2458.08,PLN,3680,NEW,CARD
4580.85,USD,978,FAILED,TRANSFER
4137.05,PLN,1981,PAID,TRANSFER
273.01,PLN,3810,PAID,CARD
3710.79,USD,2992,PAID,TRANSFER
3279.57,USD,2713,NEW,CARD
2363.73,USD,1161,PAID,TRANSFER
4252.16,EUR,1649,FAILED,BLIK
4962.64,EUR,3374,FAILED,BLIK
2987.65,EUR,291,PAID,CARD
98.79,USD,1768,NEW,BLIK
2217.71,PLN,4807,NEW,CARD
3786.79,PLN,1305,NEW,BLIK
1971.77,PLN,543,NEW,CARD
3402.22,PLN,1099,PAID,BLIK
4050.08,PLN,3810,PAID,BLIK
3188.56,USD,1226,NEW,TRANSFER
3789.18,EUR,1887,FAILED,CARD
816.45,USD,5000,PAID,CARD
4673.22,PLN,3861,PAID,TRANSFER
3535.38,USD,356,FAILED,CARD
2800.59,USD,2642,NEW,TRANSFER
2504.62,USD,3867,PAID,TRANSFER
3931.5,PLN,546,FAILED,BLIK
3014.83,USD,1653,PAID,TRANSFER
2961.47,USD,3829,PAID,CARD
1703.19,USD,1369,PAID,BLIK
1072.61,USD,4794,NEW,TRANSFER
1045.42,USD,274,FAILED,TRANSFER
1360.22,PLN,2425,NEW,CARD
393.45,EUR,1601,NEW,CARD
165.72,USD,3988,PAID,CARD
2579.56,PLN,4073,PAID,BLIK
721.75,PLN,1096,PAID,BLIK
4760.91,EUR,4610,PAID,CARD
4865.77,USD,3573,FAILED,CARD
4005.09,EUR,590,PAID,CARD
4187.71,EUR,205,FAILED,TRANSFER
2212.64,EUR,2769,NEW,BLIK
1130.17,EUR,124,PAID,BLIK
419.16,USD,4122,FAILED,BLIK
3491.56,PLN,4641,FAILED,TRANSFER
4005.21,USD,4048,PAID,BLIK
1958.1,PLN,3213,FAILED,CARD
835.64,EUR,4507,PAID,TRANSFER
1684.53,PLN,2864,FAILED,TRANSFER
3958.77,PLN,3213,NEW,TRANSFER
1494.76,PLN,646,FAILED,BLIK
3702.52,PLN,4200,NEW,TRANSFER
4617.65,USD,2593,FAILED,BLIK
2905.62,PLN,769,FAILED,TRANSFER
2149.91,PLN,1186,FAILED,TRANSFER
4978.98,PLN,2014,FAILED,TRANSFER
3031.87,PLN,1979,NEW,CARD
438.54,USD,1992,NEW,TRANSFER
1331.3,USD,4946,FAILED,TRANSFER
187.56,PLN,2189,FAILED,TRANSFER
4357.06,EUR,1442,FAILED,BLIK
2767.61,USD,687,FAILED,BLIK
3119.72,PLN,3012,PAID,CARD
1976.92,USD,97,NEW,BLIK
3044.84,USD,4851,FAILED,BLIK
2924.03,PLN,368,FAILED,CARD
4573.26,USD,1868,FAILED,BLIK
3996.99,USD,323,FAILED,TRANSFER
3283.0,EUR,623,NEW,TRANSFER
2694.14,EUR,3393,PAID,BLIK
4051.27,EUR,3552,PAID,BLIK
2439.5,USD,2089,NEW,CARD
2393.37,PLN,3797,NEW,CARD
3024.99,EUR,4009,FAILED,TRANSFER
2502.08,PLN,2340,NEW,BLIK
540.32,PLN,3351,NEW,BLIK
4041.36,PLN,4089,NEW,BLIK
3789.5,USD,3341,FAILED,TRANSFER
1301.29,PLN,3316,FAILED,CARD
1975.28,USD,1433,PAID,TRANSFER
572.21,USD,3828,FAILED,CARD
2913.89,USD,3181,PAID,BLIK
603.51,USD,2323,NEW,BLIK
949.11,PLN,3787,PAID,BLIK
69.29,PLN,2544,FAILED,BLIK
3942.18,EUR,1327,NEW,CARD
2486.75,USD,1987,PAID,TRANSFER
3539.11,EUR,2035,PAID,CARD
4827.97,EUR,1992,NEW,CARD
4428.85,USD,4864,PAID,BLIK
101.24,PLN,2843,NEW,CARD
1532.28,EUR,138,PAID,BLIK
263.37,PLN,4764,FAILED,CARD
4292.43,USD,4830,NEW,BLIK
2421.71,USD,4232,FAILED,BLIK
1277.9,EUR,4475,PAID,TRANSFER
3466.73,EUR,413,NEW,BLIK
2747.96,PLN,2316,NEW,TRANSFER
276.78,USD,2604,PAID,TRANSFER
4415.72,EUR,1226,NEW,BLIK
759.28,EUR,2931,PAID,BLIK
4992.53,USD,1818,PAID,CARD
4266.49,USD,2303,PAID,CARD
1930.9,PLN,2838,FAILED,TRANSFER
311.51,PLN,1941,NEW,TRANSFER
1877.51,USD,1730,NEW,BLIK
3373.23,PLN,1668,FAILED,CARD
1970.96,PLN,1044,NEW,BLIK
3524.67,EUR,1841,FAILED,BLIK
2755.84,EUR,3773,PAID,BLIK
1653.94,USD,2963,NEW,CARD
3580.36,EUR,1035,PAID,BLIK
2312.16,PLN,4554,NEW,TRANSFER
708.02,USD,3466,PAID,CARD
155.32,PLN,287,PAID,TRANSFER
1816.75,PLN,2151,NEW,CARD
1410.32,USD,3181,PAID,TRANSFER
692.69,EUR,2285,NEW,BLIK
969.59,PLN,1695,FAILED,TRANSFER
3160.39,EUR,4291,NEW,CARD
1183.05,USD,2620,NEW,TRANSFER
4865.81,PLN,134,FAILED,BLIK
3433.59,EUR,2669,FAILED,TRANSFER
2360.74,EUR,2803,NEW,CARD
3119.17,PLN,3518,PAID,TRANSFER
2952.65,USD,2336,PAID,BLIK
4326.08,PLN,415,PAID,BLIK
4487.39,EUR,659,NEW,CARD
3201.5,PLN,3738,PAID,CARD
1616.8,EUR,867,NEW,BLIK
3027.42,EUR,2268,FAILED,TRANSFER
881.17,USD,1913,NEW,TRANSFER
4125.27,USD,243,NEW,CARD
1588.67,USD,797,PAID,BLIK
1602.15,USD,4342,NEW,TRANSFER
1741.24,EUR,3779,FAILED,BLIK
325.15,PLN,4567,NEW,TRANSFER
4872.77,EUR,28,PAID,TRANSFER
3388.85,USD,4643,NEW,CARD
1121.97,PLN,4427,FAILED,CARD
4328.74,USD,3574,NEW,BLIK
1478.97,PLN,2284,FAILED,CARD
1869.21,PLN,3955,FAILED,TRANSFER
3747.88,USD,3952,FAILED,TRANSFER
1930.15,PLN,1618,PAID,CARD
119.35,PLN,4821,NEW,TRANSFER
508.0,USD,193,FAILED,CARD
2545.69,USD,1806,NEW,TRANSFER
3067.4,PLN,2193,FAILED,CARD
3610.18,USD,439,PAID,BLIK
3864.12,PLN,742,PAID,TRANSFER
4097.26,EUR,50,FAILED,CARD
2429.34,PLN,3267,NEW,CARD
4790.59,EUR,868,FAILED,BLIK
1397.3,EUR,4341,FAILED,TRANSFER
1479.34,PLN,2541,NEW,CARD
1351.04,USD,3339,PAID,CARD
2163.54,EUR,1535,NEW,CARD
1915.32,PLN,2703,FAILED,TRANSFER
3834.87,PLN,2964,NEW,TRANSFER
1139.2,PLN,3065,NEW,BLIK
3681.34,PLN,3173,PAID,CARD
1451.67,PLN,863,FAILED,CARD
2419.11,PLN,1411,NEW,CARD
565.95,USD,1389,NEW,BLIK
3125.95,PLN,2797,NEW,BLIK
1767.69,PLN,75,PAID,BLIK
3747.94,PLN,3799,PAID,BLIK
934.87,PLN,3046,PAID,TRANSFER
1987.12,USD,392,NEW,TRANSFER
1631.13,EUR,3092,PAID,CARD
2383.28,PLN,2003,FAILED,CARD
4513.72,USD,1381,NEW,BLIK
2671.83,PLN,4207,PAID,CARD
2435.83,PLN,4514,FAILED,BLIK
545.47,EUR,3860,NEW,CARD
3380.76,PLN,135,NEW,CARD
2958.82,PLN,1986,NEW,CARD
3767.89,EUR,1388,PAID,TRANSFER
1756.01,USD,2830,NEW,BLIK
4819.46,EUR,2382,PAID,BLIK
3595.24,EUR,2514,PAID,CARD
371.07,USD,2032,NEW,BLIK
746.56,PLN,2042,PAID,CARD
393.2,PLN,2238,PAID,BLIK
291.45,PLN,3451,PAID,CARD
1470.46,EUR,4938,FAILED,CARD
2221.9,USD,1655,FAILED,BLIK
1714.95,PLN,4175,NEW,BLIK
4291.94,USD,3472,NEW,CARD
442.79,USD,940,PAID,CARD
2648.1,EUR,2216,PAID,BLIK
2155.66,USD,3861,NEW,BLIK
1186.8,EUR,3553,PAID,TRANSFER
2426.1,PLN,4246,NEW,BLIK
4984.92,USD,1250,PAID,TRANSFER
2248.88,EUR,3884,NEW,BLIK
3467.96,PLN,1841,PAID,BLIK
1098.08,EUR,496,FAILED,TRANSFER
3584.91,USD,3695,FAILED,BLIK
1059.05,EUR,4771,PAID,CARD
196.34,EUR,3726,PAID,BLIK
3870.92,PLN,3281,PAID,BLIK
2173.04,EUR,4597,FAILED,CARD
1983.48,EUR,4646,NEW,CARD
2603.93,EUR,2639,NEW,BLIK
3830.01,EUR,813,FAILED,BLIK
2519.42,PLN,1129,PAID,CARD
1940.23,USD,4730,FAILED,TRANSFER
2807.66,USD,3106,FAILED,CARD
1955.35,USD,290,PAID,CARD
2023.23,USD,836,PAID,TRANSFER
1296.13,USD,4101,NEW,TRANSFER
3682.16,EUR,3371,NEW,TRANSFER
3083.09,EUR,1115,NEW,CARD
1158.71,EUR,4148,FAILED,BLIK
2249.53,USD,2942,FAILED,BLIK
2631.42,EUR,2971,PAID,BLIK
3137.52,PLN,4619,NEW,BLIK
133.01,EUR,137,NEW,TRANSFER
4868.63,PLN,3328,FAILED,TRANSFER
430.72,USD,3416,FAILED,BLIK
447.4,EUR,283,FAILED,BLIK
3620.58,USD,2869,PAID,CARD
3005.09,USD,1061,PAID,CARD
1505.84,USD,1243,NEW,BLIK
2033.78,USD,3651,PAID,CARD
3984.92,USD,4802,FAILED,BLIK
2171.84,EUR,499,PAID,BLIK
4647.65,EUR,2443,PAID,CARD
4202.74,PLN,577,NEW,BLIK
1401.37,PLN,3411,FAILED,BLIK
4375.53,EUR,2263,NEW,BLIK
4800.01,USD,2451,FAILED,BLIK
4323.7,EUR,488,NEW,CARD
274.37,PLN,4616,FAILED,BLIK
1812.66,PLN,2579,FAILED,TRANSFER
2657.45,PLN,4102,NEW,TRANSFER
4153.93,USD,70,NEW,TRANSFER
3041.8,PLN,2553,NEW,CARD
1912.81,EUR,3762,NEW,BLIK
3385.29,USD,961,FAILED,BLIK
1856.25,PLN,4362,NEW,CARD
4127.09,EUR,4443,NEW,BLIK
1691.27,EUR,583,FAILED,CARD
4916.54,EUR,4093,FAILED,CARD
4636.59,PLN,2176,PAID,CARD
3157.16,USD,4490,PAID,BLIK
852.69,EUR,2295,PAID,TRANSFER
2035.61,USD,2085,NEW,CARD
231.93,PLN,1807,PAID,BLIK
2654.52,USD,3,FAILED,TRANSFER
373.79,USD,4713,NEW,TRANSFER
3158.47,PLN,2383,FAILED,CARD
4288.56,EUR,3047,FAILED,BLIK
1779.87,USD,513,NEW,TRANSFER
1795.18,PLN,2973,NEW,CARD
763.68,USD,3541,FAILED,TRANSFER
3117.06,PLN,374,NEW,TRANSFER
1360.03,PLN,1403,PAID,TRANSFER
2154.65,PLN,2104,PAID,TRANSFER
3199.11,USD,2197,FAILED,TRANSFER
3688.12,EUR,672,FAILED,CARD
550.08,PLN,485,NEW,BLIK
2858.6,PLN,3286,NEW,CARD
3378.22,PLN,4250,PAID,CARD
3118.32,EUR,4108,FAILED,TRANSFER
670.47,EUR,4339,NEW,CARD
1597.69,EUR,4725,PAID,TRANSFER
4492.23,USD,4961,NEW,TRANSFER
760.53,EUR,1593,NEW,CARD
1505.63,USD,1101,FAILED,TRANSFER
2597.92,USD,122,PAID,BLIK
4821.8,USD,1305,FAILED,CARD
249.81,USD,2421,PAID,TRANSFER
1068.9,PLN,3678,PAID,TRANSFER
2299.44,PLN,1522,PAID,BLIK
1216.77,PLN,1717,PAID,TRANSFER
2004.31,EUR,2648,NEW,BLIK
4557.8,EUR,583,NEW,BLIK
1014.54,PLN,2893,PAID,CARD
568.28,EUR,546,FAILED,BLIK
316.35,USD,1353,FAILED,TRANSFER
570.64,EUR,572,NEW,CARD
3930.23,EUR,187,FAILED,TRANSFER
4945.04,PLN,43,FAILED,TRANSFER
1236.62,PLN,1567,PAID,TRANSFER
205.56,PLN,4735,NEW,CARD
1406.67,EUR,4492,PAID,BLIK
1950.97,PLN,4808,FAILED,CARD
300.2,USD,2829,FAILED,TRANSFER
3279.43,USD,1728,NEW,BLIK
4333.85,USD,4847,PAID,TRANSFER
918.82,USD,4311,FAILED,CARD
2904.32,EUR,1838,NEW,CARD
4112.59,EUR,4864,FAILED,CARD
743.33,PLN,1186,FAILED,TRANSFER
721.22,PLN,3756,PAID,BLIK
2768.1,USD,3229,NEW,CARD
4649.54,EUR,1140,NEW,TRANSFER
534.68,USD,3457,FAILED,CARD
947.52,EUR,2347,PAID,BLIK
875.6,PLN,1497,FAILED,BLIK
1435.57,USD,2413,PAID,TRANSFER
3428.54,PLN,4863,PAID,TRANSFER
3999.48,USD,3899,FAILED,CARD
4545.12,EUR,4465,PAID,CARD
3545.84,USD,1907,FAILED,BLIK
3465.01,USD,1240,PAID,BLIK
1226.18,USD,1677,PAID,CARD
3421.8,PLN,1186,PAID,TRANSFER
2105.03,PLN,4943,PAID,TRANSFER
667.61,PLN,2431,PAID,CARD
1543.07,USD,2076,NEW,BLIK
1491.35,PLN,948,FAILED,TRANSFER
1678.2,EUR,274,PAID,TRANSFER
108.53,PLN,1094,PAID,CARD
3153.07,PLN,355,PAID,TRANSFER
354.44,EUR,2922,PAID,CARD
4455.3,EUR,3036,FAILED,TRANSFER
1196.22,USD,2046,FAILED,TRANSFER
1145.31,EUR,185,FAILED,CARD
2867.05,PLN,4332,FAILED,CARD
4271.53,PLN,1662,NEW,BLIK
4073.36,USD,83,FAILED,TRANSFER
4834.74,USD,349,FAILED,BLIK
709.75,USD,4541,NEW,BLIK
4115.96,EUR,1246,FAILED,TRANSFER
4999.25,PLN,3229,PAID,CARD
325.38,EUR,1405,PAID,BLIK
4193.23,USD,3900,FAILED,BLIK
883.93,PLN,1550,NEW,BLIK
4352.92,PLN,3769,PAID,BLIK
167.14,EUR,396,NEW,BLIK
3010.94,EUR,3449,PAID,BLIK
3994.45,PLN,3093,FAILED,TRANSFER
4090.5,USD,1660,NEW,TRANSFER
4123.2,EUR,3255,NEW,TRANSFER
3868.05,USD,3974,FAILED,CARD
1046.43,EUR,4486,NEW,TRANSFER
2696.71,PLN,3893,NEW,BLIK
515.67,PLN,2354,NEW,CARD
2461.06,EUR,2858,FAILED,BLIK
1300.04,USD,4618,PAID,TRANSFER
2210.78,EUR,2480,NEW,CARD
514.35,PLN,2006,FAILED,BLIK
3216.3,USD,1919,FAILED,BLIK
115.85,PLN,2272,NEW,BLIK
1425.45,PLN,3643,FAILED,TRANSFER
704.64,EUR,2704,NEW,TRANSFER
4981.02,EUR,3766,NEW,CARD
3226.72,EUR,3065,PAID,CARD
3764.56,PLN,4960,PAID,TRANSFER
3190.88,PLN,980,NEW,BLIK
3228.09,PLN,184,FAILED,BLIK
1975.35,PLN,1353,NEW,BLIK
4715.31,PLN,4961,PAID,TRANSFER
179.78,PLN,35,FAILED,BLIK
4701.58,PLN,2312,FAILED,TRANSFER
2283.01,PLN,1654,NEW,TRANSFER
1160.04,EUR,1563,PAID,BLIK
154.34,EUR,2803,NEW,CARD
549.37,USD,4274,NEW,TRANSFER
927.77,PLN,4849,NEW,CARD
4419.51,EUR,3628,NEW,CARD
2772.93,PLN,2562,PAID,TRANSFER
141.11,PLN,1563,NEW,BLIK
1539.02,USD,2053,FAILED,BLIK
397.41,EUR,2993,NEW,BLIK
2918.49,USD,4032,FAILED,CARD
3603.85,EUR,2813,NEW,TRANSFER
3497.76,USD,3502,FAILED,BLIK
3524.06,PLN,4403,FAILED,CARD
4591.69,EUR,4820,PAID,BLIK
3961.62,PLN,2721,NEW,TRANSFER
1900.9,PLN,2145,PAID,CARD
2380.92,EUR,440,FAILED,BLIK
1825.54,USD,1259,NEW,TRANSFER
1726.67,EUR,306,NEW,TRANSFER
3688.65,EUR,4974,NEW,CARD
865.56,EUR,107,PAID,TRANSFER
2541.94,EUR,1121,NEW,BLIK
4359.83,PLN,4777,PAID,BLIK
1145.36,PLN,677,PAID,BLIK
652.09,EUR,4147,NEW,TRANSFER
2386.47,EUR,1040,FAILED,TRANSFER
1078.94,EUR,3638,NEW,CARD
2452.54,EUR,2260,FAILED,BLIK
2865.61,USD,3426,PAID,TRANSFER
1694.05,EUR,4249,PAID,TRANSFER
1124.85,PLN,4401,FAILED,BLIK
4460.75,USD,4968,PAID,TRANSFER
1812.12,EUR,1983,FAILED,TRANSFER
4401.43,PLN,2447,FAILED,BLIK
3618.29,EUR,4108,FAILED,TRANSFER
3425.9,PLN,3317,PAID,BLIK
3095.51,PLN,4018,FAILED,CARD
3210.53,USD,1465,FAILED,TRANSFER
4602.44,USD,3025,FAILED,BLIK
3971.17,USD,2875,FAILED,CARD
1864.09,EUR,3549,FAILED,BLIK
1859.01,EUR,2228,FAILED,CARD
1243.38,USD,2464,FAILED,TRANSFER
768.59,PLN,4634,NEW,BLIK
2166.31,EUR,4938,PAID,BLIK
1777.03,PLN,128,FAILED,CARD
2750.74,PLN,1311,NEW,TRANSFER
1375.06,PLN,4978,PAID,BLIK
695.39,EUR,4262,PAID,BLIK
2045.01,PLN,1131,PAID,CARD
2545.22,EUR,4036,NEW,BLIK
123.38,USD,4982,FAILED,CARD
2165.87,USD,3682,FAILED,BLIK
4111.81,EUR,1076,NEW,TRANSFER
3840.69,EUR,3671,FAILED,BLIK
2056.88,EUR,2725,NEW,TRANSFER
2189.23,USD,2522,NEW,TRANSFER
744.87,PLN,4093,PAID,CARD
4399.9,USD,2295,PAID,TRANSFER
4408.79,EUR,2235,NEW,CARD
872.69,USD,3321,NEW,BLIK
3969.88,USD,474,FAILED,BLIK
317.62,PLN,4253,FAILED,TRANSFER
3315.6,EUR,3813,NEW,BLIK
4819.43,PLN,3032,NEW,CARD
444.63,USD,3894,NEW,BLIK
4354.3,USD,816,NEW,CARD
4397.71,USD,3650,NEW,BLIK
441.46,USD,2530,PAID,TRANSFER
783.95,USD,287,PAID,BLIK
3409.47,PLN,3284,PAID,CARD
1988.64,USD,4722,PAID,CARD
1359.88,USD,2380,PAID,TRANSFER
3844.18,EUR,3902,NEW,BLIK
1541.61,USD,2009,FAILED,TRANSFER
3299.24,USD,4026,NEW,TRANSFER
1777.36,EUR,684,FAILED,TRANSFER
1334.86,USD,848,PAID,BLIK
4606.25,USD,176,PAID,TRANSFER
225.37,USD,4560,FAILED,BLIK
1873.76,USD,1300,NEW,BLIK
3935.26,EUR,3606,NEW,CARD
2519.08,USD,1833,NEW,BLIK
4531.0,USD,2363,PAID,TRANSFER
4051.29,EUR,4132,NEW,CARD
157.65,PLN,2223,FAILED,BLIK
4078.01,EUR,1204,NEW,CARD
4153.91,USD,4608,NEW,CARD
3863.71,EUR,1195,FAILED,TRANSFER
2828.71,EUR,2942,FAILED,TRANSFER
1181.91,EUR,558,PAID,CARD
1077.91,PLN,3762,NEW,BLIK
2949.9,EUR,2117,FAILED,TRANSFER
1269.76,USD,2600,NEW,CARD
2359.13,PLN,1098,PAID,BLIK
1815.16,USD,1503,PAID,CARD
2385.17,USD,4950,PAID,TRANSFER
2524.89,USD,1885,PAID,BLIK
33.22,PLN,2885,PAID,BLIK
3187.88,USD,4465,NEW,BLIK
3127.43,USD,4625,PAID,CARD
4754.78,PLN,2181,PAID,CARD
2856.95,EUR,3319,FAILED,CARD
739.68,PLN,3519,PAID,CARD
1304.96,EUR,4824,FAILED,TRANSFER
4476.74,PLN,1554,PAID,TRANSFER
4084.22,PLN,2963,PAID,TRANSFER
38.25,PLN,67,PAID,TRANSFER
3483.85,PLN,3475,FAILED,TRANSFER
2577.43,USD,2504,NEW,BLIK
4566.49,USD,1559,PAID,TRANSFER
2293.94,PLN,1610,NEW,BLIK
2553.23,EUR,1020,PAID,CARD
173.25,PLN,1630,NEW,CARD
1861.84,USD,129,NEW,CARD
3078.29,EUR,1056,FAILED,TRANSFER
586.78,USD,2555,PAID,TRANSFER
2692.38,USD,745,PAID,CARD
3806.06,PLN,3599,PAID,TRANSFER
1641.66,USD,1833,FAILED,CARD
3322.35,USD,3049,NEW,TRANSFER
4178.3,PLN,4947,PAID,TRANSFER
4602.72,EUR,4306,NEW,BLIK
1551.83,PLN,1557,NEW,CARD
2076.18,USD,3723,FAILED,CARD
731.6,USD,2013,FAILED,CARD
1785.95,USD,254,FAILED,TRANSFER
4481.32,USD,489,PAID,CARD
2880.59,EUR,3537,NEW,BLIK
3448.76,PLN,4004,FAILED,CARD
4220.82,EUR,3610,NEW,CARD
4033.85,PLN,4052,PAID,BLIK
4458.68,USD,3729,FAILED,CARD
4564.87,PLN,484,NEW,CARD
3376.87,PLN,2946,NEW,TRANSFER
48.88,PLN,2743,NEW,BLIK
4125.55,PLN,4384,NEW,CARD
3745.62,PLN,2791,FAILED,TRANSFER
4354.2,EUR,555,NEW,TRANSFER
2366.91,EUR,326,FAILED,CARD
3412.41,EUR,110,FAILED,BLIK
2081.23,EUR,1591,FAILED,CARD
2445.88,PLN,1183,FAILED,CARD
2537.75,USD,4068,NEW,TRANSFER
1416.53,PLN,2320,NEW,CARD
4939.42,EUR,377,FAILED,BLIK
3547.58,USD,461,NEW,BLIK
322.34,PLN,3645,FAILED,CARD
3049.25,PLN,267,NEW,BLIK
4718.11,PLN,1364,NEW,TRANSFER
4782.81,PLN,900,NEW,BLIK
3170.05,USD,2869,NEW,TRANSFER
911.2,EUR,274,PAID,TRANSFER
1679.9,EUR,1862,FAILED,TRANSFER
571.62,USD,4038,PAID,BLIK
1691.23,PLN,960,PAID,BLIK
650.13,EUR,3671,NEW,TRANSFER
3095.67,USD,4040,FAILED,BLIK
1811.39,PLN,1892,NEW,BLIK
3863.63,PLN,4029,PAID,CARD
27.04,USD,1981,PAID,CARD
4954.5,PLN,1368,FAILED,CARD
4823.46,EUR,3994,PAID,TRANSFER
3893.08,EUR,300,NEW,CARD
479.87,EUR,1773,PAID,CARD
3403.32,EUR,2345,FAILED,BLIK
2185.18,PLN,513,NEW,TRANSFER
2620.61,PLN,1617,PAID,TRANSFER
1879.63,USD,2349,PAID,CARD
4617.77,EUR,3112,PAID,TRANSFER
171.33,EUR,1551,NEW,BLIK
1356.21,USD,683,NEW,CARD
2744.81,PLN,1731,FAILED,CARD
3337.13,EUR,1851,NEW,BLIK
4558.1,USD,4593,PAID,TRANSFER
2554.4,PLN,2106,NEW,TRANSFER
3072.9,PLN,209,FAILED,CARD
4772.09,USD,925,PAID,TRANSFER
339.55,PLN,659,FAILED,TRANSFER
4045.44,EUR,2618,FAILED,BLIK
252.23,EUR,3932,NEW,TRANSFER
3709.12,USD,130,FAILED,TRANSFER
851.93,EUR,1029,NEW,BLIK
1138.68,PLN,2259,NEW,TRANSFER
3250.64,PLN,1375,NEW,CARD
4409.21,PLN,396,NEW,TRANSFER
3341.81,USD,329,NEW,CARD
4620.18,EUR,4305,NEW,TRANSFER
3719.95,USD,2025,PAID,BLIK
3607.52,EUR,135,NEW,CARD
3919.87,USD,1368,PAID,TRANSFER
3763.92,USD,1729,NEW,TRANSFER
4018.78,USD,1114,FAILED,TRANSFER
2867.17,EUR,4962,NEW,TRANSFER
3343.76,USD,1581,NEW,BLIK
4938.09,EUR,4744,FAILED,BLIK
3946.2,EUR,877,PAID,BLIK
3767.36,USD,3974,NEW,TRANSFER
582.02,EUR,2137,FAILED,TRANSFER
977.08,EUR,3416,PAID,BLIK
4675.9,USD,3312,PAID,TRANSFER
2379.7,PLN,4856,NEW,TRANSFER
1628.79,USD,465,PAID,BLIK
3817.37,USD,4118,NEW,BLIK
830.62,EUR,364,FAILED,TRANSFER
625.14,USD,3107,PAID,CARD
2206.73,USD,3132,PAID,CARD
108.3,USD,3763,FAILED,BLIK
114.21,EUR,724,NEW,TRANSFER
1233.57,USD,58,PAID,CARD
2167.99,PLN,2867,FAILED,CARD
1046.08,EUR,575,PAID,BLIK
2355.54,USD,1725,FAILED,CARD
4659.4,USD,3778,PAID,BLIK
4416.36,USD,1248,NEW,CARD
2112.93,PLN,2501,NEW,CARD
1829.61,USD,3301,FAILED,BLIK
3911.96,EUR,1064,PAID,BLIK
2271.21,PLN,1844,NEW,CARD
2766.93,EUR,1605,FAILED,CARD
4875.75,PLN,164,NEW,BLIK
4342.22,PLN,103,NEW,TRANSFER
1972.61,EUR,3597,FAILED,TRANSFER
514.62,USD,1786,PAID,CARD
1092.16,USD,592,FAILED,TRANSFER
3571.77,USD,175,PAID,TRANSFER
2007.18,USD,1268,FAILED,CARD
2385.2,EUR,2775,PAID,TRANSFER
3271.43,EUR,2773,NEW,BLIK
693.11,USD,4145,NEW,TRANSFER
2534.28,EUR,1609,NEW,TRANSFER
403.64,PLN,1238,NEW,CARD
4524.03,PLN,654,NEW,CARD
1727.45,PLN,191,NEW,TRANSFER
4471.0,USD,4012,NEW,TRANSFER
1537.85,PLN,4555,FAILED,BLIK
3968.93,USD,3507,PAID,BLIK
3619.08,PLN,3270,FAILED,CARD
2112.33,PLN,1937,PAID,BLIK
3536.0,PLN,3998,FAILED,BLIK
754.3,EUR,2125,FAILED,BLIK
4821.78,PLN,3619,PAID,TRANSFER
1454.85,USD,2281,PAID,BLIK
3052.94,USD,3987,NEW,CARD
2988.39,EUR,3789,FAILED,CARD
3451.77,PLN,2502,NEW,TRANSFER
986.9,USD,1217,PAID,CARD
1372.77,USD,4879,PAID,CARD
4328.46,PLN,4398,NEW,TRANSFER
4572.24,PLN,2411,PAID,CARD
4869.07,PLN,890,NEW,TRANSFER
3172.23,USD,1969,NEW,BLIK
1174.73,EUR,2616,PAID,BLIK
2400.4,EUR,796,FAILED,TRANSFER
4020.72,USD,4000,FAILED,CARD
1527.97,USD,4743,FAILED,CARD
1854.63,USD,172,NEW,TRANSFER
589.07,USD,1512,PAID,TRANSFER
2230.92,USD,2300,PAID,CARD
2218.03,PLN,32,NEW,TRANSFER
4511.29,EUR,2850,NEW,CARD
433.02,USD,184,FAILED,BLIK
4034.32,USD,1229,PAID,BLIK
3651.85,EUR,1772,FAILED,CARD
531.47,PLN,4160,PAID,CARD
2203.36,USD,190,PAID,BLIK
2185.78,EUR,4847,PAID,BLIK
2237.96,EUR,1547,NEW,TRANSFER
3218.56,EUR,2267,PAID,TRANSFER
1664.55,PLN,1118,NEW,BLIK
441.73,EUR,893,FAILED,BLIK
4744.37,USD,1872,FAILED,BLIK
829.5,PLN,2716,NEW,TRANSFER
2213.74,EUR,4108,NEW,TRANSFER
3744.29,USD,2108,FAILED,CARD
993.15,PLN,382,FAILED,CARD
847.31,USD,773,FAILED,CARD
3119.52,EUR,2510,FAILED,BLIK
358.47,EUR,3996,PAID,TRANSFER
1201.42,EUR,1103,FAILED,TRANSFER
4418.68,USD,12,PAID,CARD
3668.27,PLN,1953,FAILED,TRANSFER
3106.57,USD,4246,NEW,CARD
4164.95,EUR,335,NEW,BLIK
4291.92,EUR,203,NEW,BLIK
4484.53,USD,4679,NEW,BLIK
3526.77,USD,4060,FAILED,BLIK
1415.54,EUR,2082,FAILED,TRANSFER
147.6,EUR,3586,PAID,TRANSFER
1893.43,USD,2816,NEW,BLIK
2362.48,PLN,1378,NEW,CARD
1927.68,USD,3496,FAILED,BLIK
2265.02,USD,2961,NEW,BLIK
1427.16,USD,627,FAILED,CARD
2465.16,USD,2233,NEW,CARD
1037.31,PLN,3767,PAID,BLIK
731.34,EUR,550,NEW,BLIK
1562.73,PLN,372,NEW,TRANSFER
4172.55,PLN,740,NEW,TRANSFER
4845.3,PLN,722,FAILED,CARD
2328.63,USD,4165,NEW,CARD
2928.25,PLN,3451,FAILED,TRANSFER
3856.8,PLN,2263,FAILED,TRANSFER
4431.24,PLN,4488,PAID,TRANSFER
1000.92,EUR,2183,NEW,CARD
970.04,USD,3038,PAID,CARD
4721.96,EUR,2714,NEW,CARD
2804.13,EUR,3006,PAID,TRANSFER
1969.66,USD,4729,PAID,CARD
4795.24,EUR,3866,PAID,CARD
2900.51,USD,4001,FAILED,CARD
2651.47,EUR,4017,FAILED,TRANSFER
216.97,EUR,1449,FAILED,TRANSFER
1159.7,EUR,1784,PAID,BLIK
4959.77,EUR,2146,NEW,TRANSFER
3576.17,PLN,2777,NEW,TRANSFER
2279.51,EUR,3661,FAILED,BLIK
1675.1,USD,1502,NEW,CARD
1140.97,EUR,4671,FAILED,BLIK
3136.81,USD,902,NEW,TRANSFER
2525.08,USD,3862,PAID,TRANSFER
3998.67,PLN,2249,FAILED,BLIK
2741.26,EUR,3804,PAID,TRANSFER
3579.7,USD,763,FAILED,CARD
2816.26,EUR,1429,FAILED,BLIK
2510.25,USD,3007,NEW,CARD
2959.26,USD,1129,NEW,TRANSFER
2740.88,USD,1905,NEW,CARD
1717.82,PLN,2277,FAILED,TRANSFER
341.49,PLN,1069,NEW,CARD
4469.35,EUR,4355,PAID,TRANSFER
4905.31,EUR,4691,NEW,BLIK
4433.25,USD,3165,FAILED,TRANSFER
