2026-05-16T21:18:25.709+02:00  INFO 4840 --- [payment-service] [main] [                                                 ] com.phyriak.PaymentServiceApplication    : Starting PaymentServiceApplication using Java 21.0.7 with PID 4840 (C:\Users\piotr\Workspace\payment-service\target\classes started by piotr in C:\Users\piotr\Workspace\payment-service)
2026-05-16T21:18:25.714+02:00  INFO 4840 --- [payment-service] [main] [                                                 ] com.phyriak.PaymentServiceApplication    : No active profile set, falling back to 1 default profile: "default"
2026-05-16T21:18:27.775+02:00  INFO 4840 --- [payment-service] [main] [                                                 ] .s.d.r.c.RepositoryConfigurationDelegate : Bootstrapping Spring Data JPA repositories in DEFAULT mode.
2026-05-16T21:18:27.887+02:00  INFO 4840 --- [payment-service] [main] [                                                 ] .s.d.r.c.RepositoryConfigurationDelegate : Finished Spring Data repository scanning in 96 ms. Found 1 JPA repository interface.
2026-05-16T21:18:28.833+02:00  INFO 4840 --- [payment-service] [main] [                                                 ] o.s.b.w.embedded.tomcat.TomcatWebServer  : Tomcat initialized with port 8080 (http)
2026-05-16T21:18:28.879+02:00  INFO 4840 --- [payment-service] [main] [                                                 ] o.apache.catalina.core.StandardService   : Starting service [Tomcat]
2026-05-16T21:18:28.880+02:00  INFO 4840 --- [payment-service] [main] [                                                 ] o.apache.catalina.core.StandardEngine    : Starting Servlet engine: [Apache Tomcat/10.1.50]
2026-05-16T21:18:29.085+02:00  INFO 4840 --- [payment-service] [main] [                                                 ] o.a.c.c.C.[Tomcat].[localhost].[/]       : Initializing Spring embedded WebApplicationContext
2026-05-16T21:18:29.086+02:00  INFO 4840 --- [payment-service] [main] [                                                 ] w.s.c.ServletWebServerApplicationContext : Root WebApplicationContext: initialization completed in 3302 ms
2026-05-16T21:18:30.351+02:00  INFO 4840 --- [payment-service] [main] [                                                 ] com.zaxxer.hikari.HikariDataSource       : HikariPool-1 - Starting...
2026-05-16T21:18:30.734+02:00  INFO 4840 --- [payment-service] [main] [                                                 ] com.zaxxer.hikari.pool.HikariPool        : HikariPool-1 - Added connection conn0: url=jdbc:h2:mem:mydb user=SA
2026-05-16T21:18:30.738+02:00  INFO 4840 --- [payment-service] [main] [                                                 ] com.zaxxer.hikari.HikariDataSource       : HikariPool-1 - Start completed.
2026-05-16T21:18:31.037+02:00  INFO 4840 --- [payment-service] [main] [                                                 ] o.hibernate.jpa.internal.util.LogHelper  : HHH000204: Processing PersistenceUnitInfo [name: default]
2026-05-16T21:18:31.196+02:00  INFO 4840 --- [payment-service] [main] [                                                 ] org.hibernate.Version                    : HHH000412: Hibernate ORM core version 6.6.41.Final
2026-05-16T21:18:31.257+02:00  INFO 4840 --- [payment-service] [main] [                                                 ] o.h.c.internal.RegionFactoryInitiator    : HHH000026: Second-level cache disabled
2026-05-16T21:18:31.694+02:00  INFO 4840 --- [payment-service] [main] [                                                 ] o.s.o.j.p.SpringPersistenceUnitInfo      : No LoadTimeWeaver setup: ignoring JPA class transformer
2026-05-16T21:18:31.794+02:00  WARN 4840 --- [payment-service] [main] [                                                 ] org.hibernate.orm.deprecation            : HHH90000025: H2Dialect does not need to be specified explicitly using 'hibernate.dialect' (remove the property setting and it will be selected by default)
2026-05-16T21:18:31.814+02:00  INFO 4840 --- [payment-service] [main] [                                                 ] org.hibernate.orm.connections.pooling    : HHH10001005: Database info:
	Database JDBC URL [Connecting through datasource 'HikariDataSource (HikariPool-1)']
	Database driver: undefined/unknown
	Database version: 2.2.224
	Autocommit mode: undefined/unknown
	Isolation level: undefined/unknown
	Minimum pool size: undefined/unknown
	Maximum pool size: undefined/unknown
2026-05-16T21:18:32.872+02:00  INFO 4840 --- [payment-service] [main] [                                                 ] o.h.e.t.j.p.i.JtaPlatformInitiator       : HHH000489: No JTA platform available (set 'hibernate.transaction.jta.platform' to enable JTA platform integration)
2026-05-16T21:18:32.910+02:00  INFO 4840 --- [payment-service] [main] [                                                 ] j.LocalContainerEntityManagerFactoryBean : Initialized JPA EntityManagerFactory for persistence unit 'default'
2026-05-16T21:18:33.732+02:00  INFO 4840 --- [payment-service] [main] [                                                 ] i.StatisticalLoggingSessionEventListener : Session Metrics {
    0 nanoseconds spent acquiring 0 JDBC connections;
    0 nanoseconds spent releasing 0 JDBC connections;
    0 nanoseconds spent preparing 0 JDBC statements;
    0 nanoseconds spent executing 0 JDBC statements;
    0 nanoseconds spent executing 0 JDBC batches;
    0 nanoseconds spent performing 0 L2C puts;
    0 nanoseconds spent performing 0 L2C hits;
    0 nanoseconds spent performing 0 L2C misses;
    0 nanoseconds spent executing 0 flushes (flushing a total of 0 entities and 0 collections);
    0 nanoseconds spent executing 0 pre-partial-flushes;
    0 nanoseconds spent executing 0 partial-flushes (flushing a total of 0 entities and 0 collections)
}
2026-05-16T21:18:33.753+02:00  INFO 4840 --- [payment-service] [main] [                                                 ] o.s.d.j.r.query.QueryEnhancerFactory     : Hibernate is in classpath; If applicable, HQL parser will be used.
2026-05-16T21:18:34.317+02:00  INFO 4840 --- [payment-service] [main] [                                                 ] i.StatisticalLoggingSessionEventListener : Session Metrics {
    0 nanoseconds spent acquiring 0 JDBC connections;
    0 nanoseconds spent releasing 0 JDBC connections;
    0 nanoseconds spent preparing 0 JDBC statements;
    0 nanoseconds spent executing 0 JDBC statements;
    0 nanoseconds spent executing 0 JDBC batches;
    0 nanoseconds spent performing 0 L2C puts;
    0 nanoseconds spent performing 0 L2C hits;
    0 nanoseconds spent performing 0 L2C misses;
    0 nanoseconds spent executing 0 flushes (flushing a total of 0 entities and 0 collections);
    0 nanoseconds spent executing 0 pre-partial-flushes;
    0 nanoseconds spent executing 0 partial-flushes (flushing a total of 0 entities and 0 collections)
}
2026-05-16T21:18:34.514+02:00  WARN 4840 --- [payment-service] [main] [                                                 ] JpaBaseConfiguration$JpaWebConfiguration : spring.jpa.open-in-view is enabled by default. Therefore, database queries may be performed during view rendering. Explicitly configure spring.jpa.open-in-view to disable this warning
2026-05-16T21:18:35.177+02:00  INFO 4840 --- [payment-service] [main] [                                                 ] o.s.b.a.h2.H2ConsoleAutoConfiguration    : H2 console available at '/h2-console'. Database available at 'jdbc:h2:mem:mydb'
2026-05-16T21:18:35.205+02:00  INFO 4840 --- [payment-service] [main] [                                                 ] o.s.b.a.e.web.EndpointLinksResolver      : Exposing 3 endpoints beneath base path '/actuator'
2026-05-16T21:18:35.330+02:00  INFO 4840 --- [payment-service] [main] [                                                 ] o.s.b.w.embedded.tomcat.TomcatWebServer  : Tomcat started on port 8080 (http) with context path '/'
2026-05-16T21:18:35.357+02:00  INFO 4840 --- [payment-service] [main] [                                                 ] com.phyriak.PaymentServiceApplication    : Started PaymentServiceApplication in 10.373 seconds (process running for 10.873)
2026-05-16T21:19:05.394+02:00  INFO 4840 --- [payment-service] [http-nio-8080-exec-1] [                                                 ] o.a.c.c.C.[Tomcat].[localhost].[/]       : Initializing Spring DispatcherServlet 'dispatcherServlet'
2026-05-16T21:19:05.394+02:00  INFO 4840 --- [payment-service] [http-nio-8080-exec-1] [                                                 ] o.s.web.servlet.DispatcherServlet        : Initializing Servlet 'dispatcherServlet'
2026-05-16T21:19:05.397+02:00  INFO 4840 --- [payment-service] [http-nio-8080-exec-1] [                                                 ] o.s.web.servlet.DispatcherServlet        : Completed initialization in 2 ms
2026-05-16T21:22:56.873+02:00  INFO 4840 --- [payment-service] [http-nio-8080-exec-9] [da57eac7874289d08aa0bb66847cd068-209f8d74e211ce85] o.s.b.c.l.s.TaskExecutorJobLauncher      : Job: [SimpleJob: [name=paymentImportJob]] launched with the following parameters: [{'filePath':'{value=C:\Users\piotr\AppData\Local\Temp\payments-18320754672585502415.csv, type=class java.lang.String, identifying=true}','time':'{value=1778959376809, type=class java.lang.Long, identifying=true}'}]
2026-05-16T21:22:56.883+02:00  WARN 4840 --- [payment-service] [http-nio-8080-exec-9] [da57eac7874289d08aa0bb66847cd068-209f8d74e211ce85] i.m.p.PrometheusMeterRegistry            : The meter (MeterId{name='spring.batch.job.active', tags=[tag(application=payment-service),tag(spring.batch.job.name=paymentImportJob),tag(spring.batch.job.status=UNKNOWN)]}) registration has failed: Prometheus requires that all meters with the same name have the same set of tag keys. There is already an existing meter named 'spring_batch_job_active_seconds' containing tag keys [application, spring_batch_job_active_name]. The meter you are attempting to register has keys [application, spring_batch_job_name, spring_batch_job_status]. Note that subsequent logs will be logged at debug level.
2026-05-16T21:22:56.900+02:00  INFO 4840 --- [payment-service] [http-nio-8080-exec-9] [da57eac7874289d08aa0bb66847cd068-f5765dde0aaed886] o.s.batch.core.job.SimpleStepHandler     : Executing step: [paymentImportStep]
2026-05-16T21:22:58.487+02:00  INFO 4840 --- [payment-service] [http-nio-8080-exec-9] [da57eac7874289d08aa0bb66847cd068-f5765dde0aaed886] o.s.batch.core.step.AbstractStep         : Step: [paymentImportStep] executed in 1s585ms
2026-05-16T21:22:58.497+02:00  INFO 4840 --- [payment-service] [http-nio-8080-exec-9] [da57eac7874289d08aa0bb66847cd068-209f8d74e211ce85] o.s.b.c.l.s.TaskExecutorJobLauncher      : Job: [SimpleJob: [name=paymentImportJob]] completed with the following parameters: [{'filePath':'{value=C:\Users\piotr\AppData\Local\Temp\payments-18320754672585502415.csv, type=class java.lang.String, identifying=true}','time':'{value=1778959376809, type=class java.lang.Long, identifying=true}'}] and the following status: [COMPLETED] in 1s611ms
2026-05-16T21:22:58.505+02:00  INFO 4840 --- [payment-service] [http-nio-8080-exec-9] [da57eac7874289d08aa0bb66847cd068-209f8d74e211ce85] i.StatisticalLoggingSessionEventListener : Session Metrics {
    284400 nanoseconds spent acquiring 1 JDBC connections;
    0 nanoseconds spent releasing 0 JDBC connections;
    11730900 nanoseconds spent preparing 211 JDBC statements;
    22368400 nanoseconds spent executing 201 JDBC statements;
    161096900 nanoseconds spent executing 10 JDBC batches;
    0 nanoseconds spent performing 0 L2C puts;
    0 nanoseconds spent performing 0 L2C hits;
    0 nanoseconds spent performing 0 L2C misses;
    543707900 nanoseconds spent executing 10 flushes (flushing a total of 10000 entities and 0 collections);
    0 nanoseconds spent executing 0 pre-partial-flushes;
    0 nanoseconds spent executing 0 partial-flushes (flushing a total of 0 entities and 0 collections)
}
2026-05-16T21:23:58.483+02:00  INFO 4840 --- [payment-service] [http-nio-8080-exec-3] [a569293c2b80c0ac26727cbbaf9d2e9e-c28d6091a5bb2107] com.phyriak.service.PaymentService       : Processing payment for userId: 22345, amount: 150.75, currency: EUR
2026-05-16T21:23:58.508+02:00  INFO 4840 --- [payment-service] [virtual-63] [                                                 ] com.phyriak.service.PaymentService       : Processing async payment 10001
2026-05-16T21:23:58.554+02:00  INFO 4840 --- [payment-service] [http-nio-8080-exec-3] [a569293c2b80c0ac26727cbbaf9d2e9e-c28d6091a5bb2107] i.StatisticalLoggingSessionEventListener : Session Metrics {
    90300 nanoseconds spent acquiring 1 JDBC connections;
    0 nanoseconds spent releasing 0 JDBC connections;
    45000 nanoseconds spent preparing 1 JDBC statements;
    0 nanoseconds spent executing 0 JDBC statements;
    464000 nanoseconds spent executing 1 JDBC batches;
    0 nanoseconds spent performing 0 L2C puts;
    0 nanoseconds spent performing 0 L2C hits;
    0 nanoseconds spent performing 0 L2C misses;
    1396400 nanoseconds spent executing 1 flushes (flushing a total of 1 entities and 0 collections);
    0 nanoseconds spent executing 0 pre-partial-flushes;
    0 nanoseconds spent executing 0 partial-flushes (flushing a total of 0 entities and 0 collections)
}
2026-05-16T21:23:58.615+02:00  INFO 4840 --- [payment-service] [virtual-63] [                                                 ] i.StatisticalLoggingSessionEventListener : Session Metrics {
    37900 nanoseconds spent acquiring 1 JDBC connections;
    0 nanoseconds spent releasing 0 JDBC connections;
    1099100 nanoseconds spent preparing 1 JDBC statements;
    781300 nanoseconds spent executing 1 JDBC statements;
    0 nanoseconds spent executing 0 JDBC batches;
    0 nanoseconds spent performing 0 L2C puts;
    0 nanoseconds spent performing 0 L2C hits;
    0 nanoseconds spent performing 0 L2C misses;
    0 nanoseconds spent executing 0 flushes (flushing a total of 0 entities and 0 collections);
    0 nanoseconds spent executing 0 pre-partial-flushes;
    0 nanoseconds spent executing 0 partial-flushes (flushing a total of 0 entities and 0 collections)
}
2026-05-16T21:23:58.648+02:00  INFO 4840 --- [payment-service] [virtual-63] [                                                 ] i.StatisticalLoggingSessionEventListener : Session Metrics {
    31100 nanoseconds spent acquiring 1 JDBC connections;
    0 nanoseconds spent releasing 0 JDBC connections;
    397000 nanoseconds spent preparing 2 JDBC statements;
    208500 nanoseconds spent executing 1 JDBC statements;
    493900 nanoseconds spent executing 1 JDBC batches;
    0 nanoseconds spent performing 0 L2C puts;
    0 nanoseconds spent performing 0 L2C hits;
    0 nanoseconds spent performing 0 L2C misses;
    25512300 nanoseconds spent executing 1 flushes (flushing a total of 1 entities and 0 collections);
    0 nanoseconds spent executing 0 pre-partial-flushes;
    0 nanoseconds spent executing 0 partial-flushes (flushing a total of 0 entities and 0 collections)
}
2026-05-16T21:37:36.353+02:00  INFO 4840 --- [payment-service] [http-nio-8080-exec-3] [2a8cbf6d692a9f9c9416285e1b5e4e6c-dd4f1cb7626701e1] o.s.b.c.l.s.TaskExecutorJobLauncher      : Job: [SimpleJob: [name=paymentImportJob]] launched with the following parameters: [{'filePath':'{value=C:\Users\piotr\AppData\Local\Temp\payments-7598893019658201584.csv, type=class java.lang.String, identifying=true}','time':'{value=1778960256347, type=class java.lang.Long, identifying=true}'}]
2026-05-16T21:37:36.359+02:00  INFO 4840 --- [payment-service] [http-nio-8080-exec-3] [2a8cbf6d692a9f9c9416285e1b5e4e6c-2e660419f4e211b5] o.s.batch.core.job.SimpleStepHandler     : Executing step: [paymentImportStep]
2026-05-16T21:37:37.314+02:00  INFO 4840 --- [payment-service] [http-nio-8080-exec-3] [2a8cbf6d692a9f9c9416285e1b5e4e6c-2e660419f4e211b5] o.s.batch.core.step.AbstractStep         : Step: [paymentImportStep] executed in 955ms
2026-05-16T21:37:37.319+02:00  INFO 4840 --- [payment-service] [http-nio-8080-exec-3] [2a8cbf6d692a9f9c9416285e1b5e4e6c-dd4f1cb7626701e1] o.s.b.c.l.s.TaskExecutorJobLauncher      : Job: [SimpleJob: [name=paymentImportJob]] completed with the following parameters: [{'filePath':'{value=C:\Users\piotr\AppData\Local\Temp\payments-7598893019658201584.csv, type=class java.lang.String, identifying=true}','time':'{value=1778960256347, type=class java.lang.Long, identifying=true}'}] and the following status: [COMPLETED] in 965ms
2026-05-16T21:37:37.322+02:00  INFO 4840 --- [payment-service] [http-nio-8080-exec-3] [2a8cbf6d692a9f9c9416285e1b5e4e6c-dd4f1cb7626701e1] i.StatisticalLoggingSessionEventListener : Session Metrics {
    83600 nanoseconds spent acquiring 1 JDBC connections;
    0 nanoseconds spent releasing 0 JDBC connections;
    4479800 nanoseconds spent preparing 210 JDBC statements;
    16606600 nanoseconds spent executing 200 JDBC statements;
    85831100 nanoseconds spent executing 10 JDBC batches;
    0 nanoseconds spent performing 0 L2C puts;
    0 nanoseconds spent performing 0 L2C hits;
    0 nanoseconds spent performing 0 L2C misses;
    363699300 nanoseconds spent executing 10 flushes (flushing a total of 10000 entities and 0 collections);
    0 nanoseconds spent executing 0 pre-partial-flushes;
    0 nanoseconds spent executing 0 partial-flushes (flushing a total of 0 entities and 0 collections)
}
2026-05-16T21:37:40.653+02:00  INFO 4840 --- [payment-service] [http-nio-8080-exec-7] [56b4d4cb851a706597d6a9f6aaaae8f4-0c364e6c35e7a2c5] com.phyriak.service.PaymentService       : Processing payment for userId: 22345, amount: 150.75, currency: EUR
2026-05-16T21:37:40.654+02:00  INFO 4840 --- [payment-service] [virtual-73] [                                                 ] com.phyriak.service.PaymentService       : Processing async payment 20002
2026-05-16T21:37:40.655+02:00  INFO 4840 --- [payment-service] [http-nio-8080-exec-7] [56b4d4cb851a706597d6a9f6aaaae8f4-0c364e6c35e7a2c5] i.StatisticalLoggingSessionEventListener : Session Metrics {
    35600 nanoseconds spent acquiring 1 JDBC connections;
    0 nanoseconds spent releasing 0 JDBC connections;
    21900 nanoseconds spent preparing 2 JDBC statements;
    68000 nanoseconds spent executing 1 JDBC statements;
    102900 nanoseconds spent executing 1 JDBC batches;
    0 nanoseconds spent performing 0 L2C puts;
    0 nanoseconds spent performing 0 L2C hits;
    0 nanoseconds spent performing 0 L2C misses;
    335400 nanoseconds spent executing 1 flushes (flushing a total of 1 entities and 0 collections);
    0 nanoseconds spent executing 0 pre-partial-flushes;
    0 nanoseconds spent executing 0 partial-flushes (flushing a total of 0 entities and 0 collections)
}
2026-05-16T21:37:40.657+02:00  INFO 4840 --- [payment-service] [virtual-73] [                                                 ] i.StatisticalLoggingSessionEventListener : Session Metrics {
    37100 nanoseconds spent acquiring 1 JDBC connections;
    0 nanoseconds spent releasing 0 JDBC connections;
    53700 nanoseconds spent preparing 1 JDBC statements;
    196900 nanoseconds spent executing 1 JDBC statements;
    0 nanoseconds spent executing 0 JDBC batches;
    0 nanoseconds spent performing 0 L2C puts;
    0 nanoseconds spent performing 0 L2C hits;
    0 nanoseconds spent performing 0 L2C misses;
    0 nanoseconds spent executing 0 flushes (flushing a total of 0 entities and 0 collections);
    0 nanoseconds spent executing 0 pre-partial-flushes;
    0 nanoseconds spent executing 0 partial-flushes (flushing a total of 0 entities and 0 collections)
}
2026-05-16T21:37:40.662+02:00  INFO 4840 --- [payment-service] [virtual-73] [                                                 ] i.StatisticalLoggingSessionEventListener : Session Metrics {
    20800 nanoseconds spent acquiring 1 JDBC connections;
    0 nanoseconds spent releasing 0 JDBC connections;
    31100 nanoseconds spent preparing 2 JDBC statements;
    89900 nanoseconds spent executing 1 JDBC statements;
    225400 nanoseconds spent executing 1 JDBC batches;
    0 nanoseconds spent performing 0 L2C puts;
    0 nanoseconds spent performing 0 L2C hits;
    0 nanoseconds spent performing 0 L2C misses;
    1516300 nanoseconds spent executing 1 flushes (flushing a total of 1 entities and 0 collections);
    0 nanoseconds spent executing 0 pre-partial-flushes;
    0 nanoseconds spent executing 0 partial-flushes (flushing a total of 0 entities and 0 collections)
}
2026-05-16T21:38:40.161+02:00  INFO 4840 --- [payment-service] [http-nio-8080-exec-9] [18914eb35d4f8308a447589cc4e5a2df-a664c702c58104ca] com.phyriak.service.PaymentService       : Processing payment for userId: 22345, amount: 150.75, currency: EUR
2026-05-16T21:38:40.163+02:00  INFO 4840 --- [payment-service] [virtual-77] [                                                 ] com.phyriak.service.PaymentService       : Processing async payment 20003
2026-05-16T21:38:40.163+02:00  INFO 4840 --- [payment-service] [http-nio-8080-exec-9] [18914eb35d4f8308a447589cc4e5a2df-a664c702c58104ca] i.StatisticalLoggingSessionEventListener : Session Metrics {
    86600 nanoseconds spent acquiring 1 JDBC connections;
    0 nanoseconds spent releasing 0 JDBC connections;
    9000 nanoseconds spent preparing 1 JDBC statements;
    0 nanoseconds spent executing 0 JDBC statements;
    116200 nanoseconds spent executing 1 JDBC batches;
    0 nanoseconds spent performing 0 L2C puts;
    0 nanoseconds spent performing 0 L2C hits;
    0 nanoseconds spent performing 0 L2C misses;
    330100 nanoseconds spent executing 1 flushes (flushing a total of 1 entities and 0 collections);
    0 nanoseconds spent executing 0 pre-partial-flushes;
    0 nanoseconds spent executing 0 partial-flushes (flushing a total of 0 entities and 0 collections)
}
2026-05-16T21:38:40.164+02:00  INFO 4840 --- [payment-service] [virtual-77] [                                                 ] i.StatisticalLoggingSessionEventListener : Session Metrics {
    27300 nanoseconds spent acquiring 1 JDBC connections;
    0 nanoseconds spent releasing 0 JDBC connections;
    10400 nanoseconds spent preparing 1 JDBC statements;
    133900 nanoseconds spent executing 1 JDBC statements;
    0 nanoseconds spent executing 0 JDBC batches;
    0 nanoseconds spent performing 0 L2C puts;
    0 nanoseconds spent performing 0 L2C hits;
    0 nanoseconds spent performing 0 L2C misses;
    0 nanoseconds spent executing 0 flushes (flushing a total of 0 entities and 0 collections);
    0 nanoseconds spent executing 0 pre-partial-flushes;
    0 nanoseconds spent executing 0 partial-flushes (flushing a total of 0 entities and 0 collections)
}
2026-05-16T21:38:40.166+02:00  INFO 4840 --- [payment-service] [virtual-77] [                                                 ] i.StatisticalLoggingSessionEventListener : Session Metrics {
    13800 nanoseconds spent acquiring 1 JDBC connections;
    0 nanoseconds spent releasing 0 JDBC connections;
    27700 nanoseconds spent preparing 2 JDBC statements;
    111900 nanoseconds spent executing 1 JDBC statements;
    153000 nanoseconds spent executing 1 JDBC batches;
    0 nanoseconds spent performing 0 L2C puts;
    0 nanoseconds spent performing 0 L2C hits;
    0 nanoseconds spent performing 0 L2C misses;
    590100 nanoseconds spent executing 1 flushes (flushing a total of 1 entities and 0 collections);
    0 nanoseconds spent executing 0 pre-partial-flushes;
    0 nanoseconds spent executing 0 partial-flushes (flushing a total of 0 entities and 0 collections)
}
2026-05-16T21:39:39.086+02:00  INFO 4840 --- [payment-service] [http-nio-8080-exec-2] [8068b8e66fffd3246eb4af1e2d9fe088-a7e9ef21f580be74] com.phyriak.service.PaymentService       : Processing payment for userId: 22345, amount: 150.75, currency: EUR
2026-05-16T21:39:39.087+02:00  INFO 4840 --- [payment-service] [virtual-78] [                                                 ] com.phyriak.service.PaymentService       : Processing async payment 20004
2026-05-16T21:39:39.088+02:00  INFO 4840 --- [payment-service] [http-nio-8080-exec-2] [8068b8e66fffd3246eb4af1e2d9fe088-a7e9ef21f580be74] i.StatisticalLoggingSessionEventListener : Session Metrics {
    79500 nanoseconds spent acquiring 1 JDBC connections;
    0 nanoseconds spent releasing 0 JDBC connections;
    12200 nanoseconds spent preparing 1 JDBC statements;
    0 nanoseconds spent executing 0 JDBC statements;
    163200 nanoseconds spent executing 1 JDBC batches;
    0 nanoseconds spent performing 0 L2C puts;
    0 nanoseconds spent performing 0 L2C hits;
    0 nanoseconds spent performing 0 L2C misses;
    436700 nanoseconds spent executing 1 flushes (flushing a total of 1 entities and 0 collections);
    0 nanoseconds spent executing 0 pre-partial-flushes;
    0 nanoseconds spent executing 0 partial-flushes (flushing a total of 0 entities and 0 collections)
}
2026-05-16T21:39:39.089+02:00  INFO 4840 --- [payment-service] [virtual-78] [                                                 ] i.StatisticalLoggingSessionEventListener : Session Metrics {
    38600 nanoseconds spent acquiring 1 JDBC connections;
    0 nanoseconds spent releasing 0 JDBC connections;
    20900 nanoseconds spent preparing 1 JDBC statements;
    147200 nanoseconds spent executing 1 JDBC statements;
    0 nanoseconds spent executing 0 JDBC batches;
    0 nanoseconds spent performing 0 L2C puts;
    0 nanoseconds spent performing 0 L2C hits;
    0 nanoseconds spent performing 0 L2C misses;
    0 nanoseconds spent executing 0 flushes (flushing a total of 0 entities and 0 collections);
    0 nanoseconds spent executing 0 pre-partial-flushes;
    0 nanoseconds spent executing 0 partial-flushes (flushing a total of 0 entities and 0 collections)
}
2026-05-16T21:39:39.092+02:00  INFO 4840 --- [payment-service] [virtual-78] [                                                 ] i.StatisticalLoggingSessionEventListener : Session Metrics {
    18600 nanoseconds spent acquiring 1 JDBC connections;
    0 nanoseconds spent releasing 0 JDBC connections;
    25500 nanoseconds spent preparing 2 JDBC statements;
    84400 nanoseconds spent executing 1 JDBC statements;
    136200 nanoseconds spent executing 1 JDBC batches;
    0 nanoseconds spent performing 0 L2C puts;
    0 nanoseconds spent performing 0 L2C hits;
    0 nanoseconds spent performing 0 L2C misses;
    561100 nanoseconds spent executing 1 flushes (flushing a total of 1 entities and 0 collections);
    0 nanoseconds spent executing 0 pre-partial-flushes;
    0 nanoseconds spent executing 0 partial-flushes (flushing a total of 0 entities and 0 collections)
}
2026-05-16T21:44:35.372+02:00  INFO 4840 --- [payment-service] [SpringApplicationShutdownHook] [                                                 ] o.s.b.w.e.tomcat.GracefulShutdown        : Commencing graceful shutdown. Waiting for active requests to complete
2026-05-16T21:44:35.379+02:00  INFO 4840 --- [payment-service] [tomcat-shutdown] [                                                 ] o.s.b.w.e.tomcat.GracefulShutdown        : Graceful shutdown complete
2026-05-16T21:44:35.385+02:00  INFO 4840 --- [payment-service] [SpringApplicationShutdownHook] [                                                 ] j.LocalContainerEntityManagerFactoryBean : Closing JPA EntityManagerFactory for persistence unit 'default'
2026-05-16T21:44:35.391+02:00  INFO 4840 --- [payment-service] [SpringApplicationShutdownHook] [                                                 ] com.zaxxer.hikari.HikariDataSource       : HikariPool-1 - Shutdown initiated...
2026-05-16T21:44:35.394+02:00  INFO 4840 --- [payment-service] [SpringApplicationShutdownHook] [                                                 ] com.zaxxer.hikari.HikariDataSource       : HikariPool-1 - Shutdown completed.
{"@timestamp":"2026-05-16T21:46:20.6887474+02:00","@version":"1","message":"HV000001: Hibernate Validator 8.0.3.Final","logger_name":"org.hibernate.validator.internal.util.Version","thread_name":"background-preinit","level":"INFO","level_value":20000}
{"@timestamp":"2026-05-16T21:46:20.7809008+02:00","@version":"1","message":"Starting PaymentServiceApplication using Java 21.0.7 with PID 18428 (C:\\Users\\piotr\\Workspace\\payment-service\\target\\classes started by piotr in C:\\Users\\piotr\\Workspace\\payment-service)","logger_name":"com.phyriak.PaymentServiceApplication","thread_name":"main","level":"INFO","level_value":20000}
{"@timestamp":"2026-05-16T21:46:20.7819108+02:00","@version":"1","message":"No active profile set, falling back to 1 default profile: \"default\"","logger_name":"com.phyriak.PaymentServiceApplication","thread_name":"main","level":"INFO","level_value":20000}
{"@timestamp":"2026-05-16T21:46:23.945675+02:00","@version":"1","message":"Bootstrapping Spring Data JPA repositories in DEFAULT mode.","logger_name":"org.springframework.data.repository.config.RepositoryConfigurationDelegate","thread_name":"main","level":"INFO","level_value":20000}
{"@timestamp":"2026-05-16T21:46:24.0789678+02:00","@version":"1","message":"Finished Spring Data repository scanning in 115 ms. Found 1 JPA repository interface.","logger_name":"org.springframework.data.repository.config.RepositoryConfigurationDelegate","thread_name":"main","level":"INFO","level_value":20000}
{"@timestamp":"2026-05-16T21:46:25.4302273+02:00","@version":"1","message":"Tomcat initialized with port 8080 (http)","logger_name":"org.springframework.boot.web.embedded.tomcat.TomcatWebServer","thread_name":"main","level":"INFO","level_value":20000}
{"@timestamp":"2026-05-16T21:46:25.4600333+02:00","@version":"1","message":"Initializing ProtocolHandler [\"http-nio-8080\"]","logger_name":"org.apache.coyote.http11.Http11NioProtocol","thread_name":"main","level":"INFO","level_value":20000}
{"@timestamp":"2026-05-16T21:46:25.4640861+02:00","@version":"1","message":"Starting service [Tomcat]","logger_name":"org.apache.catalina.core.StandardService","thread_name":"main","level":"INFO","level_value":20000}
{"@timestamp":"2026-05-16T21:46:25.4650881+02:00","@version":"1","message":"Starting Servlet engine: [Apache Tomcat/10.1.50]","logger_name":"org.apache.catalina.core.StandardEngine","thread_name":"main","level":"INFO","level_value":20000}
{"@timestamp":"2026-05-16T21:46:25.6440153+02:00","@version":"1","message":"Initializing Spring embedded WebApplicationContext","logger_name":"org.apache.catalina.core.ContainerBase.[Tomcat].[localhost].[/]","thread_name":"main","level":"INFO","level_value":20000}
{"@timestamp":"2026-05-16T21:46:25.6450584+02:00","@version":"1","message":"Root WebApplicationContext: initialization completed in 4759 ms","logger_name":"org.springframework.boot.web.servlet.context.ServletWebServerApplicationContext","thread_name":"main","level":"INFO","level_value":20000}
{"@timestamp":"2026-05-16T21:46:26.789545+02:00","@version":"1","message":"HikariPool-1 - Starting...","logger_name":"com.zaxxer.hikari.HikariDataSource","thread_name":"main","level":"INFO","level_value":20000}
{"@timestamp":"2026-05-16T21:46:27.2098766+02:00","@version":"1","message":"HikariPool-1 - Added connection conn0: url=jdbc:h2:mem:mydb user=SA","logger_name":"com.zaxxer.hikari.pool.HikariPool","thread_name":"main","level":"INFO","level_value":20000}
{"@timestamp":"2026-05-16T21:46:27.212876+02:00","@version":"1","message":"HikariPool-1 - Start completed.","logger_name":"com.zaxxer.hikari.HikariDataSource","thread_name":"main","level":"INFO","level_value":20000}
{"@timestamp":"2026-05-16T21:46:27.4419522+02:00","@version":"1","message":"HHH000204: Processing PersistenceUnitInfo [name: default]","logger_name":"org.hibernate.jpa.internal.util.LogHelper","thread_name":"main","level":"INFO","level_value":20000}
{"@timestamp":"2026-05-16T21:46:27.6173678+02:00","@version":"1","message":"HHH000412: Hibernate ORM core version 6.6.41.Final","logger_name":"org.hibernate.Version","thread_name":"main","level":"INFO","level_value":20000}
{"@timestamp":"2026-05-16T21:46:27.7039898+02:00","@version":"1","message":"HHH000026: Second-level cache disabled","logger_name":"org.hibernate.cache.internal.RegionFactoryInitiator","thread_name":"main","level":"INFO","level_value":20000}
{"@timestamp":"2026-05-16T21:46:28.2684727+02:00","@version":"1","message":"No LoadTimeWeaver setup: ignoring JPA class transformer","logger_name":"org.springframework.orm.jpa.persistenceunit.SpringPersistenceUnitInfo","thread_name":"main","level":"INFO","level_value":20000}
{"@timestamp":"2026-05-16T21:46:28.3458937+02:00","@version":"1","message":"HHH90000025: H2Dialect does not need to be specified explicitly using 'hibernate.dialect' (remove the property setting and it will be selected by default)","logger_name":"org.hibernate.orm.deprecation","thread_name":"main","level":"WARN","level_value":30000}
{"@timestamp":"2026-05-16T21:46:28.3669713+02:00","@version":"1","message":"HHH10001005: Database info:\n\tDatabase JDBC URL [Connecting through datasource 'HikariDataSource (HikariPool-1)']\n\tDatabase driver: undefined/unknown\n\tDatabase version: 2.2.224\n\tAutocommit mode: undefined/unknown\n\tIsolation level: undefined/unknown\n\tMinimum pool size: undefined/unknown\n\tMaximum pool size: undefined/unknown","logger_name":"org.hibernate.orm.connections.pooling","thread_name":"main","level":"INFO","level_value":20000}
{"@timestamp":"2026-05-16T21:46:30.1366953+02:00","@version":"1","message":"HHH000489: No JTA platform available (set 'hibernate.transaction.jta.platform' to enable JTA platform integration)","logger_name":"org.hibernate.engine.transaction.jta.platform.internal.JtaPlatformInitiator","thread_name":"main","level":"INFO","level_value":20000}
{"@timestamp":"2026-05-16T21:46:30.1720052+02:00","@version":"1","message":"Initialized JPA EntityManagerFactory for persistence unit 'default'","logger_name":"org.springframework.orm.jpa.LocalContainerEntityManagerFactoryBean","thread_name":"main","level":"INFO","level_value":20000}
{"@timestamp":"2026-05-16T21:46:31.0785875+02:00","@version":"1","message":"Session Metrics {\n    0 nanoseconds spent acquiring 0 JDBC connections;\n    0 nanoseconds spent releasing 0 JDBC connections;\n    0 nanoseconds spent preparing 0 JDBC statements;\n    0 nanoseconds spent executing 0 JDBC statements;\n    0 nanoseconds spent executing 0 JDBC batches;\n    0 nanoseconds spent performing 0 L2C puts;\n    0 nanoseconds spent performing 0 L2C hits;\n    0 nanoseconds spent performing 0 L2C misses;\n    0 nanoseconds spent executing 0 flushes (flushing a total of 0 entities and 0 collections);\n    0 nanoseconds spent executing 0 pre-partial-flushes;\n    0 nanoseconds spent executing 0 partial-flushes (flushing a total of 0 entities and 0 collections)\n}","logger_name":"org.hibernate.engine.internal.StatisticalLoggingSessionEventListener","thread_name":"main","level":"INFO","level_value":20000}
{"@timestamp":"2026-05-16T21:46:31.1058021+02:00","@version":"1","message":"Hibernate is in classpath; If applicable, HQL parser will be used.","logger_name":"org.springframework.data.jpa.repository.query.QueryEnhancerFactory","thread_name":"main","level":"INFO","level_value":20000}
{"@timestamp":"2026-05-16T21:46:32.0173024+02:00","@version":"1","message":"Session Metrics {\n    0 nanoseconds spent acquiring 0 JDBC connections;\n    0 nanoseconds spent releasing 0 JDBC connections;\n    0 nanoseconds spent preparing 0 JDBC statements;\n    0 nanoseconds spent executing 0 JDBC statements;\n    0 nanoseconds spent executing 0 JDBC batches;\n    0 nanoseconds spent performing 0 L2C puts;\n    0 nanoseconds spent performing 0 L2C hits;\n    0 nanoseconds spent performing 0 L2C misses;\n    0 nanoseconds spent executing 0 flushes (flushing a total of 0 entities and 0 collections);\n    0 nanoseconds spent executing 0 pre-partial-flushes;\n    0 nanoseconds spent executing 0 partial-flushes (flushing a total of 0 entities and 0 collections)\n}","logger_name":"org.hibernate.engine.internal.StatisticalLoggingSessionEventListener","thread_name":"main","level":"INFO","level_value":20000}
{"@timestamp":"2026-05-16T21:46:32.3066438+02:00","@version":"1","message":"spring.jpa.open-in-view is enabled by default. Therefore, database queries may be performed during view rendering. Explicitly configure spring.jpa.open-in-view to disable this warning","logger_name":"org.springframework.boot.autoconfigure.orm.jpa.JpaBaseConfiguration$JpaWebConfiguration","thread_name":"main","level":"WARN","level_value":30000}
{"@timestamp":"2026-05-16T21:46:33.1906646+02:00","@version":"1","message":"H2 console available at '/h2-console'. Database available at 'jdbc:h2:mem:mydb'","logger_name":"org.springframework.boot.autoconfigure.h2.H2ConsoleAutoConfiguration","thread_name":"main","level":"INFO","level_value":20000}
{"@timestamp":"2026-05-16T21:46:33.2274787+02:00","@version":"1","message":"Exposing 3 endpoints beneath base path '/actuator'","logger_name":"org.springframework.boot.actuate.endpoint.web.EndpointLinksResolver","thread_name":"main","level":"INFO","level_value":20000}
{"@timestamp":"2026-05-16T21:46:33.4059563+02:00","@version":"1","message":"Starting ProtocolHandler [\"http-nio-8080\"]","logger_name":"org.apache.coyote.http11.Http11NioProtocol","thread_name":"main","level":"INFO","level_value":20000}
{"@timestamp":"2026-05-16T21:46:33.431558+02:00","@version":"1","message":"Tomcat started on port 8080 (http) with context path '/'","logger_name":"org.springframework.boot.web.embedded.tomcat.TomcatWebServer","thread_name":"main","level":"INFO","level_value":20000}
{"@timestamp":"2026-05-16T21:46:33.4718782+02:00","@version":"1","message":"Started PaymentServiceApplication in 14.104 seconds (process running for 14.679)","logger_name":"com.phyriak.PaymentServiceApplication","thread_name":"main","level":"INFO","level_value":20000}
{"@timestamp":"2026-05-16T21:46:38.4537216+02:00","@version":"1","message":"Initializing Spring DispatcherServlet 'dispatcherServlet'","logger_name":"org.apache.catalina.core.ContainerBase.[Tomcat].[localhost].[/]","thread_name":"http-nio-8080-exec-1","level":"INFO","level_value":20000}
{"@timestamp":"2026-05-16T21:46:38.4537216+02:00","@version":"1","message":"Initializing Servlet 'dispatcherServlet'","logger_name":"org.springframework.web.servlet.DispatcherServlet","thread_name":"http-nio-8080-exec-1","level":"INFO","level_value":20000}
{"@timestamp":"2026-05-16T21:46:38.4557474+02:00","@version":"1","message":"Completed initialization in 2 ms","logger_name":"org.springframework.web.servlet.DispatcherServlet","thread_name":"http-nio-8080-exec-1","level":"INFO","level_value":20000}
{"@timestamp":"2026-05-16T21:46:47.7555409+02:00","@version":"1","message":"Processing payment for userId: 22345, amount: 150.75, currency: EUR","logger_name":"com.phyriak.service.PaymentService","thread_name":"http-nio-8080-exec-4","level":"INFO","level_value":20000,"traceId":"1433300a1a404dcd6a9ad18664374e0e","spanId":"21f4a96c27658605"}
{"@timestamp":"2026-05-16T21:46:47.8198168+02:00","@version":"1","message":"Processing async payment 1","logger_name":"com.phyriak.service.PaymentService","thread_name":"virtual-63","level":"INFO","level_value":20000}
{"@timestamp":"2026-05-16T21:46:47.8788091+02:00","@version":"1","message":"Session Metrics {\n    41200 nanoseconds spent acquiring 1 JDBC connections;\n    0 nanoseconds spent releasing 0 JDBC connections;\n    794100 nanoseconds spent preparing 1 JDBC statements;\n    291700 nanoseconds spent executing 1 JDBC statements;\n    0 nanoseconds spent executing 0 JDBC batches;\n    0 nanoseconds spent performing 0 L2C puts;\n    0 nanoseconds spent performing 0 L2C hits;\n    0 nanoseconds spent performing 0 L2C misses;\n    0 nanoseconds spent executing 0 flushes (flushing a total of 0 entities and 0 collections);\n    0 nanoseconds spent executing 0 pre-partial-flushes;\n    0 nanoseconds spent executing 0 partial-flushes (flushing a total of 0 entities and 0 collections)\n}","logger_name":"org.hibernate.engine.internal.StatisticalLoggingSessionEventListener","thread_name":"virtual-63","level":"INFO","level_value":20000}
{"@timestamp":"2026-05-16T21:46:47.8916454+02:00","@version":"1","message":"Session Metrics {\n    158900 nanoseconds spent acquiring 1 JDBC connections;\n    0 nanoseconds spent releasing 0 JDBC connections;\n    6322200 nanoseconds spent preparing 2 JDBC statements;\n    6581000 nanoseconds spent executing 1 JDBC statements;\n    2171000 nanoseconds spent executing 1 JDBC batches;\n    0 nanoseconds spent performing 0 L2C puts;\n    0 nanoseconds spent performing 0 L2C hits;\n    0 nanoseconds spent performing 0 L2C misses;\n    33106800 nanoseconds spent executing 1 flushes (flushing a total of 1 entities and 0 collections);\n    0 nanoseconds spent executing 0 pre-partial-flushes;\n    0 nanoseconds spent executing 0 partial-flushes (flushing a total of 0 entities and 0 collections)\n}","logger_name":"org.hibernate.engine.internal.StatisticalLoggingSessionEventListener","thread_name":"http-nio-8080-exec-4","level":"INFO","level_value":20000,"traceId":"1433300a1a404dcd6a9ad18664374e0e","spanId":"21f4a96c27658605"}
{"@timestamp":"2026-05-16T21:46:55.1734332+02:00","@version":"1","message":"Job: [SimpleJob: [name=paymentImportJob]] launched with the following parameters: [{'filePath':'{value=C:\\Users\\piotr\\AppData\\Local\\Temp\\payments-1564969812398476115.csv, type=class java.lang.String, identifying=true}','time':'{value=1778960815142, type=class java.lang.Long, identifying=true}'}]","logger_name":"org.springframework.batch.core.launch.support.TaskExecutorJobLauncher","thread_name":"http-nio-8080-exec-7","level":"INFO","level_value":20000,"traceId":"41bf4d47ddb54e224805229554a920d6","spanId":"9730a0c803f05141"}
{"@timestamp":"2026-05-16T21:46:55.1823761+02:00","@version":"1","message":"The meter (MeterId{name='spring.batch.job.active', tags=[tag(application=payment-service),tag(spring.batch.job.name=paymentImportJob),tag(spring.batch.job.status=UNKNOWN)]}) registration has failed: Prometheus requires that all meters with the same name have the same set of tag keys. There is already an existing meter named 'spring_batch_job_active_seconds' containing tag keys [application, spring_batch_job_active_name]. The meter you are attempting to register has keys [application, spring_batch_job_name, spring_batch_job_status]. Note that subsequent logs will be logged at debug level.","logger_name":"io.micrometer.prometheusmetrics.PrometheusMeterRegistry","thread_name":"http-nio-8080-exec-7","level":"WARN","level_value":30000,"traceId":"41bf4d47ddb54e224805229554a920d6","spanId":"9730a0c803f05141"}
{"@timestamp":"2026-05-16T21:46:55.1986614+02:00","@version":"1","message":"Executing step: [paymentImportStep]","logger_name":"org.springframework.batch.core.job.SimpleStepHandler","thread_name":"http-nio-8080-exec-7","level":"INFO","level_value":20000,"traceId":"41bf4d47ddb54e224805229554a920d6","spanId":"27683be4fb407181"}
{"@timestamp":"2026-05-16T21:46:56.9014372+02:00","@version":"1","message":"Step: [paymentImportStep] executed in 1s702ms","logger_name":"org.springframework.batch.core.step.AbstractStep","thread_name":"http-nio-8080-exec-7","level":"INFO","level_value":20000,"traceId":"41bf4d47ddb54e224805229554a920d6","spanId":"27683be4fb407181"}
{"@timestamp":"2026-05-16T21:46:56.9187486+02:00","@version":"1","message":"Job: [SimpleJob: [name=paymentImportJob]] completed with the following parameters: [{'filePath':'{value=C:\\Users\\piotr\\AppData\\Local\\Temp\\payments-1564969812398476115.csv, type=class java.lang.String, identifying=true}','time':'{value=1778960815142, type=class java.lang.Long, identifying=true}'}] and the following status: [COMPLETED] in 1s733ms","logger_name":"org.springframework.batch.core.launch.support.TaskExecutorJobLauncher","thread_name":"http-nio-8080-exec-7","level":"INFO","level_value":20000,"traceId":"41bf4d47ddb54e224805229554a920d6","spanId":"9730a0c803f05141"}
{"@timestamp":"2026-05-16T21:46:56.9230662+02:00","@version":"1","message":"Session Metrics {\n    103400 nanoseconds spent acquiring 1 JDBC connections;\n    0 nanoseconds spent releasing 0 JDBC connections;\n    8022600 nanoseconds spent preparing 210 JDBC statements;\n    28531000 nanoseconds spent executing 200 JDBC statements;\n    181134600 nanoseconds spent executing 10 JDBC batches;\n    0 nanoseconds spent performing 0 L2C puts;\n    0 nanoseconds spent performing 0 L2C hits;\n    0 nanoseconds spent performing 0 L2C misses;\n    584802700 nanoseconds spent executing 10 flushes (flushing a total of 10000 entities and 0 collections);\n    0 nanoseconds spent executing 0 pre-partial-flushes;\n    0 nanoseconds spent executing 0 partial-flushes (flushing a total of 0 entities and 0 collections)\n}","logger_name":"org.hibernate.engine.internal.StatisticalLoggingSessionEventListener","thread_name":"http-nio-8080-exec-7","level":"INFO","level_value":20000,"traceId":"41bf4d47ddb54e224805229554a920d6","spanId":"9730a0c803f05141"}
{"@timestamp":"2026-05-16T21:47:00.9336949+02:00","@version":"1","message":"Processing payment for userId: 22345, amount: 150.75, currency: EUR","logger_name":"com.phyriak.service.PaymentService","thread_name":"http-nio-8080-exec-9","level":"INFO","level_value":20000,"traceId":"aa48ebadb7ebf9ee8130a64cac99ae24","spanId":"2cdb3c4f4d46500c"}
{"@timestamp":"2026-05-16T21:47:00.934696+02:00","@version":"1","message":"Processing async payment 10002","logger_name":"com.phyriak.service.PaymentService","thread_name":"virtual-69","level":"INFO","level_value":20000}
{"@timestamp":"2026-05-16T21:47:00.936691+02:00","@version":"1","message":"Session Metrics {\n    57500 nanoseconds spent acquiring 1 JDBC connections;\n    0 nanoseconds spent releasing 0 JDBC connections;\n    35900 nanoseconds spent preparing 2 JDBC statements;\n    180200 nanoseconds spent executing 1 JDBC statements;\n    152700 nanoseconds spent executing 1 JDBC batches;\n    0 nanoseconds spent performing 0 L2C puts;\n    0 nanoseconds spent performing 0 L2C hits;\n    0 nanoseconds spent performing 0 L2C misses;\n    689000 nanoseconds spent executing 1 flushes (flushing a total of 1 entities and 0 collections);\n    0 nanoseconds spent executing 0 pre-partial-flushes;\n    0 nanoseconds spent executing 0 partial-flushes (flushing a total of 0 entities and 0 collections)\n}","logger_name":"org.hibernate.engine.internal.StatisticalLoggingSessionEventListener","thread_name":"http-nio-8080-exec-9","level":"INFO","level_value":20000,"traceId":"aa48ebadb7ebf9ee8130a64cac99ae24","spanId":"2cdb3c4f4d46500c"}
{"@timestamp":"2026-05-16T21:47:00.9407207+02:00","@version":"1","message":"Session Metrics {\n    39300 nanoseconds spent acquiring 1 JDBC connections;\n    0 nanoseconds spent releasing 0 JDBC connections;\n    17600 nanoseconds spent preparing 1 JDBC statements;\n    481900 nanoseconds spent executing 1 JDBC statements;\n    0 nanoseconds spent executing 0 JDBC batches;\n    0 nanoseconds spent performing 0 L2C puts;\n    0 nanoseconds spent performing 0 L2C hits;\n    0 nanoseconds spent performing 0 L2C misses;\n    0 nanoseconds spent executing 0 flushes (flushing a total of 0 entities and 0 collections);\n    0 nanoseconds spent executing 0 pre-partial-flushes;\n    0 nanoseconds spent executing 0 partial-flushes (flushing a total of 0 entities and 0 collections)\n}","logger_name":"org.hibernate.engine.internal.StatisticalLoggingSessionEventListener","thread_name":"virtual-69","level":"INFO","level_value":20000}
{"@timestamp":"2026-05-16T21:47:00.9572789+02:00","@version":"1","message":"Session Metrics {\n    27500 nanoseconds spent acquiring 1 JDBC connections;\n    0 nanoseconds spent releasing 0 JDBC connections;\n    362800 nanoseconds spent preparing 2 JDBC statements;\n    112700 nanoseconds spent executing 1 JDBC statements;\n    293500 nanoseconds spent executing 1 JDBC batches;\n    0 nanoseconds spent performing 0 L2C puts;\n    0 nanoseconds spent performing 0 L2C hits;\n    0 nanoseconds spent performing 0 L2C misses;\n    12834200 nanoseconds spent executing 1 flushes (flushing a total of 1 entities and 0 collections);\n    0 nanoseconds spent executing 0 pre-partial-flushes;\n    0 nanoseconds spent executing 0 partial-flushes (flushing a total of 0 entities and 0 collections)\n}","logger_name":"org.hibernate.engine.internal.StatisticalLoggingSessionEventListener","thread_name":"virtual-69","level":"INFO","level_value":20000}
{"@timestamp":"2026-05-16T21:47:25.3193383+02:00","@version":"1","message":"Commencing graceful shutdown. Waiting for active requests to complete","logger_name":"org.springframework.boot.web.embedded.tomcat.GracefulShutdown","thread_name":"SpringApplicationShutdownHook","level":"INFO","level_value":20000}
{"@timestamp":"2026-05-16T21:47:25.3275912+02:00","@version":"1","message":"Graceful shutdown complete","logger_name":"org.springframework.boot.web.embedded.tomcat.GracefulShutdown","thread_name":"tomcat-shutdown","level":"INFO","level_value":20000}
{"@timestamp":"2026-05-16T21:47:25.3332654+02:00","@version":"1","message":"Closing JPA EntityManagerFactory for persistence unit 'default'","logger_name":"org.springframework.orm.jpa.LocalContainerEntityManagerFactoryBean","thread_name":"SpringApplicationShutdownHook","level":"INFO","level_value":20000}
{"@timestamp":"2026-05-16T21:47:25.3397485+02:00","@version":"1","message":"HikariPool-1 - Shutdown initiated...","logger_name":"com.zaxxer.hikari.HikariDataSource","thread_name":"SpringApplicationShutdownHook","level":"INFO","level_value":20000}
{"@timestamp":"2026-05-16T21:47:25.3437369+02:00","@version":"1","message":"HikariPool-1 - Shutdown completed.","logger_name":"com.zaxxer.hikari.HikariDataSource","thread_name":"SpringApplicationShutdownHook","level":"INFO","level_value":20000}
{"@timestamp":"2026-05-16T21:47:31.7495906+02:00","@version":"1","message":"HV000001: Hibernate Validator 8.0.3.Final","logger_name":"org.hibernate.validator.internal.util.Version","thread_name":"background-preinit","level":"INFO","level_value":20000}
{"@timestamp":"2026-05-16T21:47:31.8493032+02:00","@version":"1","message":"Starting PaymentServiceApplication using Java 21.0.7 with PID 20892 (C:\\Users\\piotr\\Workspace\\payment-service\\target\\classes started by piotr in C:\\Users\\piotr\\Workspace\\payment-service)","logger_name":"com.phyriak.PaymentServiceApplication","thread_name":"main","level":"INFO","level_value":20000}
{"@timestamp":"2026-05-16T21:47:31.8513062+02:00","@version":"1","message":"No active profile set, falling back to 1 default profile: \"default\"","logger_name":"com.phyriak.PaymentServiceApplication","thread_name":"main","level":"INFO","level_value":20000}
{"@timestamp":"2026-05-16T21:47:34.8465736+02:00","@version":"1","message":"Bootstrapping Spring Data JPA repositories in DEFAULT mode.","logger_name":"org.springframework.data.repository.config.RepositoryConfigurationDelegate","thread_name":"main","level":"INFO","level_value":20000}
{"@timestamp":"2026-05-16T21:47:35.0377517+02:00","@version":"1","message":"Finished Spring Data repository scanning in 170 ms. Found 1 JPA repository interface.","logger_name":"org.springframework.data.repository.config.RepositoryConfigurationDelegate","thread_name":"main","level":"INFO","level_value":20000}
{"@timestamp":"2026-05-16T21:47:36.3738374+02:00","@version":"1","message":"Tomcat initialized with port 8080 (http)","logger_name":"org.springframework.boot.web.embedded.tomcat.TomcatWebServer","thread_name":"main","level":"INFO","level_value":20000}
{"@timestamp":"2026-05-16T21:47:36.4011449+02:00","@version":"1","message":"Initializing ProtocolHandler [\"http-nio-8080\"]","logger_name":"org.apache.coyote.http11.Http11NioProtocol","thread_name":"main","level":"INFO","level_value":20000}
{"@timestamp":"2026-05-16T21:47:36.4085573+02:00","@version":"1","message":"Starting service [Tomcat]","logger_name":"org.apache.catalina.core.StandardService","thread_name":"main","level":"INFO","level_value":20000}
{"@timestamp":"2026-05-16T21:47:36.4085573+02:00","@version":"1","message":"Starting Servlet engine: [Apache Tomcat/10.1.50]","logger_name":"org.apache.catalina.core.StandardEngine","thread_name":"main","level":"INFO","level_value":20000}
{"@timestamp":"2026-05-16T21:47:36.5529525+02:00","@version":"1","message":"Initializing Spring embedded WebApplicationContext","logger_name":"org.apache.catalina.core.ContainerBase.[Tomcat].[localhost].[/]","thread_name":"main","level":"INFO","level_value":20000}
{"@timestamp":"2026-05-16T21:47:36.5539522+02:00","@version":"1","message":"Root WebApplicationContext: initialization completed in 4576 ms","logger_name":"org.springframework.boot.web.servlet.context.ServletWebServerApplicationContext","thread_name":"main","level":"INFO","level_value":20000}
{"@timestamp":"2026-05-16T21:47:37.7995489+02:00","@version":"1","message":"HikariPool-1 - Starting...","logger_name":"com.zaxxer.hikari.HikariDataSource","thread_name":"main","level":"INFO","level_value":20000}
{"@timestamp":"2026-05-16T21:47:38.182043+02:00","@version":"1","message":"HikariPool-1 - Added connection conn0: url=jdbc:h2:mem:mydb user=SA","logger_name":"com.zaxxer.hikari.pool.HikariPool","thread_name":"main","level":"INFO","level_value":20000}
{"@timestamp":"2026-05-16T21:47:38.1850432+02:00","@version":"1","message":"HikariPool-1 - Start completed.","logger_name":"com.zaxxer.hikari.HikariDataSource","thread_name":"main","level":"INFO","level_value":20000}
{"@timestamp":"2026-05-16T21:47:38.4802774+02:00","@version":"1","message":"HHH000204: Processing PersistenceUnitInfo [name: default]","logger_name":"org.hibernate.jpa.internal.util.LogHelper","thread_name":"main","level":"INFO","level_value":20000}
{"@timestamp":"2026-05-16T21:47:38.6096217+02:00","@version":"1","message":"HHH000412: Hibernate ORM core version 6.6.41.Final","logger_name":"org.hibernate.Version","thread_name":"main","level":"INFO","level_value":20000}
{"@timestamp":"2026-05-16T21:47:38.6848497+02:00","@version":"1","message":"HHH000026: Second-level cache disabled","logger_name":"org.hibernate.cache.internal.RegionFactoryInitiator","thread_name":"main","level":"INFO","level_value":20000}
{"@timestamp":"2026-05-16T21:47:39.2619765+02:00","@version":"1","message":"No LoadTimeWeaver setup: ignoring JPA class transformer","logger_name":"org.springframework.orm.jpa.persistenceunit.SpringPersistenceUnitInfo","thread_name":"main","level":"INFO","level_value":20000}
{"@timestamp":"2026-05-16T21:47:39.3401708+02:00","@version":"1","message":"HHH90000025: H2Dialect does not need to be specified explicitly using 'hibernate.dialect' (remove the property setting and it will be selected by default)","logger_name":"org.hibernate.orm.deprecation","thread_name":"main","level":"WARN","level_value":30000}
{"@timestamp":"2026-05-16T21:47:39.3674529+02:00","@version":"1","message":"HHH10001005: Database info:\n\tDatabase JDBC URL [Connecting through datasource 'HikariDataSource (HikariPool-1)']\n\tDatabase driver: undefined/unknown\n\tDatabase version: 2.2.224\n\tAutocommit mode: undefined/unknown\n\tIsolation level: undefined/unknown\n\tMinimum pool size: undefined/unknown\n\tMaximum pool size: undefined/unknown","logger_name":"org.hibernate.orm.connections.pooling","thread_name":"main","level":"INFO","level_value":20000}
{"@timestamp":"2026-05-16T21:47:40.7174058+02:00","@version":"1","message":"HHH000489: No JTA platform available (set 'hibernate.transaction.jta.platform' to enable JTA platform integration)","logger_name":"org.hibernate.engine.transaction.jta.platform.internal.JtaPlatformInitiator","thread_name":"main","level":"INFO","level_value":20000}
{"@timestamp":"2026-05-16T21:47:40.7642867+02:00","@version":"1","message":"Initialized JPA EntityManagerFactory for persistence unit 'default'","logger_name":"org.springframework.orm.jpa.LocalContainerEntityManagerFactoryBean","thread_name":"main","level":"INFO","level_value":20000}
{"@timestamp":"2026-05-16T21:47:41.9261113+02:00","@version":"1","message":"Session Metrics {\n    0 nanoseconds spent acquiring 0 JDBC connections;\n    0 nanoseconds spent releasing 0 JDBC connections;\n    0 nanoseconds spent preparing 0 JDBC statements;\n    0 nanoseconds spent executing 0 JDBC statements;\n    0 nanoseconds spent executing 0 JDBC batches;\n    0 nanoseconds spent performing 0 L2C puts;\n    0 nanoseconds spent performing 0 L2C hits;\n    0 nanoseconds spent performing 0 L2C misses;\n    0 nanoseconds spent executing 0 flushes (flushing a total of 0 entities and 0 collections);\n    0 nanoseconds spent executing 0 pre-partial-flushes;\n    0 nanoseconds spent executing 0 partial-flushes (flushing a total of 0 entities and 0 collections)\n}","logger_name":"org.hibernate.engine.internal.StatisticalLoggingSessionEventListener","thread_name":"main","level":"INFO","level_value":20000}
{"@timestamp":"2026-05-16T21:47:41.9575999+02:00","@version":"1","message":"Hibernate is in classpath; If applicable, HQL parser will be used.","logger_name":"org.springframework.data.jpa.repository.query.QueryEnhancerFactory","thread_name":"main","level":"INFO","level_value":20000}
{"@timestamp":"2026-05-16T21:47:43.0147087+02:00","@version":"1","message":"Session Metrics {\n    0 nanoseconds spent acquiring 0 JDBC connections;\n    0 nanoseconds spent releasing 0 JDBC connections;\n    0 nanoseconds spent preparing 0 JDBC statements;\n    0 nanoseconds spent executing 0 JDBC statements;\n    0 nanoseconds spent executing 0 JDBC batches;\n    0 nanoseconds spent performing 0 L2C puts;\n    0 nanoseconds spent performing 0 L2C hits;\n    0 nanoseconds spent performing 0 L2C misses;\n    0 nanoseconds spent executing 0 flushes (flushing a total of 0 entities and 0 collections);\n    0 nanoseconds spent executing 0 pre-partial-flushes;\n    0 nanoseconds spent executing 0 partial-flushes (flushing a total of 0 entities and 0 collections)\n}","logger_name":"org.hibernate.engine.internal.StatisticalLoggingSessionEventListener","thread_name":"main","level":"INFO","level_value":20000}
{"@timestamp":"2026-05-16T21:47:43.650861+02:00","@version":"1","message":"spring.jpa.open-in-view is enabled by default. Therefore, database queries may be performed during view rendering. Explicitly configure spring.jpa.open-in-view to disable this warning","logger_name":"org.springframework.boot.autoconfigure.orm.jpa.JpaBaseConfiguration$JpaWebConfiguration","thread_name":"main","level":"WARN","level_value":30000}
{"@timestamp":"2026-05-16T21:47:44.8654285+02:00","@version":"1","message":"H2 console available at '/h2-console'. Database available at 'jdbc:h2:mem:mydb'","logger_name":"org.springframework.boot.autoconfigure.h2.H2ConsoleAutoConfiguration","thread_name":"main","level":"INFO","level_value":20000}
{"@timestamp":"2026-05-16T21:47:44.913423+02:00","@version":"1","message":"Exposing 3 endpoints beneath base path '/actuator'","logger_name":"org.springframework.boot.actuate.endpoint.web.EndpointLinksResolver","thread_name":"main","level":"INFO","level_value":20000}
{"@timestamp":"2026-05-16T21:47:45.2149762+02:00","@version":"1","message":"Starting ProtocolHandler [\"http-nio-8080\"]","logger_name":"org.apache.coyote.http11.Http11NioProtocol","thread_name":"main","level":"INFO","level_value":20000}
{"@timestamp":"2026-05-16T21:47:45.2444906+02:00","@version":"1","message":"Tomcat started on port 8080 (http) with context path '/'","logger_name":"org.springframework.boot.web.embedded.tomcat.TomcatWebServer","thread_name":"main","level":"INFO","level_value":20000}
{"@timestamp":"2026-05-16T21:47:45.2869876+02:00","@version":"1","message":"Started PaymentServiceApplication in 15.162 seconds (process running for 16.215)","logger_name":"com.phyriak.PaymentServiceApplication","thread_name":"main","level":"INFO","level_value":20000}
{"@timestamp":"2026-05-16T21:47:48.4566885+02:00","@version":"1","message":"Initializing Spring DispatcherServlet 'dispatcherServlet'","logger_name":"org.apache.catalina.core.ContainerBase.[Tomcat].[localhost].[/]","thread_name":"http-nio-8080-exec-1","level":"INFO","level_value":20000}
{"@timestamp":"2026-05-16T21:47:48.4566885+02:00","@version":"1","message":"Initializing Servlet 'dispatcherServlet'","logger_name":"org.springframework.web.servlet.DispatcherServlet","thread_name":"http-nio-8080-exec-1","level":"INFO","level_value":20000}
{"@timestamp":"2026-05-16T21:47:48.458691+02:00","@version":"1","message":"Completed initialization in 2 ms","logger_name":"org.springframework.web.servlet.DispatcherServlet","thread_name":"http-nio-8080-exec-1","level":"INFO","level_value":20000}
{"@timestamp":"2026-05-16T21:47:48.9601817+02:00","@version":"1","message":"Job: [SimpleJob: [name=paymentImportJob]] launched with the following parameters: [{'filePath':'{value=C:\\Users\\piotr\\AppData\\Local\\Temp\\payments-6008382352625729896.csv, type=class java.lang.String, identifying=true}','time':'{value=1778960868893, type=class java.lang.Long, identifying=true}'}]","logger_name":"org.springframework.batch.core.launch.support.TaskExecutorJobLauncher","thread_name":"http-nio-8080-exec-3","level":"INFO","level_value":20000,"traceId":"4aa2ba2767d7abeb4dae3b28c2480875","spanId":"28784e672b1a1e0a"}
{"@timestamp":"2026-05-16T21:47:48.9717684+02:00","@version":"1","message":"The meter (MeterId{name='spring.batch.job.active', tags=[tag(application=payment-service),tag(spring.batch.job.name=paymentImportJob),tag(spring.batch.job.status=UNKNOWN)]}) registration has failed: Prometheus requires that all meters with the same name have the same set of tag keys. There is already an existing meter named 'spring_batch_job_active_seconds' containing tag keys [application, spring_batch_job_active_name]. The meter you are attempting to register has keys [application, spring_batch_job_name, spring_batch_job_status]. Note that subsequent logs will be logged at debug level.","logger_name":"io.micrometer.prometheusmetrics.PrometheusMeterRegistry","thread_name":"http-nio-8080-exec-3","level":"WARN","level_value":30000,"traceId":"4aa2ba2767d7abeb4dae3b28c2480875","spanId":"28784e672b1a1e0a"}
{"@timestamp":"2026-05-16T21:47:48.9953573+02:00","@version":"1","message":"Executing step: [paymentImportStep]","logger_name":"org.springframework.batch.core.job.SimpleStepHandler","thread_name":"http-nio-8080-exec-3","level":"INFO","level_value":20000,"traceId":"4aa2ba2767d7abeb4dae3b28c2480875","spanId":"1645553a74a7c71b"}
{"@timestamp":"2026-05-16T21:47:51.6125086+02:00","@version":"1","message":"Step: [paymentImportStep] executed in 2s616ms","logger_name":"org.springframework.batch.core.step.AbstractStep","thread_name":"http-nio-8080-exec-3","level":"INFO","level_value":20000,"traceId":"4aa2ba2767d7abeb4dae3b28c2480875","spanId":"1645553a74a7c71b"}
{"@timestamp":"2026-05-16T21:47:51.637791+02:00","@version":"1","message":"Job: [SimpleJob: [name=paymentImportJob]] completed with the following parameters: [{'filePath':'{value=C:\\Users\\piotr\\AppData\\Local\\Temp\\payments-6008382352625729896.csv, type=class java.lang.String, identifying=true}','time':'{value=1778960868893, type=class java.lang.Long, identifying=true}'}] and the following status: [COMPLETED] in 2s659ms","logger_name":"org.springframework.batch.core.launch.support.TaskExecutorJobLauncher","thread_name":"http-nio-8080-exec-3","level":"INFO","level_value":20000,"traceId":"4aa2ba2767d7abeb4dae3b28c2480875","spanId":"28784e672b1a1e0a"}
{"@timestamp":"2026-05-16T21:47:51.6667868+02:00","@version":"1","message":"Session Metrics {\n    153400 nanoseconds spent acquiring 1 JDBC connections;\n    0 nanoseconds spent releasing 0 JDBC connections;\n    9954500 nanoseconds spent preparing 211 JDBC statements;\n    32953600 nanoseconds spent executing 201 JDBC statements;\n    310547600 nanoseconds spent executing 10 JDBC batches;\n    0 nanoseconds spent performing 0 L2C puts;\n    0 nanoseconds spent performing 0 L2C hits;\n    0 nanoseconds spent performing 0 L2C misses;\n    954804500 nanoseconds spent executing 10 flushes (flushing a total of 10000 entities and 0 collections);\n    0 nanoseconds spent executing 0 pre-partial-flushes;\n    0 nanoseconds spent executing 0 partial-flushes (flushing a total of 0 entities and 0 collections)\n}","logger_name":"org.hibernate.engine.internal.StatisticalLoggingSessionEventListener","thread_name":"http-nio-8080-exec-3","level":"INFO","level_value":20000,"traceId":"4aa2ba2767d7abeb4dae3b28c2480875","spanId":"28784e672b1a1e0a"}
{"@timestamp":"2026-05-16T21:47:56.4588996+02:00","@version":"1","message":"Processing payment for userId: 22345, amount: 150.75, currency: EUR","logger_name":"com.phyriak.service.PaymentService","thread_name":"http-nio-8080-exec-5","level":"INFO","level_value":20000,"traceId":"d2d1e0efaa9dda88062e76dada0f45b2","spanId":"f2c91274896a542a"}
{"@timestamp":"2026-05-16T21:47:56.4935857+02:00","@version":"1","message":"Processing async payment 10001","logger_name":"com.phyriak.service.PaymentService","thread_name":"virtual-63","level":"INFO","level_value":20000}
{"@timestamp":"2026-05-16T21:47:56.5887711+02:00","@version":"1","message":"Session Metrics {\n    42100 nanoseconds spent acquiring 1 JDBC connections;\n    0 nanoseconds spent releasing 0 JDBC connections;\n    29800 nanoseconds spent preparing 1 JDBC statements;\n    0 nanoseconds spent executing 0 JDBC statements;\n    375100 nanoseconds spent executing 1 JDBC batches;\n    0 nanoseconds spent performing 0 L2C puts;\n    0 nanoseconds spent performing 0 L2C hits;\n    0 nanoseconds spent performing 0 L2C misses;\n    1271800 nanoseconds spent executing 1 flushes (flushing a total of 1 entities and 0 collections);\n    0 nanoseconds spent executing 0 pre-partial-flushes;\n    0 nanoseconds spent executing 0 partial-flushes (flushing a total of 0 entities and 0 collections)\n}","logger_name":"org.hibernate.engine.internal.StatisticalLoggingSessionEventListener","thread_name":"http-nio-8080-exec-5","level":"INFO","level_value":20000,"traceId":"d2d1e0efaa9dda88062e76dada0f45b2","spanId":"f2c91274896a542a"}
{"@timestamp":"2026-05-16T21:47:56.6379984+02:00","@version":"1","message":"Session Metrics {\n    150900 nanoseconds spent acquiring 1 JDBC connections;\n    0 nanoseconds spent releasing 0 JDBC connections;\n    1498400 nanoseconds spent preparing 1 JDBC statements;\n    773600 nanoseconds spent executing 1 JDBC statements;\n    0 nanoseconds spent executing 0 JDBC batches;\n    0 nanoseconds spent performing 0 L2C puts;\n    0 nanoseconds spent performing 0 L2C hits;\n    0 nanoseconds spent performing 0 L2C misses;\n    0 nanoseconds spent executing 0 flushes (flushing a total of 0 entities and 0 collections);\n    0 nanoseconds spent executing 0 pre-partial-flushes;\n    0 nanoseconds spent executing 0 partial-flushes (flushing a total of 0 entities and 0 collections)\n}","logger_name":"org.hibernate.engine.internal.StatisticalLoggingSessionEventListener","thread_name":"virtual-63","level":"INFO","level_value":20000}
{"@timestamp":"2026-05-16T21:47:56.672302+02:00","@version":"1","message":"Session Metrics {\n    96800 nanoseconds spent acquiring 1 JDBC connections;\n    0 nanoseconds spent releasing 0 JDBC connections;\n    423200 nanoseconds spent preparing 2 JDBC statements;\n    671900 nanoseconds spent executing 1 JDBC statements;\n    578600 nanoseconds spent executing 1 JDBC batches;\n    0 nanoseconds spent performing 0 L2C puts;\n    0 nanoseconds spent performing 0 L2C hits;\n    0 nanoseconds spent performing 0 L2C misses;\n    24851800 nanoseconds spent executing 1 flushes (flushing a total of 1 entities and 0 collections);\n    0 nanoseconds spent executing 0 pre-partial-flushes;\n    0 nanoseconds spent executing 0 partial-flushes (flushing a total of 0 entities and 0 collections)\n}","logger_name":"org.hibernate.engine.internal.StatisticalLoggingSessionEventListener","thread_name":"virtual-63","level":"INFO","level_value":20000}
{"@timestamp":"2026-05-16T21:50:07.7852265+02:00","@version":"1","message":"Processing payment for userId: 22345, amount: 150.75, currency: EUR","logger_name":"com.phyriak.service.PaymentService","thread_name":"http-nio-8080-exec-4","level":"INFO","level_value":20000,"traceId":"11d52a47ab72f1f4683a7c8d69a2fc0e","spanId":"a813741cf1ffc62b"}
{"@timestamp":"2026-05-16T21:50:07.7862282+02:00","@version":"1","message":"Processing async payment 10002","logger_name":"com.phyriak.service.PaymentService","thread_name":"virtual-73","level":"INFO","level_value":20000}
{"@timestamp":"2026-05-16T21:50:07.7891861+02:00","@version":"1","message":"Session Metrics {\n    43700 nanoseconds spent acquiring 1 JDBC connections;\n    0 nanoseconds spent releasing 0 JDBC connections;\n    20000 nanoseconds spent preparing 1 JDBC statements;\n    237800 nanoseconds spent executing 1 JDBC statements;\n    0 nanoseconds spent executing 0 JDBC batches;\n    0 nanoseconds spent performing 0 L2C puts;\n    0 nanoseconds spent performing 0 L2C hits;\n    0 nanoseconds spent performing 0 L2C misses;\n    0 nanoseconds spent executing 0 flushes (flushing a total of 0 entities and 0 collections);\n    0 nanoseconds spent executing 0 pre-partial-flushes;\n    0 nanoseconds spent executing 0 partial-flushes (flushing a total of 0 entities and 0 collections)\n}","logger_name":"org.hibernate.engine.internal.StatisticalLoggingSessionEventListener","thread_name":"virtual-73","level":"INFO","level_value":20000}
{"@timestamp":"2026-05-16T21:50:07.7891861+02:00","@version":"1","message":"Session Metrics {\n    111500 nanoseconds spent acquiring 1 JDBC connections;\n    0 nanoseconds spent releasing 0 JDBC connections;\n    47600 nanoseconds spent preparing 2 JDBC statements;\n    155100 nanoseconds spent executing 1 JDBC statements;\n    178200 nanoseconds spent executing 1 JDBC batches;\n    0 nanoseconds spent performing 0 L2C puts;\n    0 nanoseconds spent performing 0 L2C hits;\n    0 nanoseconds spent performing 0 L2C misses;\n    752100 nanoseconds spent executing 1 flushes (flushing a total of 1 entities and 0 collections);\n    0 nanoseconds spent executing 0 pre-partial-flushes;\n    0 nanoseconds spent executing 0 partial-flushes (flushing a total of 0 entities and 0 collections)\n}","logger_name":"org.hibernate.engine.internal.StatisticalLoggingSessionEventListener","thread_name":"http-nio-8080-exec-4","level":"INFO","level_value":20000,"traceId":"11d52a47ab72f1f4683a7c8d69a2fc0e","spanId":"a813741cf1ffc62b"}
{"@timestamp":"2026-05-16T21:50:07.7927044+02:00","@version":"1","message":"Session Metrics {\n    25400 nanoseconds spent acquiring 1 JDBC connections;\n    0 nanoseconds spent releasing 0 JDBC connections;\n    55800 nanoseconds spent preparing 2 JDBC statements;\n    217600 nanoseconds spent executing 1 JDBC statements;\n    257200 nanoseconds spent executing 1 JDBC batches;\n    0 nanoseconds spent performing 0 L2C puts;\n    0 nanoseconds spent performing 0 L2C hits;\n    0 nanoseconds spent performing 0 L2C misses;\n    1116300 nanoseconds spent executing 1 flushes (flushing a total of 1 entities and 0 collections);\n    0 nanoseconds spent executing 0 pre-partial-flushes;\n    0 nanoseconds spent executing 0 partial-flushes (flushing a total of 0 entities and 0 collections)\n}","logger_name":"org.hibernate.engine.internal.StatisticalLoggingSessionEventListener","thread_name":"virtual-73","level":"INFO","level_value":20000}
{"@timestamp":"2026-05-16T22:01:13.0149964+02:00","@version":"1","message":"Failed to export spans. The request could not be executed. Full error message: Failed to connect to localhost/[0:0:0:0:0:0:0:1]:4320","logger_name":"io.opentelemetry.exporter.internal.http.HttpExporter","thread_name":"OkHttp http://localhost:4320/...","level":"ERROR","level_value":40000,"stack_trace":"java.net.ConnectException: Failed to connect to localhost/[0:0:0:0:0:0:0:1]:4320\r\n\tat okhttp3.internal.connection.RealConnection.connectSocket(RealConnection.kt:297)\r\n\tat okhttp3.internal.connection.RealConnection.connect(RealConnection.kt:207)\r\n\tat okhttp3.internal.connection.ExchangeFinder.findConnection(ExchangeFinder.kt:226)\r\n\tat okhttp3.internal.connection.ExchangeFinder.findHealthyConnection(ExchangeFinder.kt:106)\r\n\tat okhttp3.internal.connection.ExchangeFinder.find(ExchangeFinder.kt:74)\r\n\tat okhttp3.internal.connection.RealCall.initExchange$okhttp(RealCall.kt:255)\r\n\tat okhttp3.internal.connection.ConnectInterceptor.intercept(ConnectInterceptor.kt:32)\r\n\tat okhttp3.internal.http.RealInterceptorChain.proceed(RealInterceptorChain.kt:109)\r\n\tat okhttp3.internal.cache.CacheInterceptor.intercept(CacheInterceptor.kt:95)\r\n\tat okhttp3.internal.http.RealInterceptorChain.proceed(RealInterceptorChain.kt:109)\r\n\tat okhttp3.internal.http.BridgeInterceptor.intercept(BridgeInterceptor.kt:83)\r\n\tat okhttp3.internal.http.RealInterceptorChain.proceed(RealInterceptorChain.kt:109)\r\n\tat okhttp3.internal.http.RetryAndFollowUpInterceptor.intercept(RetryAndFollowUpInterceptor.kt:76)\r\n\tat okhttp3.internal.http.RealInterceptorChain.proceed(RealInterceptorChain.kt:109)\r\n\tat io.opentelemetry.exporter.sender.okhttp.internal.RetryInterceptor.intercept(RetryInterceptor.java:96)\r\n\tat okhttp3.internal.http.RealInterceptorChain.proceed(RealInterceptorChain.kt:109)\r\n\tat okhttp3.internal.connection.RealCall.getResponseWithInterceptorChain$okhttp(RealCall.kt:201)\r\n\tat okhttp3.internal.connection.RealCall$AsyncCall.run(RealCall.kt:517)\r\n\tat java.base/java.util.concurrent.ThreadPoolExecutor.runWorker(ThreadPoolExecutor.java:1144)\r\n\tat java.base/java.util.concurrent.ThreadPoolExecutor$Worker.run(ThreadPoolExecutor.java:642)\r\n\tat java.base/java.lang.Thread.run(Thread.java:1583)\r\n\tSuppressed: java.net.ConnectException: Failed to connect to localhost/127.0.0.1:4320\r\n\t\t... 21 common frames omitted\r\n\tCaused by: java.net.ConnectException: Connection refused: getsockopt\r\n\t\tat java.base/sun.nio.ch.Net.pollConnect(Native Method)\r\n\t\tat java.base/sun.nio.ch.Net.pollConnectNow(Net.java:682)\r\n\t\tat java.base/sun.nio.ch.NioSocketImpl.timedFinishConnect(NioSocketImpl.java:542)\r\n\t\tat java.base/sun.nio.ch.NioSocketImpl.connect(NioSocketImpl.java:592)\r\n\t\tat java.base/java.net.SocksSocketImpl.connect(SocksSocketImpl.java:327)\r\n\t\tat java.base/java.net.Socket.connect(Socket.java:751)\r\n\t\tat okhttp3.internal.platform.Platform.connectSocket(Platform.kt:128)\r\n\t\tat okhttp3.internal.connection.RealConnection.connectSocket(RealConnection.kt:295)\r\n\t\t... 20 common frames omitted\r\nCaused by: java.net.ConnectException: Connection refused: getsockopt\r\n\tat java.base/sun.nio.ch.Net.pollConnect(Native Method)\r\n\tat java.base/sun.nio.ch.Net.pollConnectNow(Net.java:682)\r\n\tat java.base/sun.nio.ch.NioSocketImpl.timedFinishConnect(NioSocketImpl.java:542)\r\n\tat java.base/sun.nio.ch.NioSocketImpl.connect(NioSocketImpl.java:592)\r\n\tat java.base/java.net.SocksSocketImpl.connect(SocksSocketImpl.java:327)\r\n\tat java.base/java.net.Socket.connect(Socket.java:751)\r\n\tat okhttp3.internal.platform.Platform.connectSocket(Platform.kt:128)\r\n\tat okhttp3.internal.connection.RealConnection.connectSocket(RealConnection.kt:295)\r\n\t... 20 common frames omitted\r\n"}
{"@timestamp":"2026-05-16T22:01:13.3346444+02:00","@version":"1","message":"Commencing graceful shutdown. Waiting for active requests to complete","logger_name":"org.springframework.boot.web.embedded.tomcat.GracefulShutdown","thread_name":"SpringApplicationShutdownHook","level":"INFO","level_value":20000}
{"@timestamp":"2026-05-16T22:01:13.3468093+02:00","@version":"1","message":"Graceful shutdown complete","logger_name":"org.springframework.boot.web.embedded.tomcat.GracefulShutdown","thread_name":"tomcat-shutdown","level":"INFO","level_value":20000}
{"@timestamp":"2026-05-16T22:01:13.3547762+02:00","@version":"1","message":"Closing JPA EntityManagerFactory for persistence unit 'default'","logger_name":"org.springframework.orm.jpa.LocalContainerEntityManagerFactoryBean","thread_name":"SpringApplicationShutdownHook","level":"INFO","level_value":20000}
{"@timestamp":"2026-05-16T22:01:13.3647807+02:00","@version":"1","message":"HikariPool-1 - Shutdown initiated...","logger_name":"com.zaxxer.hikari.HikariDataSource","thread_name":"SpringApplicationShutdownHook","level":"INFO","level_value":20000}
{"@timestamp":"2026-05-16T22:01:13.3724918+02:00","@version":"1","message":"HikariPool-1 - Shutdown completed.","logger_name":"com.zaxxer.hikari.HikariDataSource","thread_name":"SpringApplicationShutdownHook","level":"INFO","level_value":20000}
{"@timestamp":"2026-05-17T13:50:18.0918383+02:00","@version":"1","message":"HV000001: Hibernate Validator 8.0.3.Final","logger_name":"org.hibernate.validator.internal.util.Version","thread_name":"background-preinit","level":"INFO","level_value":20000}
{"@timestamp":"2026-05-17T13:50:18.1864524+02:00","@version":"1","message":"Starting PaymentServiceApplication using Java 21.0.7 with PID 21724 (C:\\Users\\piotr\\Workspace\\payment-service\\target\\classes started by piotr in C:\\Users\\piotr\\Workspace\\payment-service)","logger_name":"com.phyriak.PaymentServiceApplication","thread_name":"main","level":"INFO","level_value":20000}
{"@timestamp":"2026-05-17T13:50:18.1874645+02:00","@version":"1","message":"No active profile set, falling back to 1 default profile: \"default\"","logger_name":"com.phyriak.PaymentServiceApplication","thread_name":"main","level":"INFO","level_value":20000}
{"@timestamp":"2026-05-17T13:50:20.5248491+02:00","@version":"1","message":"Bootstrapping Spring Data JPA repositories in DEFAULT mode.","logger_name":"org.springframework.data.repository.config.RepositoryConfigurationDelegate","thread_name":"main","level":"INFO","level_value":20000}
{"@timestamp":"2026-05-17T13:50:20.6295921+02:00","@version":"1","message":"Finished Spring Data repository scanning in 86 ms. Found 1 JPA repository interface.","logger_name":"org.springframework.data.repository.config.RepositoryConfigurationDelegate","thread_name":"main","level":"INFO","level_value":20000}
{"@timestamp":"2026-05-17T13:50:21.5650666+02:00","@version":"1","message":"Tomcat initialized with port 8080 (http)","logger_name":"org.springframework.boot.web.embedded.tomcat.TomcatWebServer","thread_name":"main","level":"INFO","level_value":20000}
{"@timestamp":"2026-05-17T13:50:21.5894619+02:00","@version":"1","message":"Initializing ProtocolHandler [\"http-nio-8080\"]","logger_name":"org.apache.coyote.http11.Http11NioProtocol","thread_name":"main","level":"INFO","level_value":20000}
{"@timestamp":"2026-05-17T13:50:21.5921062+02:00","@version":"1","message":"Starting service [Tomcat]","logger_name":"org.apache.catalina.core.StandardService","thread_name":"main","level":"INFO","level_value":20000}
{"@timestamp":"2026-05-17T13:50:21.5921062+02:00","@version":"1","message":"Starting Servlet engine: [Apache Tomcat/10.1.50]","logger_name":"org.apache.catalina.core.StandardEngine","thread_name":"main","level":"INFO","level_value":20000}
{"@timestamp":"2026-05-17T13:50:21.7188079+02:00","@version":"1","message":"Initializing Spring embedded WebApplicationContext","logger_name":"org.apache.catalina.core.ContainerBase.[Tomcat].[localhost].[/]","thread_name":"main","level":"INFO","level_value":20000}
{"@timestamp":"2026-05-17T13:50:21.7198837+02:00","@version":"1","message":"Root WebApplicationContext: initialization completed in 3447 ms","logger_name":"org.springframework.boot.web.servlet.context.ServletWebServerApplicationContext","thread_name":"main","level":"INFO","level_value":20000}
{"@timestamp":"2026-05-17T13:50:22.5099767+02:00","@version":"1","message":"HikariPool-1 - Starting...","logger_name":"com.zaxxer.hikari.HikariDataSource","thread_name":"main","level":"INFO","level_value":20000}
{"@timestamp":"2026-05-17T13:50:22.7847608+02:00","@version":"1","message":"HikariPool-1 - Added connection conn0: url=jdbc:h2:mem:mydb user=SA","logger_name":"com.zaxxer.hikari.pool.HikariPool","thread_name":"main","level":"INFO","level_value":20000}
{"@timestamp":"2026-05-17T13:50:22.7867635+02:00","@version":"1","message":"HikariPool-1 - Start completed.","logger_name":"com.zaxxer.hikari.HikariDataSource","thread_name":"main","level":"INFO","level_value":20000}
{"@timestamp":"2026-05-17T13:50:22.9735051+02:00","@version":"1","message":"HHH000204: Processing PersistenceUnitInfo [name: default]","logger_name":"org.hibernate.jpa.internal.util.LogHelper","thread_name":"main","level":"INFO","level_value":20000}
{"@timestamp":"2026-05-17T13:50:23.0905888+02:00","@version":"1","message":"HHH000412: Hibernate ORM core version 6.6.41.Final","logger_name":"org.hibernate.Version","thread_name":"main","level":"INFO","level_value":20000}
{"@timestamp":"2026-05-17T13:50:23.1480065+02:00","@version":"1","message":"HHH000026: Second-level cache disabled","logger_name":"org.hibernate.cache.internal.RegionFactoryInitiator","thread_name":"main","level":"INFO","level_value":20000}
{"@timestamp":"2026-05-17T13:50:23.5836314+02:00","@version":"1","message":"No LoadTimeWeaver setup: ignoring JPA class transformer","logger_name":"org.springframework.orm.jpa.persistenceunit.SpringPersistenceUnitInfo","thread_name":"main","level":"INFO","level_value":20000}
{"@timestamp":"2026-05-17T13:50:23.6404488+02:00","@version":"1","message":"HHH90000025: H2Dialect does not need to be specified explicitly using 'hibernate.dialect' (remove the property setting and it will be selected by default)","logger_name":"org.hibernate.orm.deprecation","thread_name":"main","level":"WARN","level_value":30000}
{"@timestamp":"2026-05-17T13:50:23.6594711+02:00","@version":"1","message":"HHH10001005: Database info:\n\tDatabase JDBC URL [Connecting through datasource 'HikariDataSource (HikariPool-1)']\n\tDatabase driver: undefined/unknown\n\tDatabase version: 2.2.224\n\tAutocommit mode: undefined/unknown\n\tIsolation level: undefined/unknown\n\tMinimum pool size: undefined/unknown\n\tMaximum pool size: undefined/unknown","logger_name":"org.hibernate.orm.connections.pooling","thread_name":"main","level":"INFO","level_value":20000}
{"@timestamp":"2026-05-17T13:50:24.8097158+02:00","@version":"1","message":"HHH000489: No JTA platform available (set 'hibernate.transaction.jta.platform' to enable JTA platform integration)","logger_name":"org.hibernate.engine.transaction.jta.platform.internal.JtaPlatformInitiator","thread_name":"main","level":"INFO","level_value":20000}
{"@timestamp":"2026-05-17T13:50:24.8490325+02:00","@version":"1","message":"Initialized JPA EntityManagerFactory for persistence unit 'default'","logger_name":"org.springframework.orm.jpa.LocalContainerEntityManagerFactoryBean","thread_name":"main","level":"INFO","level_value":20000}
{"@timestamp":"2026-05-17T13:50:25.7672741+02:00","@version":"1","message":"Session Metrics {\n    0 nanoseconds spent acquiring 0 JDBC connections;\n    0 nanoseconds spent releasing 0 JDBC connections;\n    0 nanoseconds spent preparing 0 JDBC statements;\n    0 nanoseconds spent executing 0 JDBC statements;\n    0 nanoseconds spent executing 0 JDBC batches;\n    0 nanoseconds spent performing 0 L2C puts;\n    0 nanoseconds spent performing 0 L2C hits;\n    0 nanoseconds spent performing 0 L2C misses;\n    0 nanoseconds spent executing 0 flushes (flushing a total of 0 entities and 0 collections);\n    0 nanoseconds spent executing 0 pre-partial-flushes;\n    0 nanoseconds spent executing 0 partial-flushes (flushing a total of 0 entities and 0 collections)\n}","logger_name":"org.hibernate.engine.internal.StatisticalLoggingSessionEventListener","thread_name":"main","level":"INFO","level_value":20000}
{"@timestamp":"2026-05-17T13:50:25.7932691+02:00","@version":"1","message":"Hibernate is in classpath; If applicable, HQL parser will be used.","logger_name":"org.springframework.data.jpa.repository.query.QueryEnhancerFactory","thread_name":"main","level":"INFO","level_value":20000}
{"@timestamp":"2026-05-17T13:50:26.3940977+02:00","@version":"1","message":"Session Metrics {\n    0 nanoseconds spent acquiring 0 JDBC connections;\n    0 nanoseconds spent releasing 0 JDBC connections;\n    0 nanoseconds spent preparing 0 JDBC statements;\n    0 nanoseconds spent executing 0 JDBC statements;\n    0 nanoseconds spent executing 0 JDBC batches;\n    0 nanoseconds spent performing 0 L2C puts;\n    0 nanoseconds spent performing 0 L2C hits;\n    0 nanoseconds spent performing 0 L2C misses;\n    0 nanoseconds spent executing 0 flushes (flushing a total of 0 entities and 0 collections);\n    0 nanoseconds spent executing 0 pre-partial-flushes;\n    0 nanoseconds spent executing 0 partial-flushes (flushing a total of 0 entities and 0 collections)\n}","logger_name":"org.hibernate.engine.internal.StatisticalLoggingSessionEventListener","thread_name":"main","level":"INFO","level_value":20000}
{"@timestamp":"2026-05-17T13:50:26.6064136+02:00","@version":"1","message":"spring.jpa.open-in-view is enabled by default. Therefore, database queries may be performed during view rendering. Explicitly configure spring.jpa.open-in-view to disable this warning","logger_name":"org.springframework.boot.autoconfigure.orm.jpa.JpaBaseConfiguration$JpaWebConfiguration","thread_name":"main","level":"WARN","level_value":30000}
{"@timestamp":"2026-05-17T13:50:27.3318724+02:00","@version":"1","message":"H2 console available at '/h2-console'. Database available at 'jdbc:h2:mem:mydb'","logger_name":"org.springframework.boot.autoconfigure.h2.H2ConsoleAutoConfiguration","thread_name":"main","level":"INFO","level_value":20000}
{"@timestamp":"2026-05-17T13:50:27.3585771+02:00","@version":"1","message":"Exposing 3 endpoints beneath base path '/actuator'","logger_name":"org.springframework.boot.actuate.endpoint.web.EndpointLinksResolver","thread_name":"main","level":"INFO","level_value":20000}
{"@timestamp":"2026-05-17T13:50:27.4664065+02:00","@version":"1","message":"Starting ProtocolHandler [\"http-nio-8080\"]","logger_name":"org.apache.coyote.http11.Http11NioProtocol","thread_name":"main","level":"INFO","level_value":20000}
{"@timestamp":"2026-05-17T13:50:27.4838629+02:00","@version":"1","message":"Tomcat started on port 8080 (http) with context path '/'","logger_name":"org.springframework.boot.web.embedded.tomcat.TomcatWebServer","thread_name":"main","level":"INFO","level_value":20000}
{"@timestamp":"2026-05-17T13:50:27.5054138+02:00","@version":"1","message":"Started PaymentServiceApplication in 10.564 seconds (process running for 19.239)","logger_name":"com.phyriak.PaymentServiceApplication","thread_name":"main","level":"INFO","level_value":20000}
{"@timestamp":"2026-05-17T13:51:37.3327812+02:00","@version":"1","message":"Initializing Spring DispatcherServlet 'dispatcherServlet'","logger_name":"org.apache.catalina.core.ContainerBase.[Tomcat].[localhost].[/]","thread_name":"http-nio-8080-exec-1","level":"INFO","level_value":20000}
{"@timestamp":"2026-05-17T13:51:37.3327812+02:00","@version":"1","message":"Initializing Servlet 'dispatcherServlet'","logger_name":"org.springframework.web.servlet.DispatcherServlet","thread_name":"http-nio-8080-exec-1","level":"INFO","level_value":20000}
{"@timestamp":"2026-05-17T13:51:37.3348547+02:00","@version":"1","message":"Completed initialization in 1 ms","logger_name":"org.springframework.web.servlet.DispatcherServlet","thread_name":"http-nio-8080-exec-1","level":"INFO","level_value":20000}
{"@timestamp":"2026-05-17T14:36:59.68461+02:00","@version":"1","message":"Job: [SimpleJob: [name=paymentImportJob]] launched with the following parameters: [{'filePath':'{value=C:\\Users\\piotr\\AppData\\Local\\Temp\\payments-17324184514881944057.csv, type=class java.lang.String, identifying=true}','time':'{value=1779021419588, type=class java.lang.Long, identifying=true}'}]","logger_name":"org.springframework.batch.core.launch.support.TaskExecutorJobLauncher","thread_name":"http-nio-8080-exec-7","level":"INFO","level_value":20000,"traceId":"2eeefda7813d04435b41ae231ec18f5c","spanId":"69151de41c359dff"}
{"@timestamp":"2026-05-17T14:36:59.6983803+02:00","@version":"1","message":"The meter (MeterId{name='spring.batch.job.active', tags=[tag(application=payment-service),tag(spring.batch.job.name=paymentImportJob),tag(spring.batch.job.status=UNKNOWN)]}) registration has failed: Prometheus requires that all meters with the same name have the same set of tag keys. There is already an existing meter named 'spring_batch_job_active_seconds' containing tag keys [application, spring_batch_job_active_name]. The meter you are attempting to register has keys [application, spring_batch_job_name, spring_batch_job_status]. Note that subsequent logs will be logged at debug level.","logger_name":"io.micrometer.prometheusmetrics.PrometheusMeterRegistry","thread_name":"http-nio-8080-exec-7","level":"WARN","level_value":30000,"traceId":"2eeefda7813d04435b41ae231ec18f5c","spanId":"69151de41c359dff"}
{"@timestamp":"2026-05-17T14:36:59.722837+02:00","@version":"1","message":"Executing step: [paymentImportStep]","logger_name":"org.springframework.batch.core.job.SimpleStepHandler","thread_name":"http-nio-8080-exec-7","level":"INFO","level_value":20000,"traceId":"2eeefda7813d04435b41ae231ec18f5c","spanId":"6a5bf8ddb6f4274f"}
{"@timestamp":"2026-05-17T14:37:01.4196568+02:00","@version":"1","message":"Step: [paymentImportStep] executed in 1s695ms","logger_name":"org.springframework.batch.core.step.AbstractStep","thread_name":"http-nio-8080-exec-7","level":"INFO","level_value":20000,"traceId":"2eeefda7813d04435b41ae231ec18f5c","spanId":"6a5bf8ddb6f4274f"}
{"@timestamp":"2026-05-17T14:37:01.4311933+02:00","@version":"1","message":"Job: [SimpleJob: [name=paymentImportJob]] completed with the following parameters: [{'filePath':'{value=C:\\Users\\piotr\\AppData\\Local\\Temp\\payments-17324184514881944057.csv, type=class java.lang.String, identifying=true}','time':'{value=1779021419588, type=class java.lang.Long, identifying=true}'}] and the following status: [COMPLETED] in 1s729ms","logger_name":"org.springframework.batch.core.launch.support.TaskExecutorJobLauncher","thread_name":"http-nio-8080-exec-7","level":"INFO","level_value":20000,"traceId":"2eeefda7813d04435b41ae231ec18f5c","spanId":"69151de41c359dff"}
{"@timestamp":"2026-05-17T14:37:01.4467304+02:00","@version":"1","message":"Session Metrics {\n    279800 nanoseconds spent acquiring 1 JDBC connections;\n    0 nanoseconds spent releasing 0 JDBC connections;\n    7957900 nanoseconds spent preparing 211 JDBC statements;\n    27844600 nanoseconds spent executing 201 JDBC statements;\n    175523800 nanoseconds spent executing 10 JDBC batches;\n    0 nanoseconds spent performing 0 L2C puts;\n    0 nanoseconds spent performing 0 L2C hits;\n    0 nanoseconds spent performing 0 L2C misses;\n    618728200 nanoseconds spent executing 10 flushes (flushing a total of 10000 entities and 0 collections);\n    0 nanoseconds spent executing 0 pre-partial-flushes;\n    0 nanoseconds spent executing 0 partial-flushes (flushing a total of 0 entities and 0 collections)\n}","logger_name":"org.hibernate.engine.internal.StatisticalLoggingSessionEventListener","thread_name":"http-nio-8080-exec-7","level":"INFO","level_value":20000,"traceId":"2eeefda7813d04435b41ae231ec18f5c","spanId":"69151de41c359dff"}
{"@timestamp":"2026-05-17T14:39:05.7705441+02:00","@version":"1","message":"Processing payment for userId: 22345, amount: 150.75, currency: EUR","logger_name":"com.phyriak.service.PaymentService","thread_name":"http-nio-8080-exec-5","level":"INFO","level_value":20000,"traceId":"7b882b9fd043db10a7e6f15126bb401a","spanId":"00a4cb17a63a3877"}
{"@timestamp":"2026-05-17T14:39:05.8028066+02:00","@version":"1","message":"Processing async payment 10001","logger_name":"com.phyriak.service.PaymentService","thread_name":"virtual-85","level":"INFO","level_value":20000}
{"@timestamp":"2026-05-17T14:39:05.8552888+02:00","@version":"1","message":"Session Metrics {\n    52600 nanoseconds spent acquiring 1 JDBC connections;\n    0 nanoseconds spent releasing 0 JDBC connections;\n    194000 nanoseconds spent preparing 1 JDBC statements;\n    0 nanoseconds spent executing 0 JDBC statements;\n    403100 nanoseconds spent executing 1 JDBC batches;\n    0 nanoseconds spent performing 0 L2C puts;\n    0 nanoseconds spent performing 0 L2C hits;\n    0 nanoseconds spent performing 0 L2C misses;\n    2722100 nanoseconds spent executing 1 flushes (flushing a total of 1 entities and 0 collections);\n    0 nanoseconds spent executing 0 pre-partial-flushes;\n    0 nanoseconds spent executing 0 partial-flushes (flushing a total of 0 entities and 0 collections)\n}","logger_name":"org.hibernate.engine.internal.StatisticalLoggingSessionEventListener","thread_name":"http-nio-8080-exec-5","level":"INFO","level_value":20000,"traceId":"7b882b9fd043db10a7e6f15126bb401a","spanId":"00a4cb17a63a3877"}
{"@timestamp":"2026-05-17T14:39:05.8998031+02:00","@version":"1","message":"Session Metrics {\n    42500 nanoseconds spent acquiring 1 JDBC connections;\n    0 nanoseconds spent releasing 0 JDBC connections;\n    389900 nanoseconds spent preparing 1 JDBC statements;\n    339000 nanoseconds spent executing 1 JDBC statements;\n    0 nanoseconds spent executing 0 JDBC batches;\n    0 nanoseconds spent performing 0 L2C puts;\n    0 nanoseconds spent performing 0 L2C hits;\n    0 nanoseconds spent performing 0 L2C misses;\n    0 nanoseconds spent executing 0 flushes (flushing a total of 0 entities and 0 collections);\n    0 nanoseconds spent executing 0 pre-partial-flushes;\n    0 nanoseconds spent executing 0 partial-flushes (flushing a total of 0 entities and 0 collections)\n}","logger_name":"org.hibernate.engine.internal.StatisticalLoggingSessionEventListener","thread_name":"virtual-85","level":"INFO","level_value":20000}
{"@timestamp":"2026-05-17T14:39:05.9221247+02:00","@version":"1","message":"Session Metrics {\n    61200 nanoseconds spent acquiring 1 JDBC connections;\n    0 nanoseconds spent releasing 0 JDBC connections;\n    602100 nanoseconds spent preparing 2 JDBC statements;\n    133400 nanoseconds spent executing 1 JDBC statements;\n    352000 nanoseconds spent executing 1 JDBC batches;\n    0 nanoseconds spent performing 0 L2C puts;\n    0 nanoseconds spent performing 0 L2C hits;\n    0 nanoseconds spent performing 0 L2C misses;\n    15831500 nanoseconds spent executing 1 flushes (flushing a total of 1 entities and 0 collections);\n    0 nanoseconds spent executing 0 pre-partial-flushes;\n    0 nanoseconds spent executing 0 partial-flushes (flushing a total of 0 entities and 0 collections)\n}","logger_name":"org.hibernate.engine.internal.StatisticalLoggingSessionEventListener","thread_name":"virtual-85","level":"INFO","level_value":20000}
{"@timestamp":"2026-05-17T14:56:44.7513625+02:00","@version":"1","message":"Session Metrics {\n    76300 nanoseconds spent acquiring 1 JDBC connections;\n    0 nanoseconds spent releasing 0 JDBC connections;\n    702900 nanoseconds spent preparing 1 JDBC statements;\n    400100 nanoseconds spent executing 1 JDBC statements;\n    0 nanoseconds spent executing 0 JDBC batches;\n    0 nanoseconds spent performing 0 L2C puts;\n    0 nanoseconds spent performing 0 L2C hits;\n    0 nanoseconds spent performing 0 L2C misses;\n    0 nanoseconds spent executing 0 flushes (flushing a total of 0 entities and 0 collections);\n    0 nanoseconds spent executing 0 pre-partial-flushes;\n    0 nanoseconds spent executing 0 partial-flushes (flushing a total of 0 entities and 0 collections)\n}","logger_name":"org.hibernate.engine.internal.StatisticalLoggingSessionEventListener","thread_name":"http-nio-8080-exec-9","level":"INFO","level_value":20000,"traceId":"7612dd053de4ee7c38aaa17f660124e4","spanId":"9a5ea1af6930836b"}
{"@timestamp":"2026-05-17T14:56:57.1843084+02:00","@version":"1","message":"Session Metrics {\n    66200 nanoseconds spent acquiring 1 JDBC connections;\n    0 nanoseconds spent releasing 0 JDBC connections;\n    17000 nanoseconds spent preparing 1 JDBC statements;\n    140500 nanoseconds spent executing 1 JDBC statements;\n    0 nanoseconds spent executing 0 JDBC batches;\n    0 nanoseconds spent performing 0 L2C puts;\n    0 nanoseconds spent performing 0 L2C hits;\n    0 nanoseconds spent performing 0 L2C misses;\n    0 nanoseconds spent executing 0 flushes (flushing a total of 0 entities and 0 collections);\n    0 nanoseconds spent executing 0 pre-partial-flushes;\n    0 nanoseconds spent executing 0 partial-flushes (flushing a total of 0 entities and 0 collections)\n}","logger_name":"org.hibernate.engine.internal.StatisticalLoggingSessionEventListener","thread_name":"http-nio-8080-exec-4","level":"INFO","level_value":20000,"traceId":"ebca173633f4e14a0d8a0586fcd4a94b","spanId":"328e644d1aedd446"}
{"@timestamp":"2026-05-17T15:01:59.5352487+02:00","@version":"1","message":"Session Metrics {\n    71600 nanoseconds spent acquiring 1 JDBC connections;\n    0 nanoseconds spent releasing 0 JDBC connections;\n    35100 nanoseconds spent preparing 1 JDBC statements;\n    162400 nanoseconds spent executing 1 JDBC statements;\n    0 nanoseconds spent executing 0 JDBC batches;\n    0 nanoseconds spent performing 0 L2C puts;\n    0 nanoseconds spent performing 0 L2C hits;\n    0 nanoseconds spent performing 0 L2C misses;\n    0 nanoseconds spent executing 0 flushes (flushing a total of 0 entities and 0 collections);\n    0 nanoseconds spent executing 0 pre-partial-flushes;\n    0 nanoseconds spent executing 0 partial-flushes (flushing a total of 0 entities and 0 collections)\n}","logger_name":"org.hibernate.engine.internal.StatisticalLoggingSessionEventListener","thread_name":"http-nio-8080-exec-7","level":"INFO","level_value":20000,"traceId":"14693e5852281c7e288d294f81f8c9f3","spanId":"2461bc4b346e24e0"}
{"@timestamp":"2026-05-17T15:03:01.2707318+02:00","@version":"1","message":"Session Metrics {\n    68200 nanoseconds spent acquiring 1 JDBC connections;\n    0 nanoseconds spent releasing 0 JDBC connections;\n    43500 nanoseconds spent preparing 1 JDBC statements;\n    190400 nanoseconds spent executing 1 JDBC statements;\n    0 nanoseconds spent executing 0 JDBC batches;\n    0 nanoseconds spent performing 0 L2C puts;\n    0 nanoseconds spent performing 0 L2C hits;\n    0 nanoseconds spent performing 0 L2C misses;\n    0 nanoseconds spent executing 0 flushes (flushing a total of 0 entities and 0 collections);\n    0 nanoseconds spent executing 0 pre-partial-flushes;\n    0 nanoseconds spent executing 0 partial-flushes (flushing a total of 0 entities and 0 collections)\n}","logger_name":"org.hibernate.engine.internal.StatisticalLoggingSessionEventListener","thread_name":"http-nio-8080-exec-2","level":"INFO","level_value":20000,"traceId":"3fc9c1b32051bc91488d5d7b6b20ee41","spanId":"31a76a1c38b31355"}
{"@timestamp":"2026-05-17T15:03:05.7881811+02:00","@version":"1","message":"Processing payment for userId: 22345, amount: 150.75, currency: EUR","logger_name":"com.phyriak.service.PaymentService","thread_name":"http-nio-8080-exec-4","level":"INFO","level_value":20000,"traceId":"61259c4b2db88024d407f7687312b522","spanId":"d971755884b00194"}
{"@timestamp":"2026-05-17T15:03:05.7903129+02:00","@version":"1","message":"Processing async payment 10002","logger_name":"com.phyriak.service.PaymentService","thread_name":"virtual-107","level":"INFO","level_value":20000}
{"@timestamp":"2026-05-17T15:03:05.7933115+02:00","@version":"1","message":"Session Metrics {\n    23100 nanoseconds spent acquiring 1 JDBC connections;\n    0 nanoseconds spent releasing 0 JDBC connections;\n    563400 nanoseconds spent preparing 2 JDBC statements;\n    201000 nanoseconds spent executing 1 JDBC statements;\n    378900 nanoseconds spent executing 1 JDBC batches;\n    0 nanoseconds spent performing 0 L2C puts;\n    0 nanoseconds spent performing 0 L2C hits;\n    0 nanoseconds spent performing 0 L2C misses;\n    1988100 nanoseconds spent executing 1 flushes (flushing a total of 1 entities and 0 collections);\n    0 nanoseconds spent executing 0 pre-partial-flushes;\n    0 nanoseconds spent executing 0 partial-flushes (flushing a total of 0 entities and 0 collections)\n}","logger_name":"org.hibernate.engine.internal.StatisticalLoggingSessionEventListener","thread_name":"http-nio-8080-exec-4","level":"INFO","level_value":20000,"traceId":"61259c4b2db88024d407f7687312b522","spanId":"d971755884b00194"}
{"@timestamp":"2026-05-17T15:03:05.7953133+02:00","@version":"1","message":"Session Metrics {\n    60700 nanoseconds spent acquiring 1 JDBC connections;\n    0 nanoseconds spent releasing 0 JDBC connections;\n    1031400 nanoseconds spent preparing 1 JDBC statements;\n    269000 nanoseconds spent executing 1 JDBC statements;\n    0 nanoseconds spent executing 0 JDBC batches;\n    0 nanoseconds spent performing 0 L2C puts;\n    0 nanoseconds spent performing 0 L2C hits;\n    0 nanoseconds spent performing 0 L2C misses;\n    0 nanoseconds spent executing 0 flushes (flushing a total of 0 entities and 0 collections);\n    0 nanoseconds spent executing 0 pre-partial-flushes;\n    0 nanoseconds spent executing 0 partial-flushes (flushing a total of 0 entities and 0 collections)\n}","logger_name":"org.hibernate.engine.internal.StatisticalLoggingSessionEventListener","thread_name":"virtual-107","level":"INFO","level_value":20000}
{"@timestamp":"2026-05-17T15:03:05.7988332+02:00","@version":"1","message":"Session Metrics {\n    23000 nanoseconds spent acquiring 1 JDBC connections;\n    0 nanoseconds spent releasing 0 JDBC connections;\n    256000 nanoseconds spent preparing 2 JDBC statements;\n    116900 nanoseconds spent executing 1 JDBC statements;\n    253800 nanoseconds spent executing 1 JDBC batches;\n    0 nanoseconds spent performing 0 L2C puts;\n    0 nanoseconds spent performing 0 L2C hits;\n    0 nanoseconds spent performing 0 L2C misses;\n    1156100 nanoseconds spent executing 1 flushes (flushing a total of 1 entities and 0 collections);\n    0 nanoseconds spent executing 0 pre-partial-flushes;\n    0 nanoseconds spent executing 0 partial-flushes (flushing a total of 0 entities and 0 collections)\n}","logger_name":"org.hibernate.engine.internal.StatisticalLoggingSessionEventListener","thread_name":"virtual-107","level":"INFO","level_value":20000}
{"@timestamp":"2026-05-17T15:06:59.7737408+02:00","@version":"1","message":"Commencing graceful shutdown. Waiting for active requests to complete","logger_name":"org.springframework.boot.web.embedded.tomcat.GracefulShutdown","thread_name":"SpringApplicationShutdownHook","level":"INFO","level_value":20000}
{"@timestamp":"2026-05-17T15:06:59.7823646+02:00","@version":"1","message":"Graceful shutdown complete","logger_name":"org.springframework.boot.web.embedded.tomcat.GracefulShutdown","thread_name":"tomcat-shutdown","level":"INFO","level_value":20000}
{"@timestamp":"2026-05-17T15:06:59.7883395+02:00","@version":"1","message":"Closing JPA EntityManagerFactory for persistence unit 'default'","logger_name":"org.springframework.orm.jpa.LocalContainerEntityManagerFactoryBean","thread_name":"SpringApplicationShutdownHook","level":"INFO","level_value":20000}
{"@timestamp":"2026-05-17T15:06:59.7941687+02:00","@version":"1","message":"HikariPool-1 - Shutdown initiated...","logger_name":"com.zaxxer.hikari.HikariDataSource","thread_name":"SpringApplicationShutdownHook","level":"INFO","level_value":20000}
{"@timestamp":"2026-05-17T15:06:59.7968169+02:00","@version":"1","message":"HikariPool-1 - Shutdown completed.","logger_name":"com.zaxxer.hikari.HikariDataSource","thread_name":"SpringApplicationShutdownHook","level":"INFO","level_value":20000}
{"@timestamp":"2026-05-17T15:07:04.7895878+02:00","@version":"1","message":"HV000001: Hibernate Validator 8.0.3.Final","logger_name":"org.hibernate.validator.internal.util.Version","thread_name":"background-preinit","level":"INFO","level_value":20000}
{"@timestamp":"2026-05-17T15:07:04.8545925+02:00","@version":"1","message":"Starting PaymentServiceApplication using Java 21.0.7 with PID 22224 (C:\\Users\\piotr\\Workspace\\payment-service\\target\\classes started by piotr in C:\\Users\\piotr\\Workspace\\payment-service)","logger_name":"com.phyriak.PaymentServiceApplication","thread_name":"main","level":"INFO","level_value":20000}
{"@timestamp":"2026-05-17T15:07:04.8556438+02:00","@version":"1","message":"No active profile set, falling back to 1 default profile: \"default\"","logger_name":"com.phyriak.PaymentServiceApplication","thread_name":"main","level":"INFO","level_value":20000}
{"@timestamp":"2026-05-17T15:07:06.5888342+02:00","@version":"1","message":"Bootstrapping Spring Data JPA repositories in DEFAULT mode.","logger_name":"org.springframework.data.repository.config.RepositoryConfigurationDelegate","thread_name":"main","level":"INFO","level_value":20000}
{"@timestamp":"2026-05-17T15:07:06.6704099+02:00","@version":"1","message":"Finished Spring Data repository scanning in 70 ms. Found 1 JPA repository interface.","logger_name":"org.springframework.data.repository.config.RepositoryConfigurationDelegate","thread_name":"main","level":"INFO","level_value":20000}
{"@timestamp":"2026-05-17T15:07:07.6975322+02:00","@version":"1","message":"Tomcat initialized with port 8080 (http)","logger_name":"org.springframework.boot.web.embedded.tomcat.TomcatWebServer","thread_name":"main","level":"INFO","level_value":20000}
{"@timestamp":"2026-05-17T15:07:07.7181639+02:00","@version":"1","message":"Initializing ProtocolHandler [\"http-nio-8080\"]","logger_name":"org.apache.coyote.http11.Http11NioProtocol","thread_name":"main","level":"INFO","level_value":20000}
{"@timestamp":"2026-05-17T15:07:07.7215465+02:00","@version":"1","message":"Starting service [Tomcat]","logger_name":"org.apache.catalina.core.StandardService","thread_name":"main","level":"INFO","level_value":20000}
{"@timestamp":"2026-05-17T15:07:07.7215465+02:00","@version":"1","message":"Starting Servlet engine: [Apache Tomcat/10.1.50]","logger_name":"org.apache.catalina.core.StandardEngine","thread_name":"main","level":"INFO","level_value":20000}
{"@timestamp":"2026-05-17T15:07:07.8215547+02:00","@version":"1","message":"Initializing Spring embedded WebApplicationContext","logger_name":"org.apache.catalina.core.ContainerBase.[Tomcat].[localhost].[/]","thread_name":"main","level":"INFO","level_value":20000}
{"@timestamp":"2026-05-17T15:07:07.8226308+02:00","@version":"1","message":"Root WebApplicationContext: initialization completed in 2897 ms","logger_name":"org.springframework.boot.web.servlet.context.ServletWebServerApplicationContext","thread_name":"main","level":"INFO","level_value":20000}
{"@timestamp":"2026-05-17T15:07:08.5029994+02:00","@version":"1","message":"HikariPool-1 - Starting...","logger_name":"com.zaxxer.hikari.HikariDataSource","thread_name":"main","level":"INFO","level_value":20000}
{"@timestamp":"2026-05-17T15:07:08.7330183+02:00","@version":"1","message":"HikariPool-1 - Added connection conn0: url=jdbc:h2:mem:mydb user=SA","logger_name":"com.zaxxer.hikari.pool.HikariPool","thread_name":"main","level":"INFO","level_value":20000}
{"@timestamp":"2026-05-17T15:07:08.7340219+02:00","@version":"1","message":"HikariPool-1 - Start completed.","logger_name":"com.zaxxer.hikari.HikariDataSource","thread_name":"main","level":"INFO","level_value":20000}
{"@timestamp":"2026-05-17T15:07:08.9276728+02:00","@version":"1","message":"HHH000204: Processing PersistenceUnitInfo [name: default]","logger_name":"org.hibernate.jpa.internal.util.LogHelper","thread_name":"main","level":"INFO","level_value":20000}
{"@timestamp":"2026-05-17T15:07:09.0157116+02:00","@version":"1","message":"HHH000412: Hibernate ORM core version 6.6.41.Final","logger_name":"org.hibernate.Version","thread_name":"main","level":"INFO","level_value":20000}
{"@timestamp":"2026-05-17T15:07:09.0575434+02:00","@version":"1","message":"HHH000026: Second-level cache disabled","logger_name":"org.hibernate.cache.internal.RegionFactoryInitiator","thread_name":"main","level":"INFO","level_value":20000}
{"@timestamp":"2026-05-17T15:07:09.3764047+02:00","@version":"1","message":"No LoadTimeWeaver setup: ignoring JPA class transformer","logger_name":"org.springframework.orm.jpa.persistenceunit.SpringPersistenceUnitInfo","thread_name":"main","level":"INFO","level_value":20000}
{"@timestamp":"2026-05-17T15:07:09.4379965+02:00","@version":"1","message":"HHH90000025: H2Dialect does not need to be specified explicitly using 'hibernate.dialect' (remove the property setting and it will be selected by default)","logger_name":"org.hibernate.orm.deprecation","thread_name":"main","level":"WARN","level_value":30000}
{"@timestamp":"2026-05-17T15:07:09.4567069+02:00","@version":"1","message":"HHH10001005: Database info:\n\tDatabase JDBC URL [Connecting through datasource 'HikariDataSource (HikariPool-1)']\n\tDatabase driver: undefined/unknown\n\tDatabase version: 2.2.224\n\tAutocommit mode: undefined/unknown\n\tIsolation level: undefined/unknown\n\tMinimum pool size: undefined/unknown\n\tMaximum pool size: undefined/unknown","logger_name":"org.hibernate.orm.connections.pooling","thread_name":"main","level":"INFO","level_value":20000}
{"@timestamp":"2026-05-17T15:07:10.4596977+02:00","@version":"1","message":"HHH000489: No JTA platform available (set 'hibernate.transaction.jta.platform' to enable JTA platform integration)","logger_name":"org.hibernate.engine.transaction.jta.platform.internal.JtaPlatformInitiator","thread_name":"main","level":"INFO","level_value":20000}
{"@timestamp":"2026-05-17T15:07:10.4928796+02:00","@version":"1","message":"Initialized JPA EntityManagerFactory for persistence unit 'default'","logger_name":"org.springframework.orm.jpa.LocalContainerEntityManagerFactoryBean","thread_name":"main","level":"INFO","level_value":20000}
{"@timestamp":"2026-05-17T15:07:11.2392877+02:00","@version":"1","message":"Session Metrics {\n    0 nanoseconds spent acquiring 0 JDBC connections;\n    0 nanoseconds spent releasing 0 JDBC connections;\n    0 nanoseconds spent preparing 0 JDBC statements;\n    0 nanoseconds spent executing 0 JDBC statements;\n    0 nanoseconds spent executing 0 JDBC batches;\n    0 nanoseconds spent performing 0 L2C puts;\n    0 nanoseconds spent performing 0 L2C hits;\n    0 nanoseconds spent performing 0 L2C misses;\n    0 nanoseconds spent executing 0 flushes (flushing a total of 0 entities and 0 collections);\n    0 nanoseconds spent executing 0 pre-partial-flushes;\n    0 nanoseconds spent executing 0 partial-flushes (flushing a total of 0 entities and 0 collections)\n}","logger_name":"org.hibernate.engine.internal.StatisticalLoggingSessionEventListener","thread_name":"main","level":"INFO","level_value":20000}
{"@timestamp":"2026-05-17T15:07:11.2598623+02:00","@version":"1","message":"Hibernate is in classpath; If applicable, HQL parser will be used.","logger_name":"org.springframework.data.jpa.repository.query.QueryEnhancerFactory","thread_name":"main","level":"INFO","level_value":20000}
{"@timestamp":"2026-05-17T15:07:11.8007078+02:00","@version":"1","message":"Session Metrics {\n    0 nanoseconds spent acquiring 0 JDBC connections;\n    0 nanoseconds spent releasing 0 JDBC connections;\n    0 nanoseconds spent preparing 0 JDBC statements;\n    0 nanoseconds spent executing 0 JDBC statements;\n    0 nanoseconds spent executing 0 JDBC batches;\n    0 nanoseconds spent performing 0 L2C puts;\n    0 nanoseconds spent performing 0 L2C hits;\n    0 nanoseconds spent performing 0 L2C misses;\n    0 nanoseconds spent executing 0 flushes (flushing a total of 0 entities and 0 collections);\n    0 nanoseconds spent executing 0 pre-partial-flushes;\n    0 nanoseconds spent executing 0 partial-flushes (flushing a total of 0 entities and 0 collections)\n}","logger_name":"org.hibernate.engine.internal.StatisticalLoggingSessionEventListener","thread_name":"main","level":"INFO","level_value":20000}
{"@timestamp":"2026-05-17T15:07:11.9828072+02:00","@version":"1","message":"spring.jpa.open-in-view is enabled by default. Therefore, database queries may be performed during view rendering. Explicitly configure spring.jpa.open-in-view to disable this warning","logger_name":"org.springframework.boot.autoconfigure.orm.jpa.JpaBaseConfiguration$JpaWebConfiguration","thread_name":"main","level":"WARN","level_value":30000}
{"@timestamp":"2026-05-17T15:07:12.7510744+02:00","@version":"1","message":"H2 console available at '/h2-console'. Database available at 'jdbc:h2:mem:mydb'","logger_name":"org.springframework.boot.autoconfigure.h2.H2ConsoleAutoConfiguration","thread_name":"main","level":"INFO","level_value":20000}
{"@timestamp":"2026-05-17T15:07:12.7762489+02:00","@version":"1","message":"Exposing 3 endpoints beneath base path '/actuator'","logger_name":"org.springframework.boot.actuate.endpoint.web.EndpointLinksResolver","thread_name":"main","level":"INFO","level_value":20000}
{"@timestamp":"2026-05-17T15:07:12.88509+02:00","@version":"1","message":"Starting ProtocolHandler [\"http-nio-8080\"]","logger_name":"org.apache.coyote.http11.Http11NioProtocol","thread_name":"main","level":"INFO","level_value":20000}
{"@timestamp":"2026-05-17T15:07:12.9026808+02:00","@version":"1","message":"Tomcat started on port 8080 (http) with context path '/'","logger_name":"org.springframework.boot.web.embedded.tomcat.TomcatWebServer","thread_name":"main","level":"INFO","level_value":20000}
{"@timestamp":"2026-05-17T15:07:12.9294453+02:00","@version":"1","message":"Started PaymentServiceApplication in 9.116 seconds (process running for 9.695)","logger_name":"com.phyriak.PaymentServiceApplication","thread_name":"main","level":"INFO","level_value":20000}
{"@timestamp":"2026-05-17T15:07:16.9751602+02:00","@version":"1","message":"Initializing Spring DispatcherServlet 'dispatcherServlet'","logger_name":"org.apache.catalina.core.ContainerBase.[Tomcat].[localhost].[/]","thread_name":"http-nio-8080-exec-1","level":"INFO","level_value":20000}
{"@timestamp":"2026-05-17T15:07:16.9761603+02:00","@version":"1","message":"Initializing Servlet 'dispatcherServlet'","logger_name":"org.springframework.web.servlet.DispatcherServlet","thread_name":"http-nio-8080-exec-1","level":"INFO","level_value":20000}
{"@timestamp":"2026-05-17T15:07:16.9772392+02:00","@version":"1","message":"Completed initialization in 1 ms","logger_name":"org.springframework.web.servlet.DispatcherServlet","thread_name":"http-nio-8080-exec-1","level":"INFO","level_value":20000}
{"@timestamp":"2026-05-17T15:07:38.364775+02:00","@version":"1","message":"Job: [SimpleJob: [name=paymentImportJob]] launched with the following parameters: [{'filePath':'{value=C:\\Users\\piotr\\AppData\\Local\\Temp\\payments-9971411464769408220.csv, type=class java.lang.String, identifying=true}','time':'{value=1779023258318, type=class java.lang.Long, identifying=true}'}]","logger_name":"org.springframework.batch.core.launch.support.TaskExecutorJobLauncher","thread_name":"http-nio-8080-exec-7","level":"INFO","level_value":20000,"traceId":"35d5670fe2d682c4ed8b8b59617a144f","spanId":"60e30d101d87ebaa"}
{"@timestamp":"2026-05-17T15:07:38.3738883+02:00","@version":"1","message":"The meter (MeterId{name='spring.batch.job.active', tags=[tag(application=payment-service),tag(spring.batch.job.name=paymentImportJob),tag(spring.batch.job.status=UNKNOWN)]}) registration has failed: Prometheus requires that all meters with the same name have the same set of tag keys. There is already an existing meter named 'spring_batch_job_active_seconds' containing tag keys [application, spring_batch_job_active_name]. The meter you are attempting to register has keys [application, spring_batch_job_name, spring_batch_job_status]. Note that subsequent logs will be logged at debug level.","logger_name":"io.micrometer.prometheusmetrics.PrometheusMeterRegistry","thread_name":"http-nio-8080-exec-7","level":"WARN","level_value":30000,"traceId":"35d5670fe2d682c4ed8b8b59617a144f","spanId":"60e30d101d87ebaa"}
{"@timestamp":"2026-05-17T15:07:38.3937369+02:00","@version":"1","message":"Executing step: [paymentImportStep]","logger_name":"org.springframework.batch.core.job.SimpleStepHandler","thread_name":"http-nio-8080-exec-7","level":"INFO","level_value":20000,"traceId":"35d5670fe2d682c4ed8b8b59617a144f","spanId":"c1e417968183856f"}
{"@timestamp":"2026-05-17T15:07:40.1697168+02:00","@version":"1","message":"Step: [paymentImportStep] executed in 1s775ms","logger_name":"org.springframework.batch.core.step.AbstractStep","thread_name":"http-nio-8080-exec-7","level":"INFO","level_value":20000,"traceId":"35d5670fe2d682c4ed8b8b59617a144f","spanId":"c1e417968183856f"}
{"@timestamp":"2026-05-17T15:07:40.1807103+02:00","@version":"1","message":"Job: [SimpleJob: [name=paymentImportJob]] completed with the following parameters: [{'filePath':'{value=C:\\Users\\piotr\\AppData\\Local\\Temp\\payments-9971411464769408220.csv, type=class java.lang.String, identifying=true}','time':'{value=1779023258318, type=class java.lang.Long, identifying=true}'}] and the following status: [COMPLETED] in 1s804ms","logger_name":"org.springframework.batch.core.launch.support.TaskExecutorJobLauncher","thread_name":"http-nio-8080-exec-7","level":"INFO","level_value":20000,"traceId":"35d5670fe2d682c4ed8b8b59617a144f","spanId":"60e30d101d87ebaa"}
{"@timestamp":"2026-05-17T15:07:40.1906836+02:00","@version":"1","message":"Session Metrics {\n    152400 nanoseconds spent acquiring 1 JDBC connections;\n    0 nanoseconds spent releasing 0 JDBC connections;\n    9169000 nanoseconds spent preparing 211 JDBC statements;\n    25140100 nanoseconds spent executing 201 JDBC statements;\n    179321000 nanoseconds spent executing 10 JDBC batches;\n    0 nanoseconds spent performing 0 L2C puts;\n    0 nanoseconds spent performing 0 L2C hits;\n    0 nanoseconds spent performing 0 L2C misses;\n    592571700 nanoseconds spent executing 10 flushes (flushing a total of 10000 entities and 0 collections);\n    0 nanoseconds spent executing 0 pre-partial-flushes;\n    0 nanoseconds spent executing 0 partial-flushes (flushing a total of 0 entities and 0 collections)\n}","logger_name":"org.hibernate.engine.internal.StatisticalLoggingSessionEventListener","thread_name":"http-nio-8080-exec-7","level":"INFO","level_value":20000,"traceId":"35d5670fe2d682c4ed8b8b59617a144f","spanId":"60e30d101d87ebaa"}
{"@timestamp":"2026-05-17T15:07:46.9633028+02:00","@version":"1","message":"Processing payment for userId: 22345, amount: 150.75, currency: EUR","logger_name":"com.phyriak.service.PaymentService","thread_name":"http-nio-8080-exec-9","level":"INFO","level_value":20000,"traceId":"c8873cd884980428d8f9579626a7d04d","spanId":"c417f6447bbaa9d3"}
{"@timestamp":"2026-05-17T15:07:46.9858072+02:00","@version":"1","message":"Processing async payment 10001","logger_name":"com.phyriak.service.PaymentService","thread_name":"virtual-63","level":"INFO","level_value":20000}
{"@timestamp":"2026-05-17T15:07:47.024913+02:00","@version":"1","message":"Session Metrics {\n    119500 nanoseconds spent acquiring 1 JDBC connections;\n    0 nanoseconds spent releasing 0 JDBC connections;\n    23400 nanoseconds spent preparing 1 JDBC statements;\n    0 nanoseconds spent executing 0 JDBC statements;\n    254800 nanoseconds spent executing 1 JDBC batches;\n    0 nanoseconds spent performing 0 L2C puts;\n    0 nanoseconds spent performing 0 L2C hits;\n    0 nanoseconds spent performing 0 L2C misses;\n    742100 nanoseconds spent executing 1 flushes (flushing a total of 1 entities and 0 collections);\n    0 nanoseconds spent executing 0 pre-partial-flushes;\n    0 nanoseconds spent executing 0 partial-flushes (flushing a total of 0 entities and 0 collections)\n}","logger_name":"org.hibernate.engine.internal.StatisticalLoggingSessionEventListener","thread_name":"http-nio-8080-exec-9","level":"INFO","level_value":20000,"traceId":"c8873cd884980428d8f9579626a7d04d","spanId":"c417f6447bbaa9d3"}
{"@timestamp":"2026-05-17T15:07:47.0627162+02:00","@version":"1","message":"Session Metrics {\n    43700 nanoseconds spent acquiring 1 JDBC connections;\n    0 nanoseconds spent releasing 0 JDBC connections;\n    412100 nanoseconds spent preparing 1 JDBC statements;\n    496100 nanoseconds spent executing 1 JDBC statements;\n    0 nanoseconds spent executing 0 JDBC batches;\n    0 nanoseconds spent performing 0 L2C puts;\n    0 nanoseconds spent performing 0 L2C hits;\n    0 nanoseconds spent performing 0 L2C misses;\n    0 nanoseconds spent executing 0 flushes (flushing a total of 0 entities and 0 collections);\n    0 nanoseconds spent executing 0 pre-partial-flushes;\n    0 nanoseconds spent executing 0 partial-flushes (flushing a total of 0 entities and 0 collections)\n}","logger_name":"org.hibernate.engine.internal.StatisticalLoggingSessionEventListener","thread_name":"virtual-63","level":"INFO","level_value":20000}
{"@timestamp":"2026-05-17T15:07:47.0863951+02:00","@version":"1","message":"Session Metrics {\n    27600 nanoseconds spent acquiring 1 JDBC connections;\n    0 nanoseconds spent releasing 0 JDBC connections;\n    222400 nanoseconds spent preparing 2 JDBC statements;\n    194700 nanoseconds spent executing 1 JDBC statements;\n    446700 nanoseconds spent executing 1 JDBC batches;\n    0 nanoseconds spent performing 0 L2C puts;\n    0 nanoseconds spent performing 0 L2C hits;\n    0 nanoseconds spent performing 0 L2C misses;\n    17512600 nanoseconds spent executing 1 flushes (flushing a total of 1 entities and 0 collections);\n    0 nanoseconds spent executing 0 pre-partial-flushes;\n    0 nanoseconds spent executing 0 partial-flushes (flushing a total of 0 entities and 0 collections)\n}","logger_name":"org.hibernate.engine.internal.StatisticalLoggingSessionEventListener","thread_name":"virtual-63","level":"INFO","level_value":20000}
{"@timestamp":"2026-05-17T15:19:44.628471+02:00","@version":"1","message":"Session Metrics {\n    93300 nanoseconds spent acquiring 1 JDBC connections;\n    0 nanoseconds spent releasing 0 JDBC connections;\n    572800 nanoseconds spent preparing 1 JDBC statements;\n    406700 nanoseconds spent executing 1 JDBC statements;\n    0 nanoseconds spent executing 0 JDBC batches;\n    0 nanoseconds spent performing 0 L2C puts;\n    0 nanoseconds spent performing 0 L2C hits;\n    0 nanoseconds spent performing 0 L2C misses;\n    0 nanoseconds spent executing 0 flushes (flushing a total of 0 entities and 0 collections);\n    0 nanoseconds spent executing 0 pre-partial-flushes;\n    0 nanoseconds spent executing 0 partial-flushes (flushing a total of 0 entities and 0 collections)\n}","logger_name":"org.hibernate.engine.internal.StatisticalLoggingSessionEventListener","thread_name":"http-nio-8080-exec-6","level":"INFO","level_value":20000,"traceId":"d18f212a5bd844fd6def7bfb1fc8a508","spanId":"dad72e7ee9703315"}
{"@timestamp":"2026-05-17T15:19:53.2196368+02:00","@version":"1","message":"Session Metrics {\n    115800 nanoseconds spent acquiring 1 JDBC connections;\n    0 nanoseconds spent releasing 0 JDBC connections;\n    25400 nanoseconds spent preparing 1 JDBC statements;\n    138600 nanoseconds spent executing 1 JDBC statements;\n    0 nanoseconds spent executing 0 JDBC batches;\n    0 nanoseconds spent performing 0 L2C puts;\n    0 nanoseconds spent performing 0 L2C hits;\n    0 nanoseconds spent performing 0 L2C misses;\n    0 nanoseconds spent executing 0 flushes (flushing a total of 0 entities and 0 collections);\n    0 nanoseconds spent executing 0 pre-partial-flushes;\n    0 nanoseconds spent executing 0 partial-flushes (flushing a total of 0 entities and 0 collections)\n}","logger_name":"org.hibernate.engine.internal.StatisticalLoggingSessionEventListener","thread_name":"http-nio-8080-exec-10","level":"INFO","level_value":20000,"traceId":"ccbc8f8528660e64d7b7d3e6e752ebbc","spanId":"3a7a483b55dbb8f4"}
{"@timestamp":"2026-05-17T15:22:22.2562571+02:00","@version":"1","message":"Session Metrics {\n    98400 nanoseconds spent acquiring 1 JDBC connections;\n    0 nanoseconds spent releasing 0 JDBC connections;\n    23000 nanoseconds spent preparing 1 JDBC statements;\n    106700 nanoseconds spent executing 1 JDBC statements;\n    0 nanoseconds spent executing 0 JDBC batches;\n    0 nanoseconds spent performing 0 L2C puts;\n    0 nanoseconds spent performing 0 L2C hits;\n    0 nanoseconds spent performing 0 L2C misses;\n    0 nanoseconds spent executing 0 flushes (flushing a total of 0 entities and 0 collections);\n    0 nanoseconds spent executing 0 pre-partial-flushes;\n    0 nanoseconds spent executing 0 partial-flushes (flushing a total of 0 entities and 0 collections)\n}","logger_name":"org.hibernate.engine.internal.StatisticalLoggingSessionEventListener","thread_name":"http-nio-8080-exec-1","level":"INFO","level_value":20000,"traceId":"16e007463c4f6c7cbe1ad7342dadad39","spanId":"94412769b49a0811"}
{"@timestamp":"2026-05-17T15:24:09.3078025+02:00","@version":"1","message":"Session Metrics {\n    79000 nanoseconds spent acquiring 1 JDBC connections;\n    0 nanoseconds spent releasing 0 JDBC connections;\n    21700 nanoseconds spent preparing 1 JDBC statements;\n    104500 nanoseconds spent executing 1 JDBC statements;\n    0 nanoseconds spent executing 0 JDBC batches;\n    0 nanoseconds spent performing 0 L2C puts;\n    0 nanoseconds spent performing 0 L2C hits;\n    0 nanoseconds spent performing 0 L2C misses;\n    0 nanoseconds spent executing 0 flushes (flushing a total of 0 entities and 0 collections);\n    0 nanoseconds spent executing 0 pre-partial-flushes;\n    0 nanoseconds spent executing 0 partial-flushes (flushing a total of 0 entities and 0 collections)\n}","logger_name":"org.hibernate.engine.internal.StatisticalLoggingSessionEventListener","thread_name":"http-nio-8080-exec-6","level":"INFO","level_value":20000,"traceId":"59b14e97053a2d8de155d2209fbf37f2","spanId":"bd5e745df8608a4b"}
{"@timestamp":"2026-05-17T15:26:04.2964208+02:00","@version":"1","message":"Session Metrics {\n    89300 nanoseconds spent acquiring 1 JDBC connections;\n    0 nanoseconds spent releasing 0 JDBC connections;\n    36500 nanoseconds spent preparing 1 JDBC statements;\n    206100 nanoseconds spent executing 1 JDBC statements;\n    0 nanoseconds spent executing 0 JDBC batches;\n    0 nanoseconds spent performing 0 L2C puts;\n    0 nanoseconds spent performing 0 L2C hits;\n    0 nanoseconds spent performing 0 L2C misses;\n    0 nanoseconds spent executing 0 flushes (flushing a total of 0 entities and 0 collections);\n    0 nanoseconds spent executing 0 pre-partial-flushes;\n    0 nanoseconds spent executing 0 partial-flushes (flushing a total of 0 entities and 0 collections)\n}","logger_name":"org.hibernate.engine.internal.StatisticalLoggingSessionEventListener","thread_name":"http-nio-8080-exec-1","level":"INFO","level_value":20000,"traceId":"eabdf37784dfa0c257f8ce6a247af006","spanId":"503613f981dc1be3"}
{"@timestamp":"2026-05-17T15:26:50.7364727+02:00","@version":"1","message":"Session Metrics {\n    65100 nanoseconds spent acquiring 1 JDBC connections;\n    0 nanoseconds spent releasing 0 JDBC connections;\n    15200 nanoseconds spent preparing 1 JDBC statements;\n    103500 nanoseconds spent executing 1 JDBC statements;\n    0 nanoseconds spent executing 0 JDBC batches;\n    0 nanoseconds spent performing 0 L2C puts;\n    0 nanoseconds spent performing 0 L2C hits;\n    0 nanoseconds spent performing 0 L2C misses;\n    0 nanoseconds spent executing 0 flushes (flushing a total of 0 entities and 0 collections);\n    0 nanoseconds spent executing 0 pre-partial-flushes;\n    0 nanoseconds spent executing 0 partial-flushes (flushing a total of 0 entities and 0 collections)\n}","logger_name":"org.hibernate.engine.internal.StatisticalLoggingSessionEventListener","thread_name":"http-nio-8080-exec-1","level":"INFO","level_value":20000,"traceId":"4d7b9359d669e4e3c7125a509f84a5a5","spanId":"57ac446e47f8e50b"}
{"@timestamp":"2026-05-17T15:30:50.6113868+02:00","@version":"1","message":"Failed to export spans. The request could not be executed. Full error message: Failed to connect to localhost/[0:0:0:0:0:0:0:1]:4320","logger_name":"io.opentelemetry.exporter.internal.http.HttpExporter","thread_name":"OkHttp http://localhost:4320/...","level":"ERROR","level_value":40000,"stack_trace":"java.net.ConnectException: Failed to connect to localhost/[0:0:0:0:0:0:0:1]:4320\r\n\tat okhttp3.internal.connection.RealConnection.connectSocket(RealConnection.kt:297)\r\n\tat okhttp3.internal.connection.RealConnection.connect(RealConnection.kt:207)\r\n\tat okhttp3.internal.connection.ExchangeFinder.findConnection(ExchangeFinder.kt:226)\r\n\tat okhttp3.internal.connection.ExchangeFinder.findHealthyConnection(ExchangeFinder.kt:106)\r\n\tat okhttp3.internal.connection.ExchangeFinder.find(ExchangeFinder.kt:74)\r\n\tat okhttp3.internal.connection.RealCall.initExchange$okhttp(RealCall.kt:255)\r\n\tat okhttp3.internal.connection.ConnectInterceptor.intercept(ConnectInterceptor.kt:32)\r\n\tat okhttp3.internal.http.RealInterceptorChain.proceed(RealInterceptorChain.kt:109)\r\n\tat okhttp3.internal.cache.CacheInterceptor.intercept(CacheInterceptor.kt:95)\r\n\tat okhttp3.internal.http.RealInterceptorChain.proceed(RealInterceptorChain.kt:109)\r\n\tat okhttp3.internal.http.BridgeInterceptor.intercept(BridgeInterceptor.kt:83)\r\n\tat okhttp3.internal.http.RealInterceptorChain.proceed(RealInterceptorChain.kt:109)\r\n\tat okhttp3.internal.http.RetryAndFollowUpInterceptor.intercept(RetryAndFollowUpInterceptor.kt:76)\r\n\tat okhttp3.internal.http.RealInterceptorChain.proceed(RealInterceptorChain.kt:109)\r\n\tat io.opentelemetry.exporter.sender.okhttp.internal.RetryInterceptor.intercept(RetryInterceptor.java:96)\r\n\tat okhttp3.internal.http.RealInterceptorChain.proceed(RealInterceptorChain.kt:109)\r\n\tat okhttp3.internal.connection.RealCall.getResponseWithInterceptorChain$okhttp(RealCall.kt:201)\r\n\tat okhttp3.internal.connection.RealCall$AsyncCall.run(RealCall.kt:517)\r\n\tat java.base/java.util.concurrent.ThreadPoolExecutor.runWorker(ThreadPoolExecutor.java:1144)\r\n\tat java.base/java.util.concurrent.ThreadPoolExecutor$Worker.run(ThreadPoolExecutor.java:642)\r\n\tat java.base/java.lang.Thread.run(Thread.java:1583)\r\n\tSuppressed: java.net.ConnectException: Failed to connect to localhost/127.0.0.1:4320\r\n\t\t... 21 common frames omitted\r\n\tCaused by: java.net.ConnectException: Connection refused: getsockopt\r\n\t\tat java.base/sun.nio.ch.Net.pollConnect(Native Method)\r\n\t\tat java.base/sun.nio.ch.Net.pollConnectNow(Net.java:682)\r\n\t\tat java.base/sun.nio.ch.NioSocketImpl.timedFinishConnect(NioSocketImpl.java:542)\r\n\t\tat java.base/sun.nio.ch.NioSocketImpl.connect(NioSocketImpl.java:592)\r\n\t\tat java.base/java.net.SocksSocketImpl.connect(SocksSocketImpl.java:327)\r\n\t\tat java.base/java.net.Socket.connect(Socket.java:751)\r\n\t\tat okhttp3.internal.platform.Platform.connectSocket(Platform.kt:128)\r\n\t\tat okhttp3.internal.connection.RealConnection.connectSocket(RealConnection.kt:295)\r\n\t\t... 20 common frames omitted\r\nCaused by: java.net.ConnectException: Connection refused: getsockopt\r\n\tat java.base/sun.nio.ch.Net.pollConnect(Native Method)\r\n\tat java.base/sun.nio.ch.Net.pollConnectNow(Net.java:682)\r\n\tat java.base/sun.nio.ch.NioSocketImpl.timedFinishConnect(NioSocketImpl.java:542)\r\n\tat java.base/sun.nio.ch.NioSocketImpl.connect(NioSocketImpl.java:592)\r\n\tat java.base/java.net.SocksSocketImpl.connect(SocksSocketImpl.java:327)\r\n\tat java.base/java.net.Socket.connect(Socket.java:751)\r\n\tat okhttp3.internal.platform.Platform.connectSocket(Platform.kt:128)\r\n\tat okhttp3.internal.connection.RealConnection.connectSocket(RealConnection.kt:295)\r\n\t... 20 common frames omitted\r\n"}
{"@timestamp":"2026-05-17T15:31:45.7341745+02:00","@version":"1","message":"Failed to export spans. The request could not be executed. Full error message: unexpected end of stream on http://localhost:4320/...","logger_name":"io.opentelemetry.exporter.internal.http.HttpExporter","thread_name":"OkHttp http://localhost:4320/...","level":"ERROR","level_value":40000,"stack_trace":"java.io.IOException: unexpected end of stream on http://localhost:4320/...\r\n\tat okhttp3.internal.http1.Http1ExchangeCodec.readResponseHeaders(Http1ExchangeCodec.kt:210)\r\n\tat okhttp3.internal.connection.Exchange.readResponseHeaders(Exchange.kt:110)\r\n\tat okhttp3.internal.http.CallServerInterceptor.intercept(CallServerInterceptor.kt:93)\r\n\tat okhttp3.internal.http.RealInterceptorChain.proceed(RealInterceptorChain.kt:109)\r\n\tat okhttp3.internal.connection.ConnectInterceptor.intercept(ConnectInterceptor.kt:34)\r\n\tat okhttp3.internal.http.RealInterceptorChain.proceed(RealInterceptorChain.kt:109)\r\n\tat okhttp3.internal.cache.CacheInterceptor.intercept(CacheInterceptor.kt:95)\r\n\tat okhttp3.internal.http.RealInterceptorChain.proceed(RealInterceptorChain.kt:109)\r\n\tat okhttp3.internal.http.BridgeInterceptor.intercept(BridgeInterceptor.kt:83)\r\n\tat okhttp3.internal.http.RealInterceptorChain.proceed(RealInterceptorChain.kt:109)\r\n\tat okhttp3.internal.http.RetryAndFollowUpInterceptor.intercept(RetryAndFollowUpInterceptor.kt:76)\r\n\tat okhttp3.internal.http.RealInterceptorChain.proceed(RealInterceptorChain.kt:109)\r\n\tat io.opentelemetry.exporter.sender.okhttp.internal.RetryInterceptor.intercept(RetryInterceptor.java:96)\r\n\tat okhttp3.internal.http.RealInterceptorChain.proceed(RealInterceptorChain.kt:109)\r\n\tat okhttp3.internal.connection.RealCall.getResponseWithInterceptorChain$okhttp(RealCall.kt:201)\r\n\tat okhttp3.internal.connection.RealCall$AsyncCall.run(RealCall.kt:517)\r\n\tat java.base/java.util.concurrent.ThreadPoolExecutor.runWorker(ThreadPoolExecutor.java:1144)\r\n\tat java.base/java.util.concurrent.ThreadPoolExecutor$Worker.run(ThreadPoolExecutor.java:642)\r\n\tat java.base/java.lang.Thread.run(Thread.java:1583)\r\n\tSuppressed: java.io.IOException: unexpected end of stream on http://localhost:4320/...\r\n\t\t... 19 common frames omitted\r\n\tCaused by: java.io.EOFException: \\n not found: limit=0 content=…\r\n\t\tat okio.RealBufferedSource.readUtf8LineStrict(RealBufferedSource.kt:335)\r\n\t\tat okhttp3.internal.http1.HeadersReader.readLine(HeadersReader.kt:29)\r\n\t\tat okhttp3.internal.http1.Http1ExchangeCodec.readResponseHeaders(Http1ExchangeCodec.kt:180)\r\n\t\t... 18 common frames omitted\r\n\tSuppressed: java.io.IOException: unexpected end of stream on http://localhost:4320/...\r\n\t\t... 19 common frames omitted\r\n\tCaused by: java.io.EOFException: \\n not found: limit=0 content=…\r\n\t\tat okio.RealBufferedSource.readUtf8LineStrict(RealBufferedSource.kt:335)\r\n\t\tat okhttp3.internal.http1.HeadersReader.readLine(HeadersReader.kt:29)\r\n\t\tat okhttp3.internal.http1.Http1ExchangeCodec.readResponseHeaders(Http1ExchangeCodec.kt:180)\r\n\t\t... 18 common frames omitted\r\nCaused by: java.io.EOFException: \\n not found: limit=0 content=…\r\n\tat okio.RealBufferedSource.readUtf8LineStrict(RealBufferedSource.kt:335)\r\n\tat okhttp3.internal.http1.HeadersReader.readLine(HeadersReader.kt:29)\r\n\tat okhttp3.internal.http1.Http1ExchangeCodec.readResponseHeaders(Http1ExchangeCodec.kt:180)\r\n\t... 18 common frames omitted\r\n"}
{"@timestamp":"2026-05-17T15:32:21.7243881+02:00","@version":"1","message":"Job: [SimpleJob: [name=paymentImportJob]] launched with the following parameters: [{'filePath':'{value=C:\\Users\\piotr\\AppData\\Local\\Temp\\payments-6072700862130721654.csv, type=class java.lang.String, identifying=true}','time':'{value=1779024741719, type=class java.lang.Long, identifying=true}'}]","logger_name":"org.springframework.batch.core.launch.support.TaskExecutorJobLauncher","thread_name":"http-nio-8080-exec-2","level":"INFO","level_value":20000,"traceId":"91f51b08bbdfa0ed2df66008fb7c0d78","spanId":"32237cd51c6fa37c"}
{"@timestamp":"2026-05-17T15:32:21.729451+02:00","@version":"1","message":"Executing step: [paymentImportStep]","logger_name":"org.springframework.batch.core.job.SimpleStepHandler","thread_name":"http-nio-8080-exec-2","level":"INFO","level_value":20000,"traceId":"91f51b08bbdfa0ed2df66008fb7c0d78","spanId":"9683e66f897854a6"}
{"@timestamp":"2026-05-17T15:32:22.5357762+02:00","@version":"1","message":"Step: [paymentImportStep] executed in 806ms","logger_name":"org.springframework.batch.core.step.AbstractStep","thread_name":"http-nio-8080-exec-2","level":"INFO","level_value":20000,"traceId":"91f51b08bbdfa0ed2df66008fb7c0d78","spanId":"9683e66f897854a6"}
{"@timestamp":"2026-05-17T15:32:22.5418326+02:00","@version":"1","message":"Job: [SimpleJob: [name=paymentImportJob]] completed with the following parameters: [{'filePath':'{value=C:\\Users\\piotr\\AppData\\Local\\Temp\\payments-6072700862130721654.csv, type=class java.lang.String, identifying=true}','time':'{value=1779024741719, type=class java.lang.Long, identifying=true}'}] and the following status: [COMPLETED] in 814ms","logger_name":"org.springframework.batch.core.launch.support.TaskExecutorJobLauncher","thread_name":"http-nio-8080-exec-2","level":"INFO","level_value":20000,"traceId":"91f51b08bbdfa0ed2df66008fb7c0d78","spanId":"32237cd51c6fa37c"}
{"@timestamp":"2026-05-17T15:32:22.5443416+02:00","@version":"1","message":"Session Metrics {\n    70200 nanoseconds spent acquiring 1 JDBC connections;\n    0 nanoseconds spent releasing 0 JDBC connections;\n    4147800 nanoseconds spent preparing 210 JDBC statements;\n    15678100 nanoseconds spent executing 200 JDBC statements;\n    75262600 nanoseconds spent executing 10 JDBC batches;\n    0 nanoseconds spent performing 0 L2C puts;\n    0 nanoseconds spent performing 0 L2C hits;\n    0 nanoseconds spent performing 0 L2C misses;\n    276969700 nanoseconds spent executing 10 flushes (flushing a total of 10000 entities and 0 collections);\n    0 nanoseconds spent executing 0 pre-partial-flushes;\n    0 nanoseconds spent executing 0 partial-flushes (flushing a total of 0 entities and 0 collections)\n}","logger_name":"org.hibernate.engine.internal.StatisticalLoggingSessionEventListener","thread_name":"http-nio-8080-exec-2","level":"INFO","level_value":20000,"traceId":"91f51b08bbdfa0ed2df66008fb7c0d78","spanId":"32237cd51c6fa37c"}
{"@timestamp":"2026-05-17T15:37:38.5242479+02:00","@version":"1","message":"Job: [SimpleJob: [name=paymentImportJob]] launched with the following parameters: [{'filePath':'{value=C:\\Users\\piotr\\AppData\\Local\\Temp\\payments-11433169168426436178.csv, type=class java.lang.String, identifying=true}','time':'{value=1779025058519, type=class java.lang.Long, identifying=true}'}]","logger_name":"org.springframework.batch.core.launch.support.TaskExecutorJobLauncher","thread_name":"http-nio-8080-exec-7","level":"INFO","level_value":20000,"traceId":"8629824926289908ffb5f113800ce4f2","spanId":"85e8cddc1e9a7a87"}
{"@timestamp":"2026-05-17T15:37:38.529595+02:00","@version":"1","message":"Executing step: [paymentImportStep]","logger_name":"org.springframework.batch.core.job.SimpleStepHandler","thread_name":"http-nio-8080-exec-7","level":"INFO","level_value":20000,"traceId":"8629824926289908ffb5f113800ce4f2","spanId":"a2a2dbb4c9c2c8dc"}
{"@timestamp":"2026-05-17T15:37:39.0344752+02:00","@version":"1","message":"Step: [paymentImportStep] executed in 504ms","logger_name":"org.springframework.batch.core.step.AbstractStep","thread_name":"http-nio-8080-exec-7","level":"INFO","level_value":20000,"traceId":"8629824926289908ffb5f113800ce4f2","spanId":"a2a2dbb4c9c2c8dc"}
{"@timestamp":"2026-05-17T15:37:39.0394894+02:00","@version":"1","message":"Job: [SimpleJob: [name=paymentImportJob]] completed with the following parameters: [{'filePath':'{value=C:\\Users\\piotr\\AppData\\Local\\Temp\\payments-11433169168426436178.csv, type=class java.lang.String, identifying=true}','time':'{value=1779025058519, type=class java.lang.Long, identifying=true}'}] and the following status: [COMPLETED] in 513ms","logger_name":"org.springframework.batch.core.launch.support.TaskExecutorJobLauncher","thread_name":"http-nio-8080-exec-7","level":"INFO","level_value":20000,"traceId":"8629824926289908ffb5f113800ce4f2","spanId":"85e8cddc1e9a7a87"}
{"@timestamp":"2026-05-17T15:37:39.042055+02:00","@version":"1","message":"Session Metrics {\n    49800 nanoseconds spent acquiring 1 JDBC connections;\n    0 nanoseconds spent releasing 0 JDBC connections;\n    1925200 nanoseconds spent preparing 210 JDBC statements;\n    7791000 nanoseconds spent executing 200 JDBC statements;\n    46607000 nanoseconds spent executing 10 JDBC batches;\n    0 nanoseconds spent performing 0 L2C puts;\n    0 nanoseconds spent performing 0 L2C hits;\n    0 nanoseconds spent performing 0 L2C misses;\n    188274200 nanoseconds spent executing 10 flushes (flushing a total of 10000 entities and 0 collections);\n    0 nanoseconds spent executing 0 pre-partial-flushes;\n    0 nanoseconds spent executing 0 partial-flushes (flushing a total of 0 entities and 0 collections)\n}","logger_name":"org.hibernate.engine.internal.StatisticalLoggingSessionEventListener","thread_name":"http-nio-8080-exec-7","level":"INFO","level_value":20000,"traceId":"8629824926289908ffb5f113800ce4f2","spanId":"85e8cddc1e9a7a87"}
{"@timestamp":"2026-05-17T15:37:39.5200904+02:00","@version":"1","message":"Job: [SimpleJob: [name=paymentImportJob]] launched with the following parameters: [{'filePath':'{value=C:\\Users\\piotr\\AppData\\Local\\Temp\\payments-4157880164860772010.csv, type=class java.lang.String, identifying=true}','time':'{value=1779025059515, type=class java.lang.Long, identifying=true}'}]","logger_name":"org.springframework.batch.core.launch.support.TaskExecutorJobLauncher","thread_name":"http-nio-8080-exec-8","level":"INFO","level_value":20000,"traceId":"491aaf5de50fda9bf71e5be23fa5df09","spanId":"d87de28b9b29ba13"}
{"@timestamp":"2026-05-17T15:37:39.525088+02:00","@version":"1","message":"Executing step: [paymentImportStep]","logger_name":"org.springframework.batch.core.job.SimpleStepHandler","thread_name":"http-nio-8080-exec-8","level":"INFO","level_value":20000,"traceId":"491aaf5de50fda9bf71e5be23fa5df09","spanId":"7d2a2a2d5ed611aa"}
{"@timestamp":"2026-05-17T15:37:40.1172208+02:00","@version":"1","message":"Step: [paymentImportStep] executed in 592ms","logger_name":"org.springframework.batch.core.step.AbstractStep","thread_name":"http-nio-8080-exec-8","level":"INFO","level_value":20000,"traceId":"491aaf5de50fda9bf71e5be23fa5df09","spanId":"7d2a2a2d5ed611aa"}
{"@timestamp":"2026-05-17T15:37:40.1252227+02:00","@version":"1","message":"Job: [SimpleJob: [name=paymentImportJob]] completed with the following parameters: [{'filePath':'{value=C:\\Users\\piotr\\AppData\\Local\\Temp\\payments-4157880164860772010.csv, type=class java.lang.String, identifying=true}','time':'{value=1779025059515, type=class java.lang.Long, identifying=true}'}] and the following status: [COMPLETED] in 603ms","logger_name":"org.springframework.batch.core.launch.support.TaskExecutorJobLauncher","thread_name":"http-nio-8080-exec-8","level":"INFO","level_value":20000,"traceId":"491aaf5de50fda9bf71e5be23fa5df09","spanId":"d87de28b9b29ba13"}
{"@timestamp":"2026-05-17T15:37:40.1272199+02:00","@version":"1","message":"Session Metrics {\n    42800 nanoseconds spent acquiring 1 JDBC connections;\n    0 nanoseconds spent releasing 0 JDBC connections;\n    2276900 nanoseconds spent preparing 210 JDBC statements;\n    10268700 nanoseconds spent executing 200 JDBC statements;\n    49582600 nanoseconds spent executing 10 JDBC batches;\n    0 nanoseconds spent performing 0 L2C puts;\n    0 nanoseconds spent performing 0 L2C hits;\n    0 nanoseconds spent performing 0 L2C misses;\n    214429500 nanoseconds spent executing 10 flushes (flushing a total of 10000 entities and 0 collections);\n    0 nanoseconds spent executing 0 pre-partial-flushes;\n    0 nanoseconds spent executing 0 partial-flushes (flushing a total of 0 entities and 0 collections)\n}","logger_name":"org.hibernate.engine.internal.StatisticalLoggingSessionEventListener","thread_name":"http-nio-8080-exec-8","level":"INFO","level_value":20000,"traceId":"491aaf5de50fda9bf71e5be23fa5df09","spanId":"d87de28b9b29ba13"}
{"@timestamp":"2026-05-17T17:19:52.5048462+02:00","@version":"1","message":"HikariPool-1 - Thread starvation or clock leap detected (housekeeper delta=1h37m13s177ms682µs900ns).","logger_name":"com.zaxxer.hikari.pool.HikariPool","thread_name":"HikariPool-1:housekeeper","level":"WARN","level_value":30000}
{"@timestamp":"2026-05-17T17:24:29.4464981+02:00","@version":"1","message":"Processing payment for userId: 22345, amount: 150.75, currency: EUR","logger_name":"com.phyriak.service.PaymentService","thread_name":"http-nio-8080-exec-4","level":"INFO","level_value":20000,"traceId":"4b8511d8bf1095669a4fc2bf160f7e29","spanId":"2c88dc23cc6d0b97"}
{"@timestamp":"2026-05-17T17:24:29.4506095+02:00","@version":"1","message":"SQL Error: 90036, SQLState: 90036","logger_name":"org.hibernate.engine.jdbc.spi.SqlExceptionHelper","thread_name":"http-nio-8080-exec-4","level":"WARN","level_value":30000,"traceId":"4b8511d8bf1095669a4fc2bf160f7e29","spanId":"2c88dc23cc6d0b97"}
{"@timestamp":"2026-05-17T17:24:29.451703+02:00","@version":"1","message":"Sekwencja \"BASE_SEQ\" nie istnieje\nSequence \"BASE_SEQ\" not found; SQL statement:\nselect next value for BASE.base_seq [90036-224]","logger_name":"org.hibernate.engine.jdbc.spi.SqlExceptionHelper","thread_name":"http-nio-8080-exec-4","level":"ERROR","level_value":40000,"traceId":"4b8511d8bf1095669a4fc2bf160f7e29","spanId":"2c88dc23cc6d0b97"}
{"@timestamp":"2026-05-17T17:24:29.4728447+02:00","@version":"1","message":"Session Metrics {\n    104600 nanoseconds spent acquiring 1 JDBC connections;\n    0 nanoseconds spent releasing 0 JDBC connections;\n    1475900 nanoseconds spent preparing 1 JDBC statements;\n    0 nanoseconds spent executing 0 JDBC statements;\n    0 nanoseconds spent executing 0 JDBC batches;\n    0 nanoseconds spent performing 0 L2C puts;\n    0 nanoseconds spent performing 0 L2C hits;\n    0 nanoseconds spent performing 0 L2C misses;\n    0 nanoseconds spent executing 0 flushes (flushing a total of 0 entities and 0 collections);\n    0 nanoseconds spent executing 0 pre-partial-flushes;\n    0 nanoseconds spent executing 0 partial-flushes (flushing a total of 0 entities and 0 collections)\n}","logger_name":"org.hibernate.engine.internal.StatisticalLoggingSessionEventListener","thread_name":"http-nio-8080-exec-4","level":"INFO","level_value":20000,"traceId":"4b8511d8bf1095669a4fc2bf160f7e29","spanId":"2c88dc23cc6d0b97"}
{"@timestamp":"2026-05-17T17:24:29.4815498+02:00","@version":"1","message":"Servlet.service() for servlet [dispatcherServlet] in context with path [] threw exception [Request processing failed: org.springframework.dao.InvalidDataAccessResourceUsageException: could not prepare statement [Sekwencja \"BASE_SEQ\" nie istnieje\nSequence \"BASE_SEQ\" not found; SQL statement:\nselect next value for BASE.base_seq [90036-224]] [select next value for BASE.base_seq]; SQL [select next value for BASE.base_seq]] with root cause","logger_name":"org.apache.catalina.core.ContainerBase.[Tomcat].[localhost].[/].[dispatcherServlet]","thread_name":"http-nio-8080-exec-4","level":"ERROR","level_value":40000,"stack_trace":"org.h2.jdbc.JdbcSQLSyntaxErrorException: Sekwencja \"BASE_SEQ\" nie istnieje\nSequence \"BASE_SEQ\" not found; SQL statement:\nselect next value for BASE.base_seq [90036-224]\r\n\tat org.h2.message.DbException.getJdbcSQLException(DbException.java:644)\r\n\tat org.h2.message.DbException.getJdbcSQLException(DbException.java:489)\r\n\tat org.h2.message.DbException.get(DbException.java:223)\r\n\tat org.h2.message.DbException.get(DbException.java:199)\r\n\tat org.h2.schema.Schema.getSequence(Schema.java:671)\r\n\tat org.h2.command.Parser.readSequence(Parser.java:8130)\r\n\tat org.h2.command.Parser.readTermWithIdentifier(Parser.java:5284)\r\n\tat org.h2.command.Parser.readTermWithIdentifier(Parser.java:5154)\r\n\tat org.h2.command.Parser.readTerm(Parser.java:4834)\r\n\tat org.h2.command.Parser.readFactor(Parser.java:3337)\r\n\tat org.h2.command.Parser.readSum(Parser.java:3324)\r\n\tat org.h2.command.Parser.readConcat(Parser.java:3289)\r\n\tat org.h2.command.Parser.readCondition(Parser.java:3079)\r\n\tat org.h2.command.Parser.readExpression(Parser.java:2999)\r\n\tat org.h2.command.Parser.parseSelectExpressions(Parser.java:2799)\r\n\tat org.h2.command.Parser.parseSelect(Parser.java:2817)\r\n\tat org.h2.command.Parser.parseQueryPrimary(Parser.java:2708)\r\n\tat org.h2.command.Parser.parseQueryTerm(Parser.java:2564)\r\n\tat org.h2.command.Parser.parseQueryExpressionBody(Parser.java:2543)\r\n\tat org.h2.command.Parser.parseQueryExpressionBodyAndEndOfQuery(Parser.java:2536)\r\n\tat org.h2.command.Parser.parseQueryExpression(Parser.java:2529)\r\n\tat org.h2.command.Parser.parseQuery(Parser.java:2498)\r\n\tat org.h2.command.Parser.parsePrepared(Parser.java:627)\r\n\tat org.h2.command.Parser.parse(Parser.java:592)\r\n\tat org.h2.command.Parser.parse(Parser.java:564)\r\n\tat org.h2.command.Parser.prepareCommand(Parser.java:483)\r\n\tat org.h2.engine.SessionLocal.prepareLocal(SessionLocal.java:639)\r\n\tat org.h2.engine.SessionLocal.prepareCommand(SessionLocal.java:559)\r\n\tat org.h2.jdbc.JdbcConnection.prepareCommand(JdbcConnection.java:1166)\r\n\tat org.h2.jdbc.JdbcPreparedStatement.<init>(JdbcPreparedStatement.java:93)\r\n\tat org.h2.jdbc.JdbcConnection.prepareStatement(JdbcConnection.java:316)\r\n\tat com.zaxxer.hikari.pool.ProxyConnection.prepareStatement(ProxyConnection.java:328)\r\n\tat com.zaxxer.hikari.pool.HikariProxyConnection.prepareStatement(HikariProxyConnection.java)\r\n\tat org.hibernate.engine.jdbc.internal.StatementPreparerImpl$1.doPrepare(StatementPreparerImpl.java:96)\r\n\tat org.hibernate.engine.jdbc.internal.StatementPreparerImpl$StatementPreparationTemplate.prepareStatement(StatementPreparerImpl.java:180)\r\n\tat org.hibernate.engine.jdbc.internal.StatementPreparerImpl.prepareStatement(StatementPreparerImpl.java:81)\r\n\tat org.hibernate.id.enhanced.SequenceStructure$1.getNextValue(SequenceStructure.java:100)\r\n\tat org.hibernate.id.enhanced.PooledOptimizer.generate(PooledOptimizer.java:95)\r\n\tat org.hibernate.id.enhanced.SequenceStyleGenerator.generate(SequenceStyleGenerator.java:585)\r\n\tat org.hibernate.id.IdentifierGenerator.generate(IdentifierGenerator.java:135)\r\n\tat org.hibernate.event.internal.AbstractSaveEventListener.generateId(AbstractSaveEventListener.java:156)\r\n\tat org.hibernate.event.internal.AbstractSaveEventListener.saveWithGeneratedId(AbstractSaveEventListener.java:126)\r\n\tat org.hibernate.event.internal.DefaultPersistEventListener.entityIsTransient(DefaultPersistEventListener.java:177)\r\n\tat org.hibernate.event.internal.DefaultPersistEventListener.persist(DefaultPersistEventListener.java:95)\r\n\tat org.hibernate.event.internal.DefaultPersistEventListener.onPersist(DefaultPersistEventListener.java:79)\r\n\tat org.hibernate.event.internal.DefaultPersistEventListener.onPersist(DefaultPersistEventListener.java:55)\r\n\tat org.hibernate.event.service.internal.EventListenerGroupImpl.fireEventOnEachListener(EventListenerGroupImpl.java:127)\r\n\tat org.hibernate.internal.SessionImpl.firePersist(SessionImpl.java:761)\r\n\tat org.hibernate.internal.SessionImpl.persist(SessionImpl.java:745)\r\n\tat java.base/jdk.internal.reflect.DirectMethodHandleAccessor.invoke(DirectMethodHandleAccessor.java:103)\r\n\tat java.base/java.lang.reflect.Method.invoke(Method.java:580)\r\n\tat org.springframework.orm.jpa.ExtendedEntityManagerCreator$ExtendedEntityManagerInvocationHandler.invoke(ExtendedEntityManagerCreator.java:364)\r\n\tat jdk.proxy2/jdk.proxy2.$Proxy165.persist(Unknown Source)\r\n\tat java.base/jdk.internal.reflect.DirectMethodHandleAccessor.invoke(DirectMethodHandleAccessor.java:103)\r\n\tat java.base/java.lang.reflect.Method.invoke(Method.java:580)\r\n\tat org.springframework.orm.jpa.SharedEntityManagerCreator$SharedEntityManagerInvocationHandler.invoke(SharedEntityManagerCreator.java:320)\r\n\tat jdk.proxy2/jdk.proxy2.$Proxy165.persist(Unknown Source)\r\n\tat org.springframework.data.jpa.repository.support.SimpleJpaRepository.save(SimpleJpaRepository.java:654)\r\n\tat java.base/jdk.internal.reflect.DirectMethodHandleAccessor.invoke(DirectMethodHandleAccessor.java:103)\r\n\tat java.base/java.lang.reflect.Method.invoke(Method.java:580)\r\n\tat org.springframework.aop.support.AopUtils.invokeJoinpointUsingReflection(AopUtils.java:360)\r\n\tat org.springframework.data.repository.core.support.RepositoryMethodInvoker$RepositoryFragmentMethodInvoker.lambda$new$0(RepositoryMethodInvoker.java:277)\r\n\tat org.springframework.data.repository.core.support.RepositoryMethodInvoker.doInvoke(RepositoryMethodInvoker.java:170)\r\n\tat org.springframework.data.repository.core.support.RepositoryMethodInvoker.invoke(RepositoryMethodInvoker.java:158)\r\n\tat org.springframework.data.repository.core.support.RepositoryComposition$RepositoryFragments.invoke(RepositoryComposition.java:515)\r\n\tat org.springframework.data.repository.core.support.RepositoryComposition.invoke(RepositoryComposition.java:284)\r\n\tat org.springframework.data.repository.core.support.RepositoryFactorySupport$ImplementationMethodExecutionInterceptor.invoke(RepositoryFactorySupport.java:720)\r\n\tat org.springframework.aop.framework.ReflectiveMethodInvocation.proceed(ReflectiveMethodInvocation.java:184)\r\n\tat org.springframework.data.repository.core.support.QueryExecutorMethodInterceptor.doInvoke(QueryExecutorMethodInterceptor.java:174)\r\n\tat org.springframework.data.repository.core.support.QueryExecutorMethodInterceptor.invoke(QueryExecutorMethodInterceptor.java:149)\r\n\tat org.springframework.aop.framework.ReflectiveMethodInvocation.proceed(ReflectiveMethodInvocation.java:184)\r\n\tat org.springframework.data.projection.DefaultMethodInvokingMethodInterceptor.invoke(DefaultMethodInvokingMethodInterceptor.java:69)\r\n\tat org.springframework.aop.framework.ReflectiveMethodInvocation.proceed(ReflectiveMethodInvocation.java:184)\r\n\tat org.springframework.transaction.interceptor.TransactionAspectSupport.invokeWithinTransaction(TransactionAspectSupport.java:380)\r\n\tat org.springframework.transaction.interceptor.TransactionInterceptor.invoke(TransactionInterceptor.java:119)\r\n\tat org.springframework.aop.framework.ReflectiveMethodInvocation.proceed(ReflectiveMethodInvocation.java:184)\r\n\tat org.springframework.dao.support.PersistenceExceptionTranslationInterceptor.invoke(PersistenceExceptionTranslationInterceptor.java:138)\r\n\tat org.springframework.aop.framework.ReflectiveMethodInvocation.proceed(ReflectiveMethodInvocation.java:184)\r\n\tat org.springframework.data.jpa.repository.support.CrudMethodMetadataPostProcessor$CrudMethodMetadataPopulatingMethodInterceptor.invoke(CrudMethodMetadataPostProcessor.java:165)\r\n\tat org.springframework.aop.framework.ReflectiveMethodInvocation.proceed(ReflectiveMethodInvocation.java:184)\r\n\tat org.springframework.aop.framework.JdkDynamicAopProxy.invoke(JdkDynamicAopProxy.java:223)\r\n\tat jdk.proxy2/jdk.proxy2.$Proxy169.save(Unknown Source)\r\n\tat com.phyriak.service.PaymentService.pay(PaymentService.java:57)\r\n\tat java.base/jdk.internal.reflect.DirectMethodHandleAccessor.invoke(DirectMethodHandleAccessor.java:103)\r\n\tat java.base/java.lang.reflect.Method.invoke(Method.java:580)\r\n\tat org.springframework.aop.support.AopUtils.invokeJoinpointUsingReflection(AopUtils.java:360)\r\n\tat org.springframework.aop.framework.ReflectiveMethodInvocation.invokeJoinpoint(ReflectiveMethodInvocation.java:196)\r\n\tat org.springframework.aop.framework.ReflectiveMethodInvocation.proceed(ReflectiveMethodInvocation.java:163)\r\n\tat org.springframework.transaction.interceptor.TransactionAspectSupport.invokeWithinTransaction(TransactionAspectSupport.java:380)\r\n\tat org.springframework.transaction.interceptor.TransactionInterceptor.invoke(TransactionInterceptor.java:119)\r\n\tat org.springframework.aop.framework.ReflectiveMethodInvocation.proceed(ReflectiveMethodInvocation.java:184)\r\n\tat org.springframework.retry.interceptor.RetryOperationsInterceptor$1.doWithRetry(RetryOperationsInterceptor.java:114)\r\n\tat org.springframework.retry.support.RetryTemplate.doExecute(RetryTemplate.java:357)\r\n\tat org.springframework.retry.support.RetryTemplate.execute(RetryTemplate.java:246)\r\n\tat org.springframework.retry.interceptor.RetryOperationsInterceptor.invoke(RetryOperationsInterceptor.java:135)\r\n\tat org.springframework.retry.annotation.AnnotationAwareRetryOperationsInterceptor.invoke(AnnotationAwareRetryOperationsInterceptor.java:162)\r\n\tat org.springframework.aop.framework.ReflectiveMethodInvocation.proceed(ReflectiveMethodInvocation.java:184)\r\n\tat org.springframework.aop.framework.CglibAopProxy$DynamicAdvisedInterceptor.intercept(CglibAopProxy.java:728)\r\n\tat com.phyriak.service.PaymentService$$SpringCGLIB$$0.pay(<generated>)\r\n\tat com.phyriak.controller.PaymentControllerImpl.pay(PaymentControllerImpl.java:46)\r\n\tat java.base/jdk.internal.reflect.DirectMethodHandleAccessor.invoke(DirectMethodHandleAccessor.java:103)\r\n\tat java.base/java.lang.reflect.Method.invoke(Method.java:580)\r\n\tat org.springframework.web.method.support.InvocableHandlerMethod.doInvoke(InvocableHandlerMethod.java:258)\r\n\tat org.springframework.web.method.support.InvocableHandlerMethod.invokeForRequest(InvocableHandlerMethod.java:191)\r\n\tat org.springframework.web.servlet.mvc.method.annotation.ServletInvocableHandlerMethod.invokeAndHandle(ServletInvocableHandlerMethod.java:118)\r\n\tat org.springframework.web.servlet.mvc.method.annotation.RequestMappingHandlerAdapter.invokeHandlerMethod(RequestMappingHandlerAdapter.java:991)\r\n\tat org.springframework.web.servlet.mvc.method.annotation.RequestMappingHandlerAdapter.handleInternal(RequestMappingHandlerAdapter.java:896)\r\n\tat org.springframework.web.servlet.mvc.method.AbstractHandlerMethodAdapter.handle(AbstractHandlerMethodAdapter.java:87)\r\n\tat org.springframework.web.servlet.DispatcherServlet.doDispatch(DispatcherServlet.java:1089)\r\n\tat org.springframework.web.servlet.DispatcherServlet.doService(DispatcherServlet.java:979)\r\n\tat org.springframework.web.servlet.FrameworkServlet.processRequest(FrameworkServlet.java:1014)\r\n\tat org.springframework.web.servlet.FrameworkServlet.doPost(FrameworkServlet.java:914)\r\n\tat jakarta.servlet.http.HttpServlet.service(HttpServlet.java:590)\r\n\tat org.springframework.web.servlet.FrameworkServlet.service(FrameworkServlet.java:885)\r\n\tat jakarta.servlet.http.HttpServlet.service(HttpServlet.java:658)\r\n\tat org.apache.catalina.core.ApplicationFilterChain.internalDoFilter(ApplicationFilterChain.java:193)\r\n\tat org.apache.catalina.core.ApplicationFilterChain.doFilter(ApplicationFilterChain.java:138)\r\n\tat org.apache.tomcat.websocket.server.WsFilter.doFilter(WsFilter.java:51)\r\n\tat org.apache.catalina.core.ApplicationFilterChain.internalDoFilter(ApplicationFilterChain.java:162)\r\n\tat org.apache.catalina.core.ApplicationFilterChain.doFilter(ApplicationFilterChain.java:138)\r\n\tat org.springframework.web.filter.RequestContextFilter.doFilterInternal(RequestContextFilter.java:100)\r\n\tat org.springframework.web.filter.OncePerRequestFilter.doFilter(OncePerRequestFilter.java:116)\r\n\tat org.apache.catalina.core.ApplicationFilterChain.internalDoFilter(ApplicationFilterChain.java:162)\r\n\tat org.apache.catalina.core.ApplicationFilterChain.doFilter(ApplicationFilterChain.java:138)\r\n\tat org.springframework.web.filter.FormContentFilter.doFilterInternal(FormContentFilter.java:93)\r\n\tat org.springframework.web.filter.OncePerRequestFilter.doFilter(OncePerRequestFilter.java:116)\r\n\tat org.apache.catalina.core.ApplicationFilterChain.internalDoFilter(ApplicationFilterChain.java:162)\r\n\tat org.apache.catalina.core.ApplicationFilterChain.doFilter(ApplicationFilterChain.java:138)\r\n\tat org.springframework.web.filter.ServerHttpObservationFilter.doFilterInternal(ServerHttpObservationFilter.java:110)\r\n\tat org.springframework.web.filter.OncePerRequestFilter.doFilter(OncePerRequestFilter.java:116)\r\n\tat org.apache.catalina.core.ApplicationFilterChain.internalDoFilter(ApplicationFilterChain.java:162)\r\n\tat org.apache.catalina.core.ApplicationFilterChain.doFilter(ApplicationFilterChain.java:138)\r\n\tat org.springframework.web.filter.CharacterEncodingFilter.doFilterInternal(CharacterEncodingFilter.java:201)\r\n\tat org.springframework.web.filter.OncePerRequestFilter.doFilter(OncePerRequestFilter.java:116)\r\n\tat org.apache.catalina.core.ApplicationFilterChain.internalDoFilter(ApplicationFilterChain.java:162)\r\n\tat org.apache.catalina.core.ApplicationFilterChain.doFilter(ApplicationFilterChain.java:138)\r\n\tat org.apache.catalina.core.StandardWrapperValve.invoke(StandardWrapperValve.java:165)\r\n\tat org.apache.catalina.core.StandardContextValve.invoke(StandardContextValve.java:88)\r\n\tat org.apache.catalina.authenticator.AuthenticatorBase.invoke(AuthenticatorBase.java:482)\r\n\tat org.apache.catalina.core.StandardHostValve.invoke(StandardHostValve.java:113)\r\n\tat org.apache.catalina.valves.ErrorReportValve.invoke(ErrorReportValve.java:83)\r\n\tat org.apache.catalina.core.StandardEngineValve.invoke(StandardEngineValve.java:72)\r\n\tat org.apache.catalina.connector.CoyoteAdapter.service(CoyoteAdapter.java:342)\r\n\tat org.apache.coyote.http11.Http11Processor.service(Http11Processor.java:399)\r\n\tat org.apache.coyote.AbstractProcessorLight.process(AbstractProcessorLight.java:63)\r\n\tat org.apache.coyote.AbstractProtocol$ConnectionHandler.process(AbstractProtocol.java:903)\r\n\tat org.apache.tomcat.util.net.NioEndpoint$SocketProcessor.doRun(NioEndpoint.java:1774)\r\n\tat org.apache.tomcat.util.net.SocketProcessorBase.run(SocketProcessorBase.java:52)\r\n\tat org.apache.tomcat.util.threads.ThreadPoolExecutor.runWorker(ThreadPoolExecutor.java:973)\r\n\tat org.apache.tomcat.util.threads.ThreadPoolExecutor$Worker.run(ThreadPoolExecutor.java:491)\r\n\tat org.apache.tomcat.util.threads.TaskThread$WrappingRunnable.run(TaskThread.java:63)\r\n\tat java.base/java.lang.Thread.run(Thread.java:1583)\r\n"}
{"@timestamp":"2026-05-17T17:24:29.5219524+02:00","@version":"1","message":"Session Metrics {\n    0 nanoseconds spent acquiring 0 JDBC connections;\n    0 nanoseconds spent releasing 0 JDBC connections;\n    0 nanoseconds spent preparing 0 JDBC statements;\n    0 nanoseconds spent executing 0 JDBC statements;\n    0 nanoseconds spent executing 0 JDBC batches;\n    0 nanoseconds spent performing 0 L2C puts;\n    0 nanoseconds spent performing 0 L2C hits;\n    0 nanoseconds spent performing 0 L2C misses;\n    0 nanoseconds spent executing 0 flushes (flushing a total of 0 entities and 0 collections);\n    0 nanoseconds spent executing 0 pre-partial-flushes;\n    0 nanoseconds spent executing 0 partial-flushes (flushing a total of 0 entities and 0 collections)\n}","logger_name":"org.hibernate.engine.internal.StatisticalLoggingSessionEventListener","thread_name":"http-nio-8080-exec-4","level":"INFO","level_value":20000}
{"@timestamp":"2026-05-17T17:24:37.668475+02:00","@version":"1","message":"SQL Error: 42104, SQLState: 42S04","logger_name":"org.hibernate.engine.jdbc.spi.SqlExceptionHelper","thread_name":"http-nio-8080-exec-8","level":"WARN","level_value":30000,"traceId":"785e436bf041e4cc2b88c95bf2c998c8","spanId":"a8e7164f6a204b1a"}
{"@timestamp":"2026-05-17T17:24:37.668475+02:00","@version":"1","message":"Table \"PAYMENT\" not found (this database is empty); SQL statement:\nselect p1_0.id,p1_0.amount,p1_0.created_at,p1_0.created_by,p1_0.currency,o1_0.id,o1_0.amount,o1_0.created_at,o1_0.created_by,o1_0.details,o1_0.updated_at,o1_0.updated_by,o1_0.version,p1_0.payment_status,p1_0.payment_type,p1_0.updated_at,p1_0.updated_by,p1_0.user_id,p1_0.version from BASE.payment p1_0 left join BASE.product_order o1_0 on p1_0.id=o1_0.payment_id where p1_0.id=? [42104-224]","logger_name":"org.hibernate.engine.jdbc.spi.SqlExceptionHelper","thread_name":"http-nio-8080-exec-8","level":"ERROR","level_value":40000,"traceId":"785e436bf041e4cc2b88c95bf2c998c8","spanId":"a8e7164f6a204b1a"}
{"@timestamp":"2026-05-17T17:24:37.668475+02:00","@version":"1","message":"HHH000327: Error performing load command","logger_name":"org.hibernate.event.internal.DefaultLoadEventListener","thread_name":"http-nio-8080-exec-8","level":"INFO","level_value":20000,"stack_trace":"org.hibernate.exception.SQLGrammarException: could not prepare statement [Table \"PAYMENT\" not found (this database is empty); SQL statement:\nselect p1_0.id,p1_0.amount,p1_0.created_at,p1_0.created_by,p1_0.currency,o1_0.id,o1_0.amount,o1_0.created_at,o1_0.created_by,o1_0.details,o1_0.updated_at,o1_0.updated_by,o1_0.version,p1_0.payment_status,p1_0.payment_type,p1_0.updated_at,p1_0.updated_by,p1_0.user_id,p1_0.version from BASE.payment p1_0 left join BASE.product_order o1_0 on p1_0.id=o1_0.payment_id where p1_0.id=? [42104-224]] [select p1_0.id,p1_0.amount,p1_0.created_at,p1_0.created_by,p1_0.currency,o1_0.id,o1_0.amount,o1_0.created_at,o1_0.created_by,o1_0.details,o1_0.updated_at,o1_0.updated_by,o1_0.version,p1_0.payment_status,p1_0.payment_type,p1_0.updated_at,p1_0.updated_by,p1_0.user_id,p1_0.version from BASE.payment p1_0 left join BASE.product_order o1_0 on p1_0.id=o1_0.payment_id where p1_0.id=?]\r\n\tat org.hibernate.exception.internal.SQLExceptionTypeDelegate.convert(SQLExceptionTypeDelegate.java:66)\r\n\tat org.hibernate.exception.internal.StandardSQLExceptionConverter.convert(StandardSQLExceptionConverter.java:58)\r\n\tat org.hibernate.engine.jdbc.spi.SqlExceptionHelper.convert(SqlExceptionHelper.java:108)\r\n\tat org.hibernate.engine.jdbc.internal.StatementPreparerImpl$StatementPreparationTemplate.prepareStatement(StatementPreparerImpl.java:191)\r\n\tat org.hibernate.engine.jdbc.internal.StatementPreparerImpl.prepareQueryStatement(StatementPreparerImpl.java:153)\r\n\tat org.hibernate.sql.exec.internal.StandardStatementCreator.createStatement(StandardStatementCreator.java:49)\r\n\tat org.hibernate.sql.results.jdbc.internal.DeferredResultSetAccess.executeQuery(DeferredResultSetAccess.java:236)\r\n\tat org.hibernate.sql.results.jdbc.internal.DeferredResultSetAccess.getResultSet(DeferredResultSetAccess.java:172)\r\n\tat org.hibernate.sql.results.jdbc.internal.JdbcValuesResultSetImpl.<init>(JdbcValuesResultSetImpl.java:74)\r\n\tat org.hibernate.sql.exec.internal.JdbcSelectExecutorStandardImpl.resolveJdbcValuesSource(JdbcSelectExecutorStandardImpl.java:355)\r\n\tat org.hibernate.sql.exec.internal.JdbcSelectExecutorStandardImpl.doExecuteQuery(JdbcSelectExecutorStandardImpl.java:137)\r\n\tat org.hibernate.sql.exec.internal.JdbcSelectExecutorStandardImpl.executeQuery(JdbcSelectExecutorStandardImpl.java:102)\r\n\tat org.hibernate.sql.exec.spi.JdbcSelectExecutor.executeQuery(JdbcSelectExecutor.java:91)\r\n\tat org.hibernate.sql.exec.spi.JdbcSelectExecutor.list(JdbcSelectExecutor.java:165)\r\n\tat org.hibernate.loader.ast.internal.SingleIdLoadPlan.load(SingleIdLoadPlan.java:145)\r\n\tat org.hibernate.loader.ast.internal.SingleIdLoadPlan.load(SingleIdLoadPlan.java:117)\r\n\tat org.hibernate.loader.ast.internal.SingleIdEntityLoaderStandardImpl.load(SingleIdEntityLoaderStandardImpl.java:74)\r\n\tat org.hibernate.persister.entity.AbstractEntityPersister.doLoad(AbstractEntityPersister.java:3908)\r\n\tat org.hibernate.persister.entity.AbstractEntityPersister.load(AbstractEntityPersister.java:3897)\r\n\tat org.hibernate.event.internal.DefaultLoadEventListener.loadFromDatasource(DefaultLoadEventListener.java:604)\r\n\tat org.hibernate.event.internal.DefaultLoadEventListener.loadFromCacheOrDatasource(DefaultLoadEventListener.java:590)\r\n\tat org.hibernate.event.internal.DefaultLoadEventListener.load(DefaultLoadEventListener.java:560)\r\n\tat org.hibernate.event.internal.DefaultLoadEventListener.doLoad(DefaultLoadEventListener.java:544)\r\n\tat org.hibernate.event.internal.DefaultLoadEventListener.load(DefaultLoadEventListener.java:206)\r\n\tat org.hibernate.event.internal.DefaultLoadEventListener.loadWithRegularProxy(DefaultLoadEventListener.java:289)\r\n\tat org.hibernate.event.internal.DefaultLoadEventListener.proxyOrLoad(DefaultLoadEventListener.java:241)\r\n\tat org.hibernate.event.internal.DefaultLoadEventListener.doOnLoad(DefaultLoadEventListener.java:110)\r\n\tat org.hibernate.event.internal.DefaultLoadEventListener.onLoad(DefaultLoadEventListener.java:69)\r\n\tat org.hibernate.event.service.internal.EventListenerGroupImpl.fireEventOnEachListener(EventListenerGroupImpl.java:138)\r\n\tat org.hibernate.internal.SessionImpl.fireLoadNoChecks(SessionImpl.java:1229)\r\n\tat org.hibernate.internal.SessionImpl.fireLoad(SessionImpl.java:1217)\r\n\tat org.hibernate.loader.internal.IdentifierLoadAccessImpl.load(IdentifierLoadAccessImpl.java:210)\r\n\tat org.hibernate.loader.internal.IdentifierLoadAccessImpl.doLoad(IdentifierLoadAccessImpl.java:161)\r\n\tat org.hibernate.loader.internal.IdentifierLoadAccessImpl.lambda$load$1(IdentifierLoadAccessImpl.java:150)\r\n\tat org.hibernate.loader.internal.IdentifierLoadAccessImpl.perform(IdentifierLoadAccessImpl.java:113)\r\n\tat org.hibernate.loader.internal.IdentifierLoadAccessImpl.load(IdentifierLoadAccessImpl.java:150)\r\n\tat org.hibernate.internal.SessionImpl.find(SessionImpl.java:2459)\r\n\tat org.hibernate.internal.SessionImpl.find(SessionImpl.java:2430)\r\n\tat java.base/jdk.internal.reflect.DirectMethodHandleAccessor.invoke(DirectMethodHandleAccessor.java:103)\r\n\tat java.base/java.lang.reflect.Method.invoke(Method.java:580)\r\n\tat org.springframework.orm.jpa.ExtendedEntityManagerCreator$ExtendedEntityManagerInvocationHandler.invoke(ExtendedEntityManagerCreator.java:364)\r\n\tat jdk.proxy2/jdk.proxy2.$Proxy165.find(Unknown Source)\r\n\tat java.base/jdk.internal.reflect.DirectMethodHandleAccessor.invoke(DirectMethodHandleAccessor.java:103)\r\n\tat java.base/java.lang.reflect.Method.invoke(Method.java:580)\r\n\tat org.springframework.orm.jpa.SharedEntityManagerCreator$SharedEntityManagerInvocationHandler.invoke(SharedEntityManagerCreator.java:320)\r\n\tat jdk.proxy2/jdk.proxy2.$Proxy165.find(Unknown Source)\r\n\tat org.springframework.data.jpa.repository.support.SimpleJpaRepository.findById(SimpleJpaRepository.java:335)\r\n\tat java.base/jdk.internal.reflect.DirectMethodHandleAccessor.invoke(DirectMethodHandleAccessor.java:103)\r\n\tat java.base/java.lang.reflect.Method.invoke(Method.java:580)\r\n\tat org.springframework.aop.support.AopUtils.invokeJoinpointUsingReflection(AopUtils.java:360)\r\n\tat org.springframework.data.repository.core.support.RepositoryMethodInvoker$RepositoryFragmentMethodInvoker.lambda$new$0(RepositoryMethodInvoker.java:277)\r\n\tat org.springframework.data.repository.core.support.RepositoryMethodInvoker.doInvoke(RepositoryMethodInvoker.java:170)\r\n\tat org.springframework.data.repository.core.support.RepositoryMethodInvoker.invoke(RepositoryMethodInvoker.java:158)\r\n\tat org.springframework.data.repository.core.support.RepositoryComposition$RepositoryFragments.invoke(RepositoryComposition.java:515)\r\n\tat org.springframework.data.repository.core.support.RepositoryComposition.invoke(RepositoryComposition.java:284)\r\n\tat org.springframework.data.repository.core.support.RepositoryFactorySupport$ImplementationMethodExecutionInterceptor.invoke(RepositoryFactorySupport.java:720)\r\n\tat org.springframework.aop.framework.ReflectiveMethodInvocation.proceed(ReflectiveMethodInvocation.java:184)\r\n\tat org.springframework.data.repository.core.support.QueryExecutorMethodInterceptor.doInvoke(QueryExecutorMethodInterceptor.java:174)\r\n\tat org.springframework.data.repository.core.support.QueryExecutorMethodInterceptor.invoke(QueryExecutorMethodInterceptor.java:149)\r\n\tat org.springframework.aop.framework.ReflectiveMethodInvocation.proceed(ReflectiveMethodInvocation.java:184)\r\n\tat org.springframework.data.projection.DefaultMethodInvokingMethodInterceptor.invoke(DefaultMethodInvokingMethodInterceptor.java:69)\r\n\tat org.springframework.aop.framework.ReflectiveMethodInvocation.proceed(ReflectiveMethodInvocation.java:184)\r\n\tat org.springframework.transaction.interceptor.TransactionAspectSupport.invokeWithinTransaction(TransactionAspectSupport.java:380)\r\n\tat org.springframework.transaction.interceptor.TransactionInterceptor.invoke(TransactionInterceptor.java:119)\r\n\tat org.springframework.aop.framework.ReflectiveMethodInvocation.proceed(ReflectiveMethodInvocation.java:184)\r\n\tat org.springframework.dao.support.PersistenceExceptionTranslationInterceptor.invoke(PersistenceExceptionTranslationInterceptor.java:138)\r\n\tat org.springframework.aop.framework.ReflectiveMethodInvocation.proceed(ReflectiveMethodInvocation.java:184)\r\n\tat org.springframework.data.jpa.repository.support.CrudMethodMetadataPostProcessor$CrudMethodMetadataPopulatingMethodInterceptor.invoke(CrudMethodMetadataPostProcessor.java:165)\r\n\tat org.springframework.aop.framework.ReflectiveMethodInvocation.proceed(ReflectiveMethodInvocation.java:184)\r\n\tat org.springframework.aop.framework.JdkDynamicAopProxy.invoke(JdkDynamicAopProxy.java:223)\r\n\tat jdk.proxy2/jdk.proxy2.$Proxy169.findById(Unknown Source)\r\n\tat com.phyriak.service.PaymentService.getPaymentById(PaymentService.java:111)\r\n\tat java.base/jdk.internal.reflect.DirectMethodHandleAccessor.invoke(DirectMethodHandleAccessor.java:103)\r\n\tat java.base/java.lang.reflect.Method.invoke(Method.java:580)\r\n\tat org.springframework.aop.support.AopUtils.invokeJoinpointUsingReflection(AopUtils.java:360)\r\n\tat org.springframework.aop.framework.ReflectiveMethodInvocation.invokeJoinpoint(ReflectiveMethodInvocation.java:196)\r\n\tat org.springframework.aop.framework.ReflectiveMethodInvocation.proceed(ReflectiveMethodInvocation.java:163)\r\n\tat org.springframework.retry.annotation.AnnotationAwareRetryOperationsInterceptor.invoke(AnnotationAwareRetryOperationsInterceptor.java:165)\r\n\tat org.springframework.aop.framework.ReflectiveMethodInvocation.proceed(ReflectiveMethodInvocation.java:184)\r\n\tat org.springframework.aop.framework.CglibAopProxy$DynamicAdvisedInterceptor.intercept(CglibAopProxy.java:728)\r\n\tat com.phyriak.service.PaymentService$$SpringCGLIB$$0.getPaymentById(<generated>)\r\n\tat com.phyriak.controller.PaymentControllerImpl.getPayment(PaymentControllerImpl.java:39)\r\n\tat java.base/jdk.internal.reflect.DirectMethodHandleAccessor.invoke(DirectMethodHandleAccessor.java:103)\r\n\tat java.base/java.lang.reflect.Method.invoke(Method.java:580)\r\n\tat org.springframework.web.method.support.InvocableHandlerMethod.doInvoke(InvocableHandlerMethod.java:258)\r\n\tat org.springframework.web.method.support.InvocableHandlerMethod.invokeForRequest(InvocableHandlerMethod.java:191)\r\n\tat org.springframework.web.servlet.mvc.method.annotation.ServletInvocableHandlerMethod.invokeAndHandle(ServletInvocableHandlerMethod.java:118)\r\n\tat org.springframework.web.servlet.mvc.method.annotation.RequestMappingHandlerAdapter.invokeHandlerMethod(RequestMappingHandlerAdapter.java:991)\r\n\tat org.springframework.web.servlet.mvc.method.annotation.RequestMappingHandlerAdapter.handleInternal(RequestMappingHandlerAdapter.java:896)\r\n\tat org.springframework.web.servlet.mvc.method.AbstractHandlerMethodAdapter.handle(AbstractHandlerMethodAdapter.java:87)\r\n\tat org.springframework.web.servlet.DispatcherServlet.doDispatch(DispatcherServlet.java:1089)\r\n\tat org.springframework.web.servlet.DispatcherServlet.doService(DispatcherServlet.java:979)\r\n\tat org.springframework.web.servlet.FrameworkServlet.processRequest(FrameworkServlet.java:1014)\r\n\tat org.springframework.web.servlet.FrameworkServlet.doGet(FrameworkServlet.java:903)\r\n\tat jakarta.servlet.http.HttpServlet.service(HttpServlet.java:564)\r\n\tat org.springframework.web.servlet.FrameworkServlet.service(FrameworkServlet.java:885)\r\n\tat jakarta.servlet.http.HttpServlet.service(HttpServlet.java:658)\r\n\tat org.apache.catalina.core.ApplicationFilterChain.internalDoFilter(ApplicationFilterChain.java:193)\r\n\tat org.apache.catalina.core.ApplicationFilterChain.doFilter(ApplicationFilterChain.java:138)\r\n\tat org.apache.tomcat.websocket.server.WsFilter.doFilter(WsFilter.java:51)\r\n\tat org.apache.catalina.core.ApplicationFilterChain.internalDoFilter(ApplicationFilterChain.java:162)\r\n\tat org.apache.catalina.core.ApplicationFilterChain.doFilter(ApplicationFilterChain.java:138)\r\n\tat org.springframework.web.filter.RequestContextFilter.doFilterInternal(RequestContextFilter.java:100)\r\n\tat org.springframework.web.filter.OncePerRequestFilter.doFilter(OncePerRequestFilter.java:116)\r\n\tat org.apache.catalina.core.ApplicationFilterChain.internalDoFilter(ApplicationFilterChain.java:162)\r\n\tat org.apache.catalina.core.ApplicationFilterChain.doFilter(ApplicationFilterChain.java:138)\r\n\tat org.springframework.web.filter.FormContentFilter.doFilterInternal(FormContentFilter.java:93)\r\n\tat org.springframework.web.filter.OncePerRequestFilter.doFilter(OncePerRequestFilter.java:116)\r\n\tat org.apache.catalina.core.ApplicationFilterChain.internalDoFilter(ApplicationFilterChain.java:162)\r\n\tat org.apache.catalina.core.ApplicationFilterChain.doFilter(ApplicationFilterChain.java:138)\r\n\tat org.springframework.web.filter.ServerHttpObservationFilter.doFilterInternal(ServerHttpObservationFilter.java:110)\r\n\tat org.springframework.web.filter.OncePerRequestFilter.doFilter(OncePerRequestFilter.java:116)\r\n\tat org.apache.catalina.core.ApplicationFilterChain.internalDoFilter(ApplicationFilterChain.java:162)\r\n\tat org.apache.catalina.core.ApplicationFilterChain.doFilter(ApplicationFilterChain.java:138)\r\n\tat org.springframework.web.filter.CharacterEncodingFilter.doFilterInternal(CharacterEncodingFilter.java:201)\r\n\tat org.springframework.web.filter.OncePerRequestFilter.doFilter(OncePerRequestFilter.java:116)\r\n\tat org.apache.catalina.core.ApplicationFilterChain.internalDoFilter(ApplicationFilterChain.java:162)\r\n\tat org.apache.catalina.core.ApplicationFilterChain.doFilter(ApplicationFilterChain.java:138)\r\n\tat org.apache.catalina.core.StandardWrapperValve.invoke(StandardWrapperValve.java:165)\r\n\tat org.apache.catalina.core.StandardContextValve.invoke(StandardContextValve.java:88)\r\n\tat org.apache.catalina.authenticator.AuthenticatorBase.invoke(AuthenticatorBase.java:482)\r\n\tat org.apache.catalina.core.StandardHostValve.invoke(StandardHostValve.java:113)\r\n\tat org.apache.catalina.valves.ErrorReportValve.invoke(ErrorReportValve.java:83)\r\n\tat org.apache.catalina.core.StandardEngineValve.invoke(StandardEngineValve.java:72)\r\n\tat org.apache.catalina.connector.CoyoteAdapter.service(CoyoteAdapter.java:342)\r\n\tat org.apache.coyote.http11.Http11Processor.service(Http11Processor.java:399)\r\n\tat org.apache.coyote.AbstractProcessorLight.process(AbstractProcessorLight.java:63)\r\n\tat org.apache.coyote.AbstractProtocol$ConnectionHandler.process(AbstractProtocol.java:903)\r\n\tat org.apache.tomcat.util.net.NioEndpoint$SocketProcessor.doRun(NioEndpoint.java:1774)\r\n\tat org.apache.tomcat.util.net.SocketProcessorBase.run(SocketProcessorBase.java:52)\r\n\tat org.apache.tomcat.util.threads.ThreadPoolExecutor.runWorker(ThreadPoolExecutor.java:973)\r\n\tat org.apache.tomcat.util.threads.ThreadPoolExecutor$Worker.run(ThreadPoolExecutor.java:491)\r\n\tat org.apache.tomcat.util.threads.TaskThread$WrappingRunnable.run(TaskThread.java:63)\r\n\tat java.base/java.lang.Thread.run(Thread.java:1583)\r\nCaused by: org.h2.jdbc.JdbcSQLSyntaxErrorException: Table \"PAYMENT\" not found (this database is empty); SQL statement:\nselect p1_0.id,p1_0.amount,p1_0.created_at,p1_0.created_by,p1_0.currency,o1_0.id,o1_0.amount,o1_0.created_at,o1_0.created_by,o1_0.details,o1_0.updated_at,o1_0.updated_by,o1_0.version,p1_0.payment_status,p1_0.payment_type,p1_0.updated_at,p1_0.updated_by,p1_0.user_id,p1_0.version from BASE.payment p1_0 left join BASE.product_order o1_0 on p1_0.id=o1_0.payment_id where p1_0.id=? [42104-224]\r\n\tat org.h2.message.DbException.getJdbcSQLException(DbException.java:514)\r\n\tat org.h2.message.DbException.getJdbcSQLException(DbException.java:489)\r\n\tat org.h2.message.DbException.get(DbException.java:223)\r\n\tat org.h2.message.DbException.get(DbException.java:199)\r\n\tat org.h2.command.Parser.getTableOrViewNotFoundDbException(Parser.java:8051)\r\n\tat org.h2.command.Parser.getTableOrViewNotFoundDbException(Parser.java:8045)\r\n\tat org.h2.command.Parser.getTableOrViewNotFoundDbException(Parser.java:8029)\r\n\tat org.h2.command.Parser.readTableOrView(Parser.java:8024)\r\n\tat org.h2.command.Parser.readTablePrimary(Parser.java:1788)\r\n\tat org.h2.command.Parser.readTableReference(Parser.java:2268)\r\n\tat org.h2.command.Parser.parseSelectFromPart(Parser.java:2718)\r\n\tat org.h2.command.Parser.parseSelect(Parser.java:2824)\r\n\tat org.h2.command.Parser.parseQueryPrimary(Parser.java:2708)\r\n\tat org.h2.command.Parser.parseQueryTerm(Parser.java:2564)\r\n\tat org.h2.command.Parser.parseQueryExpressionBody(Parser.java:2543)\r\n\tat org.h2.command.Parser.parseQueryExpressionBodyAndEndOfQuery(Parser.java:2536)\r\n\tat org.h2.command.Parser.parseQueryExpression(Parser.java:2529)\r\n\tat org.h2.command.Parser.parseQuery(Parser.java:2498)\r\n\tat org.h2.command.Parser.parsePrepared(Parser.java:627)\r\n\tat org.h2.command.Parser.parse(Parser.java:592)\r\n\tat org.h2.command.Parser.parse(Parser.java:564)\r\n\tat org.h2.command.Parser.prepareCommand(Parser.java:483)\r\n\tat org.h2.engine.SessionLocal.prepareLocal(SessionLocal.java:639)\r\n\tat org.h2.engine.SessionLocal.prepareCommand(SessionLocal.java:559)\r\n\tat org.h2.jdbc.JdbcConnection.prepareCommand(JdbcConnection.java:1166)\r\n\tat org.h2.jdbc.JdbcPreparedStatement.<init>(JdbcPreparedStatement.java:93)\r\n\tat org.h2.jdbc.JdbcConnection.prepareStatement(JdbcConnection.java:689)\r\n\tat com.zaxxer.hikari.pool.ProxyConnection.prepareStatement(ProxyConnection.java:342)\r\n\tat com.zaxxer.hikari.pool.HikariProxyConnection.prepareStatement(HikariProxyConnection.java)\r\n\tat org.hibernate.engine.jdbc.internal.StatementPreparerImpl$4.doPrepare(StatementPreparerImpl.java:151)\r\n\tat org.hibernate.engine.jdbc.internal.StatementPreparerImpl$StatementPreparationTemplate.prepareStatement(StatementPreparerImpl.java:180)\r\n\t... 130 common frames omitted\r\n","traceId":"785e436bf041e4cc2b88c95bf2c998c8","spanId":"a8e7164f6a204b1a"}
{"@timestamp":"2026-05-17T17:24:37.6740142+02:00","@version":"1","message":"Session Metrics {\n    70000 nanoseconds spent acquiring 1 JDBC connections;\n    0 nanoseconds spent releasing 0 JDBC connections;\n    641300 nanoseconds spent preparing 1 JDBC statements;\n    0 nanoseconds spent executing 0 JDBC statements;\n    0 nanoseconds spent executing 0 JDBC batches;\n    0 nanoseconds spent performing 0 L2C puts;\n    0 nanoseconds spent performing 0 L2C hits;\n    0 nanoseconds spent performing 0 L2C misses;\n    0 nanoseconds spent executing 0 flushes (flushing a total of 0 entities and 0 collections);\n    0 nanoseconds spent executing 0 pre-partial-flushes;\n    0 nanoseconds spent executing 0 partial-flushes (flushing a total of 0 entities and 0 collections)\n}","logger_name":"org.hibernate.engine.internal.StatisticalLoggingSessionEventListener","thread_name":"http-nio-8080-exec-8","level":"INFO","level_value":20000,"traceId":"785e436bf041e4cc2b88c95bf2c998c8","spanId":"a8e7164f6a204b1a"}
{"@timestamp":"2026-05-17T17:24:37.6760234+02:00","@version":"1","message":"Servlet.service() for servlet [dispatcherServlet] in context with path [] threw exception [Request processing failed: org.springframework.dao.InvalidDataAccessResourceUsageException: could not prepare statement [Table \"PAYMENT\" not found (this database is empty); SQL statement:\nselect p1_0.id,p1_0.amount,p1_0.created_at,p1_0.created_by,p1_0.currency,o1_0.id,o1_0.amount,o1_0.created_at,o1_0.created_by,o1_0.details,o1_0.updated_at,o1_0.updated_by,o1_0.version,p1_0.payment_status,p1_0.payment_type,p1_0.updated_at,p1_0.updated_by,p1_0.user_id,p1_0.version from BASE.payment p1_0 left join BASE.product_order o1_0 on p1_0.id=o1_0.payment_id where p1_0.id=? [42104-224]] [select p1_0.id,p1_0.amount,p1_0.created_at,p1_0.created_by,p1_0.currency,o1_0.id,o1_0.amount,o1_0.created_at,o1_0.created_by,o1_0.details,o1_0.updated_at,o1_0.updated_by,o1_0.version,p1_0.payment_status,p1_0.payment_type,p1_0.updated_at,p1_0.updated_by,p1_0.user_id,p1_0.version from BASE.payment p1_0 left join BASE.product_order o1_0 on p1_0.id=o1_0.payment_id where p1_0.id=?]; SQL [select p1_0.id,p1_0.amount,p1_0.created_at,p1_0.created_by,p1_0.currency,o1_0.id,o1_0.amount,o1_0.created_at,o1_0.created_by,o1_0.details,o1_0.updated_at,o1_0.updated_by,o1_0.version,p1_0.payment_status,p1_0.payment_type,p1_0.updated_at,p1_0.updated_by,p1_0.user_id,p1_0.version from BASE.payment p1_0 left join BASE.product_order o1_0 on p1_0.id=o1_0.payment_id where p1_0.id=?]] with root cause","logger_name":"org.apache.catalina.core.ContainerBase.[Tomcat].[localhost].[/].[dispatcherServlet]","thread_name":"http-nio-8080-exec-8","level":"ERROR","level_value":40000,"stack_trace":"org.h2.jdbc.JdbcSQLSyntaxErrorException: Table \"PAYMENT\" not found (this database is empty); SQL statement:\nselect p1_0.id,p1_0.amount,p1_0.created_at,p1_0.created_by,p1_0.currency,o1_0.id,o1_0.amount,o1_0.created_at,o1_0.created_by,o1_0.details,o1_0.updated_at,o1_0.updated_by,o1_0.version,p1_0.payment_status,p1_0.payment_type,p1_0.updated_at,p1_0.updated_by,p1_0.user_id,p1_0.version from BASE.payment p1_0 left join BASE.product_order o1_0 on p1_0.id=o1_0.payment_id where p1_0.id=? [42104-224]\r\n\tat org.h2.message.DbException.getJdbcSQLException(DbException.java:514)\r\n\tat org.h2.message.DbException.getJdbcSQLException(DbException.java:489)\r\n\tat org.h2.message.DbException.get(DbException.java:223)\r\n\tat org.h2.message.DbException.get(DbException.java:199)\r\n\tat org.h2.command.Parser.getTableOrViewNotFoundDbException(Parser.java:8051)\r\n\tat org.h2.command.Parser.getTableOrViewNotFoundDbException(Parser.java:8045)\r\n\tat org.h2.command.Parser.getTableOrViewNotFoundDbException(Parser.java:8029)\r\n\tat org.h2.command.Parser.readTableOrView(Parser.java:8024)\r\n\tat org.h2.command.Parser.readTablePrimary(Parser.java:1788)\r\n\tat org.h2.command.Parser.readTableReference(Parser.java:2268)\r\n\tat org.h2.command.Parser.parseSelectFromPart(Parser.java:2718)\r\n\tat org.h2.command.Parser.parseSelect(Parser.java:2824)\r\n\tat org.h2.command.Parser.parseQueryPrimary(Parser.java:2708)\r\n\tat org.h2.command.Parser.parseQueryTerm(Parser.java:2564)\r\n\tat org.h2.command.Parser.parseQueryExpressionBody(Parser.java:2543)\r\n\tat org.h2.command.Parser.parseQueryExpressionBodyAndEndOfQuery(Parser.java:2536)\r\n\tat org.h2.command.Parser.parseQueryExpression(Parser.java:2529)\r\n\tat org.h2.command.Parser.parseQuery(Parser.java:2498)\r\n\tat org.h2.command.Parser.parsePrepared(Parser.java:627)\r\n\tat org.h2.command.Parser.parse(Parser.java:592)\r\n\tat org.h2.command.Parser.parse(Parser.java:564)\r\n\tat org.h2.command.Parser.prepareCommand(Parser.java:483)\r\n\tat org.h2.engine.SessionLocal.prepareLocal(SessionLocal.java:639)\r\n\tat org.h2.engine.SessionLocal.prepareCommand(SessionLocal.java:559)\r\n\tat org.h2.jdbc.JdbcConnection.prepareCommand(JdbcConnection.java:1166)\r\n\tat org.h2.jdbc.JdbcPreparedStatement.<init>(JdbcPreparedStatement.java:93)\r\n\tat org.h2.jdbc.JdbcConnection.prepareStatement(JdbcConnection.java:689)\r\n\tat com.zaxxer.hikari.pool.ProxyConnection.prepareStatement(ProxyConnection.java:342)\r\n\tat com.zaxxer.hikari.pool.HikariProxyConnection.prepareStatement(HikariProxyConnection.java)\r\n\tat org.hibernate.engine.jdbc.internal.StatementPreparerImpl$4.doPrepare(StatementPreparerImpl.java:151)\r\n\tat org.hibernate.engine.jdbc.internal.StatementPreparerImpl$StatementPreparationTemplate.prepareStatement(StatementPreparerImpl.java:180)\r\n\tat org.hibernate.engine.jdbc.internal.StatementPreparerImpl.prepareQueryStatement(StatementPreparerImpl.java:153)\r\n\tat org.hibernate.sql.exec.internal.StandardStatementCreator.createStatement(StandardStatementCreator.java:49)\r\n\tat org.hibernate.sql.results.jdbc.internal.DeferredResultSetAccess.executeQuery(DeferredResultSetAccess.java:236)\r\n\tat org.hibernate.sql.results.jdbc.internal.DeferredResultSetAccess.getResultSet(DeferredResultSetAccess.java:172)\r\n\tat org.hibernate.sql.results.jdbc.internal.JdbcValuesResultSetImpl.<init>(JdbcValuesResultSetImpl.java:74)\r\n\tat org.hibernate.sql.exec.internal.JdbcSelectExecutorStandardImpl.resolveJdbcValuesSource(JdbcSelectExecutorStandardImpl.java:355)\r\n\tat org.hibernate.sql.exec.internal.JdbcSelectExecutorStandardImpl.doExecuteQuery(JdbcSelectExecutorStandardImpl.java:137)\r\n\tat org.hibernate.sql.exec.internal.JdbcSelectExecutorStandardImpl.executeQuery(JdbcSelectExecutorStandardImpl.java:102)\r\n\tat org.hibernate.sql.exec.spi.JdbcSelectExecutor.executeQuery(JdbcSelectExecutor.java:91)\r\n\tat org.hibernate.sql.exec.spi.JdbcSelectExecutor.list(JdbcSelectExecutor.java:165)\r\n\tat org.hibernate.loader.ast.internal.SingleIdLoadPlan.load(SingleIdLoadPlan.java:145)\r\n\tat org.hibernate.loader.ast.internal.SingleIdLoadPlan.load(SingleIdLoadPlan.java:117)\r\n\tat org.hibernate.loader.ast.internal.SingleIdEntityLoaderStandardImpl.load(SingleIdEntityLoaderStandardImpl.java:74)\r\n\tat org.hibernate.persister.entity.AbstractEntityPersister.doLoad(AbstractEntityPersister.java:3908)\r\n\tat org.hibernate.persister.entity.AbstractEntityPersister.load(AbstractEntityPersister.java:3897)\r\n\tat org.hibernate.event.internal.DefaultLoadEventListener.loadFromDatasource(DefaultLoadEventListener.java:604)\r\n\tat org.hibernate.event.internal.DefaultLoadEventListener.loadFromCacheOrDatasource(DefaultLoadEventListener.java:590)\r\n\tat org.hibernate.event.internal.DefaultLoadEventListener.load(DefaultLoadEventListener.java:560)\r\n\tat org.hibernate.event.internal.DefaultLoadEventListener.doLoad(DefaultLoadEventListener.java:544)\r\n\tat org.hibernate.event.internal.DefaultLoadEventListener.load(DefaultLoadEventListener.java:206)\r\n\tat org.hibernate.event.internal.DefaultLoadEventListener.loadWithRegularProxy(DefaultLoadEventListener.java:289)\r\n\tat org.hibernate.event.internal.DefaultLoadEventListener.proxyOrLoad(DefaultLoadEventListener.java:241)\r\n\tat org.hibernate.event.internal.DefaultLoadEventListener.doOnLoad(DefaultLoadEventListener.java:110)\r\n\tat org.hibernate.event.internal.DefaultLoadEventListener.onLoad(DefaultLoadEventListener.java:69)\r\n\tat org.hibernate.event.service.internal.EventListenerGroupImpl.fireEventOnEachListener(EventListenerGroupImpl.java:138)\r\n\tat org.hibernate.internal.SessionImpl.fireLoadNoChecks(SessionImpl.java:1229)\r\n\tat org.hibernate.internal.SessionImpl.fireLoad(SessionImpl.java:1217)\r\n\tat org.hibernate.loader.internal.IdentifierLoadAccessImpl.load(IdentifierLoadAccessImpl.java:210)\r\n\tat org.hibernate.loader.internal.IdentifierLoadAccessImpl.doLoad(IdentifierLoadAccessImpl.java:161)\r\n\tat org.hibernate.loader.internal.IdentifierLoadAccessImpl.lambda$load$1(IdentifierLoadAccessImpl.java:150)\r\n\tat org.hibernate.loader.internal.IdentifierLoadAccessImpl.perform(IdentifierLoadAccessImpl.java:113)\r\n\tat org.hibernate.loader.internal.IdentifierLoadAccessImpl.load(IdentifierLoadAccessImpl.java:150)\r\n\tat org.hibernate.internal.SessionImpl.find(SessionImpl.java:2459)\r\n\tat org.hibernate.internal.SessionImpl.find(SessionImpl.java:2430)\r\n\tat java.base/jdk.internal.reflect.DirectMethodHandleAccessor.invoke(DirectMethodHandleAccessor.java:103)\r\n\tat java.base/java.lang.reflect.Method.invoke(Method.java:580)\r\n\tat org.springframework.orm.jpa.ExtendedEntityManagerCreator$ExtendedEntityManagerInvocationHandler.invoke(ExtendedEntityManagerCreator.java:364)\r\n\tat jdk.proxy2/jdk.proxy2.$Proxy165.find(Unknown Source)\r\n\tat java.base/jdk.internal.reflect.DirectMethodHandleAccessor.invoke(DirectMethodHandleAccessor.java:103)\r\n\tat java.base/java.lang.reflect.Method.invoke(Method.java:580)\r\n\tat org.springframework.orm.jpa.SharedEntityManagerCreator$SharedEntityManagerInvocationHandler.invoke(SharedEntityManagerCreator.java:320)\r\n\tat jdk.proxy2/jdk.proxy2.$Proxy165.find(Unknown Source)\r\n\tat org.springframework.data.jpa.repository.support.SimpleJpaRepository.findById(SimpleJpaRepository.java:335)\r\n\tat java.base/jdk.internal.reflect.DirectMethodHandleAccessor.invoke(DirectMethodHandleAccessor.java:103)\r\n\tat java.base/java.lang.reflect.Method.invoke(Method.java:580)\r\n\tat org.springframework.aop.support.AopUtils.invokeJoinpointUsingReflection(AopUtils.java:360)\r\n\tat org.springframework.data.repository.core.support.RepositoryMethodInvoker$RepositoryFragmentMethodInvoker.lambda$new$0(RepositoryMethodInvoker.java:277)\r\n\tat org.springframework.data.repository.core.support.RepositoryMethodInvoker.doInvoke(RepositoryMethodInvoker.java:170)\r\n\tat org.springframework.data.repository.core.support.RepositoryMethodInvoker.invoke(RepositoryMethodInvoker.java:158)\r\n\tat org.springframework.data.repository.core.support.RepositoryComposition$RepositoryFragments.invoke(RepositoryComposition.java:515)\r\n\tat org.springframework.data.repository.core.support.RepositoryComposition.invoke(RepositoryComposition.java:284)\r\n\tat org.springframework.data.repository.core.support.RepositoryFactorySupport$ImplementationMethodExecutionInterceptor.invoke(RepositoryFactorySupport.java:720)\r\n\tat org.springframework.aop.framework.ReflectiveMethodInvocation.proceed(ReflectiveMethodInvocation.java:184)\r\n\tat org.springframework.data.repository.core.support.QueryExecutorMethodInterceptor.doInvoke(QueryExecutorMethodInterceptor.java:174)\r\n\tat org.springframework.data.repository.core.support.QueryExecutorMethodInterceptor.invoke(QueryExecutorMethodInterceptor.java:149)\r\n\tat org.springframework.aop.framework.ReflectiveMethodInvocation.proceed(ReflectiveMethodInvocation.java:184)\r\n\tat org.springframework.data.projection.DefaultMethodInvokingMethodInterceptor.invoke(DefaultMethodInvokingMethodInterceptor.java:69)\r\n\tat org.springframework.aop.framework.ReflectiveMethodInvocation.proceed(ReflectiveMethodInvocation.java:184)\r\n\tat org.springframework.transaction.interceptor.TransactionAspectSupport.invokeWithinTransaction(TransactionAspectSupport.java:380)\r\n\tat org.springframework.transaction.interceptor.TransactionInterceptor.invoke(TransactionInterceptor.java:119)\r\n\tat org.springframework.aop.framework.ReflectiveMethodInvocation.proceed(ReflectiveMethodInvocation.java:184)\r\n\tat org.springframework.dao.support.PersistenceExceptionTranslationInterceptor.invoke(PersistenceExceptionTranslationInterceptor.java:138)\r\n\tat org.springframework.aop.framework.ReflectiveMethodInvocation.proceed(ReflectiveMethodInvocation.java:184)\r\n\tat org.springframework.data.jpa.repository.support.CrudMethodMetadataPostProcessor$CrudMethodMetadataPopulatingMethodInterceptor.invoke(CrudMethodMetadataPostProcessor.java:165)\r\n\tat org.springframework.aop.framework.ReflectiveMethodInvocation.proceed(ReflectiveMethodInvocation.java:184)\r\n\tat org.springframework.aop.framework.JdkDynamicAopProxy.invoke(JdkDynamicAopProxy.java:223)\r\n\tat jdk.proxy2/jdk.proxy2.$Proxy169.findById(Unknown Source)\r\n\tat com.phyriak.service.PaymentService.getPaymentById(PaymentService.java:111)\r\n\tat java.base/jdk.internal.reflect.DirectMethodHandleAccessor.invoke(DirectMethodHandleAccessor.java:103)\r\n\tat java.base/java.lang.reflect.Method.invoke(Method.java:580)\r\n\tat org.springframework.aop.support.AopUtils.invokeJoinpointUsingReflection(AopUtils.java:360)\r\n\tat org.springframework.aop.framework.ReflectiveMethodInvocation.invokeJoinpoint(ReflectiveMethodInvocation.java:196)\r\n\tat org.springframework.aop.framework.ReflectiveMethodInvocation.proceed(ReflectiveMethodInvocation.java:163)\r\n\tat org.springframework.retry.annotation.AnnotationAwareRetryOperationsInterceptor.invoke(AnnotationAwareRetryOperationsInterceptor.java:165)\r\n\tat org.springframework.aop.framework.ReflectiveMethodInvocation.proceed(ReflectiveMethodInvocation.java:184)\r\n\tat org.springframework.aop.framework.CglibAopProxy$DynamicAdvisedInterceptor.intercept(CglibAopProxy.java:728)\r\n\tat com.phyriak.service.PaymentService$$SpringCGLIB$$0.getPaymentById(<generated>)\r\n\tat com.phyriak.controller.PaymentControllerImpl.getPayment(PaymentControllerImpl.java:39)\r\n\tat java.base/jdk.internal.reflect.DirectMethodHandleAccessor.invoke(DirectMethodHandleAccessor.java:103)\r\n\tat java.base/java.lang.reflect.Method.invoke(Method.java:580)\r\n\tat org.springframework.web.method.support.InvocableHandlerMethod.doInvoke(InvocableHandlerMethod.java:258)\r\n\tat org.springframework.web.method.support.InvocableHandlerMethod.invokeForRequest(InvocableHandlerMethod.java:191)\r\n\tat org.springframework.web.servlet.mvc.method.annotation.ServletInvocableHandlerMethod.invokeAndHandle(ServletInvocableHandlerMethod.java:118)\r\n\tat org.springframework.web.servlet.mvc.method.annotation.RequestMappingHandlerAdapter.invokeHandlerMethod(RequestMappingHandlerAdapter.java:991)\r\n\tat org.springframework.web.servlet.mvc.method.annotation.RequestMappingHandlerAdapter.handleInternal(RequestMappingHandlerAdapter.java:896)\r\n\tat org.springframework.web.servlet.mvc.method.AbstractHandlerMethodAdapter.handle(AbstractHandlerMethodAdapter.java:87)\r\n\tat org.springframework.web.servlet.DispatcherServlet.doDispatch(DispatcherServlet.java:1089)\r\n\tat org.springframework.web.servlet.DispatcherServlet.doService(DispatcherServlet.java:979)\r\n\tat org.springframework.web.servlet.FrameworkServlet.processRequest(FrameworkServlet.java:1014)\r\n\tat org.springframework.web.servlet.FrameworkServlet.doGet(FrameworkServlet.java:903)\r\n\tat jakarta.servlet.http.HttpServlet.service(HttpServlet.java:564)\r\n\tat org.springframework.web.servlet.FrameworkServlet.service(FrameworkServlet.java:885)\r\n\tat jakarta.servlet.http.HttpServlet.service(HttpServlet.java:658)\r\n\tat org.apache.catalina.core.ApplicationFilterChain.internalDoFilter(ApplicationFilterChain.java:193)\r\n\tat org.apache.catalina.core.ApplicationFilterChain.doFilter(ApplicationFilterChain.java:138)\r\n\tat org.apache.tomcat.websocket.server.WsFilter.doFilter(WsFilter.java:51)\r\n\tat org.apache.catalina.core.ApplicationFilterChain.internalDoFilter(ApplicationFilterChain.java:162)\r\n\tat org.apache.catalina.core.ApplicationFilterChain.doFilter(ApplicationFilterChain.java:138)\r\n\tat org.springframework.web.filter.RequestContextFilter.doFilterInternal(RequestContextFilter.java:100)\r\n\tat org.springframework.web.filter.OncePerRequestFilter.doFilter(OncePerRequestFilter.java:116)\r\n\tat org.apache.catalina.core.ApplicationFilterChain.internalDoFilter(ApplicationFilterChain.java:162)\r\n\tat org.apache.catalina.core.ApplicationFilterChain.doFilter(ApplicationFilterChain.java:138)\r\n\tat org.springframework.web.filter.FormContentFilter.doFilterInternal(FormContentFilter.java:93)\r\n\tat org.springframework.web.filter.OncePerRequestFilter.doFilter(OncePerRequestFilter.java:116)\r\n\tat org.apache.catalina.core.ApplicationFilterChain.internalDoFilter(ApplicationFilterChain.java:162)\r\n\tat org.apache.catalina.core.ApplicationFilterChain.doFilter(ApplicationFilterChain.java:138)\r\n\tat org.springframework.web.filter.ServerHttpObservationFilter.doFilterInternal(ServerHttpObservationFilter.java:110)\r\n\tat org.springframework.web.filter.OncePerRequestFilter.doFilter(OncePerRequestFilter.java:116)\r\n\tat org.apache.catalina.core.ApplicationFilterChain.internalDoFilter(ApplicationFilterChain.java:162)\r\n\tat org.apache.catalina.core.ApplicationFilterChain.doFilter(ApplicationFilterChain.java:138)\r\n\tat org.springframework.web.filter.CharacterEncodingFilter.doFilterInternal(CharacterEncodingFilter.java:201)\r\n\tat org.springframework.web.filter.OncePerRequestFilter.doFilter(OncePerRequestFilter.java:116)\r\n\tat org.apache.catalina.core.ApplicationFilterChain.internalDoFilter(ApplicationFilterChain.java:162)\r\n\tat org.apache.catalina.core.ApplicationFilterChain.doFilter(ApplicationFilterChain.java:138)\r\n\tat org.apache.catalina.core.StandardWrapperValve.invoke(StandardWrapperValve.java:165)\r\n\tat org.apache.catalina.core.StandardContextValve.invoke(StandardContextValve.java:88)\r\n\tat org.apache.catalina.authenticator.AuthenticatorBase.invoke(AuthenticatorBase.java:482)\r\n\tat org.apache.catalina.core.StandardHostValve.invoke(StandardHostValve.java:113)\r\n\tat org.apache.catalina.valves.ErrorReportValve.invoke(ErrorReportValve.java:83)\r\n\tat org.apache.catalina.core.StandardEngineValve.invoke(StandardEngineValve.java:72)\r\n\tat org.apache.catalina.connector.CoyoteAdapter.service(CoyoteAdapter.java:342)\r\n\tat org.apache.coyote.http11.Http11Processor.service(Http11Processor.java:399)\r\n\tat org.apache.coyote.AbstractProcessorLight.process(AbstractProcessorLight.java:63)\r\n\tat org.apache.coyote.AbstractProtocol$ConnectionHandler.process(AbstractProtocol.java:903)\r\n\tat org.apache.tomcat.util.net.NioEndpoint$SocketProcessor.doRun(NioEndpoint.java:1774)\r\n\tat org.apache.tomcat.util.net.SocketProcessorBase.run(SocketProcessorBase.java:52)\r\n\tat org.apache.tomcat.util.threads.ThreadPoolExecutor.runWorker(ThreadPoolExecutor.java:973)\r\n\tat org.apache.tomcat.util.threads.ThreadPoolExecutor$Worker.run(ThreadPoolExecutor.java:491)\r\n\tat org.apache.tomcat.util.threads.TaskThread$WrappingRunnable.run(TaskThread.java:63)\r\n\tat java.base/java.lang.Thread.run(Thread.java:1583)\r\n"}
{"@timestamp":"2026-05-17T17:24:37.6830268+02:00","@version":"1","message":"Session Metrics {\n    0 nanoseconds spent acquiring 0 JDBC connections;\n    0 nanoseconds spent releasing 0 JDBC connections;\n    0 nanoseconds spent preparing 0 JDBC statements;\n    0 nanoseconds spent executing 0 JDBC statements;\n    0 nanoseconds spent executing 0 JDBC batches;\n    0 nanoseconds spent performing 0 L2C puts;\n    0 nanoseconds spent performing 0 L2C hits;\n    0 nanoseconds spent performing 0 L2C misses;\n    0 nanoseconds spent executing 0 flushes (flushing a total of 0 entities and 0 collections);\n    0 nanoseconds spent executing 0 pre-partial-flushes;\n    0 nanoseconds spent executing 0 partial-flushes (flushing a total of 0 entities and 0 collections)\n}","logger_name":"org.hibernate.engine.internal.StatisticalLoggingSessionEventListener","thread_name":"http-nio-8080-exec-8","level":"INFO","level_value":20000}
{"@timestamp":"2026-05-17T17:24:47.9122536+02:00","@version":"1","message":"Session Metrics {\n    0 nanoseconds spent acquiring 0 JDBC connections;\n    0 nanoseconds spent releasing 0 JDBC connections;\n    0 nanoseconds spent preparing 0 JDBC statements;\n    0 nanoseconds spent executing 0 JDBC statements;\n    0 nanoseconds spent executing 0 JDBC batches;\n    0 nanoseconds spent performing 0 L2C puts;\n    0 nanoseconds spent performing 0 L2C hits;\n    0 nanoseconds spent performing 0 L2C misses;\n    0 nanoseconds spent executing 0 flushes (flushing a total of 0 entities and 0 collections);\n    0 nanoseconds spent executing 0 pre-partial-flushes;\n    0 nanoseconds spent executing 0 partial-flushes (flushing a total of 0 entities and 0 collections)\n}","logger_name":"org.hibernate.engine.internal.StatisticalLoggingSessionEventListener","thread_name":"http-nio-8080-exec-1","level":"INFO","level_value":20000,"traceId":"43473a1c6861c239db6313dd3df6901d","spanId":"8087510ec7e45d9b"}
{"@timestamp":"2026-05-17T17:24:47.9153874+02:00","@version":"1","message":"Session Metrics {\n    0 nanoseconds spent acquiring 0 JDBC connections;\n    0 nanoseconds spent releasing 0 JDBC connections;\n    0 nanoseconds spent preparing 0 JDBC statements;\n    0 nanoseconds spent executing 0 JDBC statements;\n    0 nanoseconds spent executing 0 JDBC batches;\n    0 nanoseconds spent performing 0 L2C puts;\n    0 nanoseconds spent performing 0 L2C hits;\n    0 nanoseconds spent performing 0 L2C misses;\n    0 nanoseconds spent executing 0 flushes (flushing a total of 0 entities and 0 collections);\n    0 nanoseconds spent executing 0 pre-partial-flushes;\n    0 nanoseconds spent executing 0 partial-flushes (flushing a total of 0 entities and 0 collections)\n}","logger_name":"org.hibernate.engine.internal.StatisticalLoggingSessionEventListener","thread_name":"http-nio-8080-exec-1","level":"INFO","level_value":20000}
{"@timestamp":"2026-05-17T17:25:07.0244848+02:00","@version":"1","message":"Commencing graceful shutdown. Waiting for active requests to complete","logger_name":"org.springframework.boot.web.embedded.tomcat.GracefulShutdown","thread_name":"SpringApplicationShutdownHook","level":"INFO","level_value":20000}
{"@timestamp":"2026-05-17T17:25:07.0351602+02:00","@version":"1","message":"Graceful shutdown complete","logger_name":"org.springframework.boot.web.embedded.tomcat.GracefulShutdown","thread_name":"tomcat-shutdown","level":"INFO","level_value":20000}
{"@timestamp":"2026-05-17T17:25:07.0452015+02:00","@version":"1","message":"Closing JPA EntityManagerFactory for persistence unit 'default'","logger_name":"org.springframework.orm.jpa.LocalContainerEntityManagerFactoryBean","thread_name":"SpringApplicationShutdownHook","level":"INFO","level_value":20000}
{"@timestamp":"2026-05-17T17:25:07.0530902+02:00","@version":"1","message":"HikariPool-1 - Shutdown initiated...","logger_name":"com.zaxxer.hikari.HikariDataSource","thread_name":"SpringApplicationShutdownHook","level":"INFO","level_value":20000}
{"@timestamp":"2026-05-17T17:25:07.0569352+02:00","@version":"1","message":"HikariPool-1 - Shutdown completed.","logger_name":"com.zaxxer.hikari.HikariDataSource","thread_name":"SpringApplicationShutdownHook","level":"INFO","level_value":20000}
{"@timestamp":"2026-05-17T17:25:10.9205766+02:00","@version":"1","message":"HV000001: Hibernate Validator 8.0.3.Final","logger_name":"org.hibernate.validator.internal.util.Version","thread_name":"background-preinit","level":"INFO","level_value":20000}
{"@timestamp":"2026-05-17T17:25:10.9798993+02:00","@version":"1","message":"Starting PaymentServiceApplication using Java 21.0.7 with PID 24164 (C:\\Users\\piotr\\Workspace\\payment-service\\target\\classes started by piotr in C:\\Users\\piotr\\Workspace\\payment-service)","logger_name":"com.phyriak.PaymentServiceApplication","thread_name":"main","level":"INFO","level_value":20000}
{"@timestamp":"2026-05-17T17:25:10.9819006+02:00","@version":"1","message":"No active profile set, falling back to 1 default profile: \"default\"","logger_name":"com.phyriak.PaymentServiceApplication","thread_name":"main","level":"INFO","level_value":20000}
{"@timestamp":"2026-05-17T17:25:12.9099689+02:00","@version":"1","message":"Bootstrapping Spring Data JPA repositories in DEFAULT mode.","logger_name":"org.springframework.data.repository.config.RepositoryConfigurationDelegate","thread_name":"main","level":"INFO","level_value":20000}
{"@timestamp":"2026-05-17T17:25:13.0740594+02:00","@version":"1","message":"Finished Spring Data repository scanning in 114 ms. Found 1 JPA repository interface.","logger_name":"org.springframework.data.repository.config.RepositoryConfigurationDelegate","thread_name":"main","level":"INFO","level_value":20000}
{"@timestamp":"2026-05-17T17:25:13.9365999+02:00","@version":"1","message":"Tomcat initialized with port 8080 (http)","logger_name":"org.springframework.boot.web.embedded.tomcat.TomcatWebServer","thread_name":"main","level":"INFO","level_value":20000}
{"@timestamp":"2026-05-17T17:25:13.9625998+02:00","@version":"1","message":"Initializing ProtocolHandler [\"http-nio-8080\"]","logger_name":"org.apache.coyote.http11.Http11NioProtocol","thread_name":"main","level":"INFO","level_value":20000}
{"@timestamp":"2026-05-17T17:25:13.9673566+02:00","@version":"1","message":"Starting service [Tomcat]","logger_name":"org.apache.catalina.core.StandardService","thread_name":"main","level":"INFO","level_value":20000}
{"@timestamp":"2026-05-17T17:25:13.9688225+02:00","@version":"1","message":"Starting Servlet engine: [Apache Tomcat/10.1.50]","logger_name":"org.apache.catalina.core.StandardEngine","thread_name":"main","level":"INFO","level_value":20000}
{"@timestamp":"2026-05-17T17:25:14.1351143+02:00","@version":"1","message":"Initializing Spring embedded WebApplicationContext","logger_name":"org.apache.catalina.core.ContainerBase.[Tomcat].[localhost].[/]","thread_name":"main","level":"INFO","level_value":20000}
{"@timestamp":"2026-05-17T17:25:14.1361161+02:00","@version":"1","message":"Root WebApplicationContext: initialization completed in 3092 ms","logger_name":"org.springframework.boot.web.servlet.context.ServletWebServerApplicationContext","thread_name":"main","level":"INFO","level_value":20000}
{"@timestamp":"2026-05-17T17:25:14.9376288+02:00","@version":"1","message":"HikariPool-1 - Starting...","logger_name":"com.zaxxer.hikari.HikariDataSource","thread_name":"main","level":"INFO","level_value":20000}
{"@timestamp":"2026-05-17T17:25:15.1934948+02:00","@version":"1","message":"HikariPool-1 - Added connection conn0: url=jdbc:h2:mem:mydb user=SA","logger_name":"com.zaxxer.hikari.pool.HikariPool","thread_name":"main","level":"INFO","level_value":20000}
{"@timestamp":"2026-05-17T17:25:15.1957602+02:00","@version":"1","message":"HikariPool-1 - Start completed.","logger_name":"com.zaxxer.hikari.HikariDataSource","thread_name":"main","level":"INFO","level_value":20000}
{"@timestamp":"2026-05-17T17:25:15.3654325+02:00","@version":"1","message":"HHH000204: Processing PersistenceUnitInfo [name: default]","logger_name":"org.hibernate.jpa.internal.util.LogHelper","thread_name":"main","level":"INFO","level_value":20000}
{"@timestamp":"2026-05-17T17:25:15.4575165+02:00","@version":"1","message":"HHH000412: Hibernate ORM core version 6.6.41.Final","logger_name":"org.hibernate.Version","thread_name":"main","level":"INFO","level_value":20000}
{"@timestamp":"2026-05-17T17:25:15.5053951+02:00","@version":"1","message":"HHH000026: Second-level cache disabled","logger_name":"org.hibernate.cache.internal.RegionFactoryInitiator","thread_name":"main","level":"INFO","level_value":20000}
{"@timestamp":"2026-05-17T17:25:15.9692041+02:00","@version":"1","message":"No LoadTimeWeaver setup: ignoring JPA class transformer","logger_name":"org.springframework.orm.jpa.persistenceunit.SpringPersistenceUnitInfo","thread_name":"main","level":"INFO","level_value":20000}
{"@timestamp":"2026-05-17T17:25:16.049905+02:00","@version":"1","message":"HHH90000025: H2Dialect does not need to be specified explicitly using 'hibernate.dialect' (remove the property setting and it will be selected by default)","logger_name":"org.hibernate.orm.deprecation","thread_name":"main","level":"WARN","level_value":30000}
{"@timestamp":"2026-05-17T17:25:16.071532+02:00","@version":"1","message":"HHH10001005: Database info:\n\tDatabase JDBC URL [Connecting through datasource 'HikariDataSource (HikariPool-1)']\n\tDatabase driver: undefined/unknown\n\tDatabase version: 2.2.224\n\tAutocommit mode: undefined/unknown\n\tIsolation level: undefined/unknown\n\tMinimum pool size: undefined/unknown\n\tMaximum pool size: undefined/unknown","logger_name":"org.hibernate.orm.connections.pooling","thread_name":"main","level":"INFO","level_value":20000}
{"@timestamp":"2026-05-17T17:25:17.1674433+02:00","@version":"1","message":"HHH000489: No JTA platform available (set 'hibernate.transaction.jta.platform' to enable JTA platform integration)","logger_name":"org.hibernate.engine.transaction.jta.platform.internal.JtaPlatformInitiator","thread_name":"main","level":"INFO","level_value":20000}
{"@timestamp":"2026-05-17T17:25:17.2081515+02:00","@version":"1","message":"Initialized JPA EntityManagerFactory for persistence unit 'default'","logger_name":"org.springframework.orm.jpa.LocalContainerEntityManagerFactoryBean","thread_name":"main","level":"INFO","level_value":20000}
{"@timestamp":"2026-05-17T17:25:18.3178127+02:00","@version":"1","message":"Session Metrics {\n    0 nanoseconds spent acquiring 0 JDBC connections;\n    0 nanoseconds spent releasing 0 JDBC connections;\n    0 nanoseconds spent preparing 0 JDBC statements;\n    0 nanoseconds spent executing 0 JDBC statements;\n    0 nanoseconds spent executing 0 JDBC batches;\n    0 nanoseconds spent performing 0 L2C puts;\n    0 nanoseconds spent performing 0 L2C hits;\n    0 nanoseconds spent performing 0 L2C misses;\n    0 nanoseconds spent executing 0 flushes (flushing a total of 0 entities and 0 collections);\n    0 nanoseconds spent executing 0 pre-partial-flushes;\n    0 nanoseconds spent executing 0 partial-flushes (flushing a total of 0 entities and 0 collections)\n}","logger_name":"org.hibernate.engine.internal.StatisticalLoggingSessionEventListener","thread_name":"main","level":"INFO","level_value":20000}
{"@timestamp":"2026-05-17T17:25:18.3394853+02:00","@version":"1","message":"Hibernate is in classpath; If applicable, HQL parser will be used.","logger_name":"org.springframework.data.jpa.repository.query.QueryEnhancerFactory","thread_name":"main","level":"INFO","level_value":20000}
{"@timestamp":"2026-05-17T17:25:18.9356844+02:00","@version":"1","message":"Session Metrics {\n    0 nanoseconds spent acquiring 0 JDBC connections;\n    0 nanoseconds spent releasing 0 JDBC connections;\n    0 nanoseconds spent preparing 0 JDBC statements;\n    0 nanoseconds spent executing 0 JDBC statements;\n    0 nanoseconds spent executing 0 JDBC batches;\n    0 nanoseconds spent performing 0 L2C puts;\n    0 nanoseconds spent performing 0 L2C hits;\n    0 nanoseconds spent performing 0 L2C misses;\n    0 nanoseconds spent executing 0 flushes (flushing a total of 0 entities and 0 collections);\n    0 nanoseconds spent executing 0 pre-partial-flushes;\n    0 nanoseconds spent executing 0 partial-flushes (flushing a total of 0 entities and 0 collections)\n}","logger_name":"org.hibernate.engine.internal.StatisticalLoggingSessionEventListener","thread_name":"main","level":"INFO","level_value":20000}
{"@timestamp":"2026-05-17T17:25:19.163132+02:00","@version":"1","message":"spring.jpa.open-in-view is enabled by default. Therefore, database queries may be performed during view rendering. Explicitly configure spring.jpa.open-in-view to disable this warning","logger_name":"org.springframework.boot.autoconfigure.orm.jpa.JpaBaseConfiguration$JpaWebConfiguration","thread_name":"main","level":"WARN","level_value":30000}
{"@timestamp":"2026-05-17T17:25:19.9025537+02:00","@version":"1","message":"H2 console available at '/h2-console'. Database available at 'jdbc:h2:mem:mydb'","logger_name":"org.springframework.boot.autoconfigure.h2.H2ConsoleAutoConfiguration","thread_name":"main","level":"INFO","level_value":20000}
{"@timestamp":"2026-05-17T17:25:19.9341775+02:00","@version":"1","message":"Exposing 3 endpoints beneath base path '/actuator'","logger_name":"org.springframework.boot.actuate.endpoint.web.EndpointLinksResolver","thread_name":"main","level":"INFO","level_value":20000}
{"@timestamp":"2026-05-17T17:25:20.0557402+02:00","@version":"1","message":"Starting ProtocolHandler [\"http-nio-8080\"]","logger_name":"org.apache.coyote.http11.Http11NioProtocol","thread_name":"main","level":"INFO","level_value":20000}
{"@timestamp":"2026-05-17T17:25:20.0730647+02:00","@version":"1","message":"Tomcat started on port 8080 (http) with context path '/'","logger_name":"org.springframework.boot.web.embedded.tomcat.TomcatWebServer","thread_name":"main","level":"INFO","level_value":20000}
{"@timestamp":"2026-05-17T17:25:20.0972213+02:00","@version":"1","message":"Started PaymentServiceApplication in 10.108 seconds (process running for 10.677)","logger_name":"com.phyriak.PaymentServiceApplication","thread_name":"main","level":"INFO","level_value":20000}
{"@timestamp":"2026-05-17T17:25:24.4014585+02:00","@version":"1","message":"Initializing Spring DispatcherServlet 'dispatcherServlet'","logger_name":"org.apache.catalina.core.ContainerBase.[Tomcat].[localhost].[/]","thread_name":"http-nio-8080-exec-1","level":"INFO","level_value":20000}
{"@timestamp":"2026-05-17T17:25:24.4024629+02:00","@version":"1","message":"Initializing Servlet 'dispatcherServlet'","logger_name":"org.springframework.web.servlet.DispatcherServlet","thread_name":"http-nio-8080-exec-1","level":"INFO","level_value":20000}
{"@timestamp":"2026-05-17T17:25:24.4044613+02:00","@version":"1","message":"Completed initialization in 2 ms","logger_name":"org.springframework.web.servlet.DispatcherServlet","thread_name":"http-nio-8080-exec-1","level":"INFO","level_value":20000}
{"@timestamp":"2026-05-17T17:25:31.9033779+02:00","@version":"1","message":"Session Metrics {\n    0 nanoseconds spent acquiring 0 JDBC connections;\n    0 nanoseconds spent releasing 0 JDBC connections;\n    0 nanoseconds spent preparing 0 JDBC statements;\n    0 nanoseconds spent executing 0 JDBC statements;\n    0 nanoseconds spent executing 0 JDBC batches;\n    0 nanoseconds spent performing 0 L2C puts;\n    0 nanoseconds spent performing 0 L2C hits;\n    0 nanoseconds spent performing 0 L2C misses;\n    0 nanoseconds spent executing 0 flushes (flushing a total of 0 entities and 0 collections);\n    0 nanoseconds spent executing 0 pre-partial-flushes;\n    0 nanoseconds spent executing 0 partial-flushes (flushing a total of 0 entities and 0 collections)\n}","logger_name":"org.hibernate.engine.internal.StatisticalLoggingSessionEventListener","thread_name":"http-nio-8080-exec-4","level":"INFO","level_value":20000,"traceId":"37c4d44903918a44c1239bb99b6ea792","spanId":"8d32910d2952424a"}
{"@timestamp":"2026-05-17T17:25:31.9641589+02:00","@version":"1","message":"Session Metrics {\n    0 nanoseconds spent acquiring 0 JDBC connections;\n    0 nanoseconds spent releasing 0 JDBC connections;\n    0 nanoseconds spent preparing 0 JDBC statements;\n    0 nanoseconds spent executing 0 JDBC statements;\n    0 nanoseconds spent executing 0 JDBC batches;\n    0 nanoseconds spent performing 0 L2C puts;\n    0 nanoseconds spent performing 0 L2C hits;\n    0 nanoseconds spent performing 0 L2C misses;\n    0 nanoseconds spent executing 0 flushes (flushing a total of 0 entities and 0 collections);\n    0 nanoseconds spent executing 0 pre-partial-flushes;\n    0 nanoseconds spent executing 0 partial-flushes (flushing a total of 0 entities and 0 collections)\n}","logger_name":"org.hibernate.engine.internal.StatisticalLoggingSessionEventListener","thread_name":"http-nio-8080-exec-4","level":"INFO","level_value":20000}
{"@timestamp":"2026-05-17T17:25:45.5442617+02:00","@version":"1","message":"Session Metrics {\n    0 nanoseconds spent acquiring 0 JDBC connections;\n    0 nanoseconds spent releasing 0 JDBC connections;\n    0 nanoseconds spent preparing 0 JDBC statements;\n    0 nanoseconds spent executing 0 JDBC statements;\n    0 nanoseconds spent executing 0 JDBC batches;\n    0 nanoseconds spent performing 0 L2C puts;\n    0 nanoseconds spent performing 0 L2C hits;\n    0 nanoseconds spent performing 0 L2C misses;\n    0 nanoseconds spent executing 0 flushes (flushing a total of 0 entities and 0 collections);\n    0 nanoseconds spent executing 0 pre-partial-flushes;\n    0 nanoseconds spent executing 0 partial-flushes (flushing a total of 0 entities and 0 collections)\n}","logger_name":"org.hibernate.engine.internal.StatisticalLoggingSessionEventListener","thread_name":"http-nio-8080-exec-8","level":"INFO","level_value":20000,"traceId":"b4587958035bad0e5f55858216b64d28","spanId":"4b5f0e236957c5b7"}
{"@timestamp":"2026-05-17T17:25:45.5473515+02:00","@version":"1","message":"Session Metrics {\n    0 nanoseconds spent acquiring 0 JDBC connections;\n    0 nanoseconds spent releasing 0 JDBC connections;\n    0 nanoseconds spent preparing 0 JDBC statements;\n    0 nanoseconds spent executing 0 JDBC statements;\n    0 nanoseconds spent executing 0 JDBC batches;\n    0 nanoseconds spent performing 0 L2C puts;\n    0 nanoseconds spent performing 0 L2C hits;\n    0 nanoseconds spent performing 0 L2C misses;\n    0 nanoseconds spent executing 0 flushes (flushing a total of 0 entities and 0 collections);\n    0 nanoseconds spent executing 0 pre-partial-flushes;\n    0 nanoseconds spent executing 0 partial-flushes (flushing a total of 0 entities and 0 collections)\n}","logger_name":"org.hibernate.engine.internal.StatisticalLoggingSessionEventListener","thread_name":"http-nio-8080-exec-8","level":"INFO","level_value":20000}
{"@timestamp":"2026-05-17T17:25:51.7513802+02:00","@version":"1","message":"Payment with id: 555 does not exist!","logger_name":"com.phyriak.exceptions.ExceptionHandler","thread_name":"http-nio-8080-exec-10","level":"ERROR","level_value":40000,"traceId":"3847412634348f0afba416ac7540cb65","spanId":"98017f8de2c67080"}
{"@timestamp":"2026-05-17T17:25:51.7703103+02:00","@version":"1","message":"Session Metrics {\n    200400 nanoseconds spent acquiring 1 JDBC connections;\n    0 nanoseconds spent releasing 0 JDBC connections;\n    5495200 nanoseconds spent preparing 1 JDBC statements;\n    5141600 nanoseconds spent executing 1 JDBC statements;\n    0 nanoseconds spent executing 0 JDBC batches;\n    0 nanoseconds spent performing 0 L2C puts;\n    0 nanoseconds spent performing 0 L2C hits;\n    0 nanoseconds spent performing 0 L2C misses;\n    0 nanoseconds spent executing 0 flushes (flushing a total of 0 entities and 0 collections);\n    0 nanoseconds spent executing 0 pre-partial-flushes;\n    0 nanoseconds spent executing 0 partial-flushes (flushing a total of 0 entities and 0 collections)\n}","logger_name":"org.hibernate.engine.internal.StatisticalLoggingSessionEventListener","thread_name":"http-nio-8080-exec-10","level":"INFO","level_value":20000,"traceId":"3847412634348f0afba416ac7540cb65","spanId":"98017f8de2c67080"}
{"@timestamp":"2026-05-17T17:26:50.2467262+02:00","@version":"1","message":"Payment with id: 555 does not exist!","logger_name":"com.phyriak.exceptions.ExceptionHandler","thread_name":"http-nio-8080-exec-4","level":"ERROR","level_value":40000,"traceId":"593f9c29d76711a249ebaa652f0983df","spanId":"43e9bcdc07c6d91b"}
{"@timestamp":"2026-05-17T17:26:50.2477284+02:00","@version":"1","message":"Session Metrics {\n    130200 nanoseconds spent acquiring 1 JDBC connections;\n    0 nanoseconds spent releasing 0 JDBC connections;\n    53700 nanoseconds spent preparing 1 JDBC statements;\n    248900 nanoseconds spent executing 1 JDBC statements;\n    0 nanoseconds spent executing 0 JDBC batches;\n    0 nanoseconds spent performing 0 L2C puts;\n    0 nanoseconds spent performing 0 L2C hits;\n    0 nanoseconds spent performing 0 L2C misses;\n    0 nanoseconds spent executing 0 flushes (flushing a total of 0 entities and 0 collections);\n    0 nanoseconds spent executing 0 pre-partial-flushes;\n    0 nanoseconds spent executing 0 partial-flushes (flushing a total of 0 entities and 0 collections)\n}","logger_name":"org.hibernate.engine.internal.StatisticalLoggingSessionEventListener","thread_name":"http-nio-8080-exec-4","level":"INFO","level_value":20000,"traceId":"593f9c29d76711a249ebaa652f0983df","spanId":"43e9bcdc07c6d91b"}
{"@timestamp":"2026-05-17T17:26:50.8281876+02:00","@version":"1","message":"Payment with id: 555 does not exist!","logger_name":"com.phyriak.exceptions.ExceptionHandler","thread_name":"http-nio-8080-exec-6","level":"ERROR","level_value":40000,"traceId":"86c17d4054d0941948478916da752f17","spanId":"8201742ba40157f4"}
{"@timestamp":"2026-05-17T17:26:50.8301894+02:00","@version":"1","message":"Session Metrics {\n    49300 nanoseconds spent acquiring 1 JDBC connections;\n    0 nanoseconds spent releasing 0 JDBC connections;\n    37100 nanoseconds spent preparing 1 JDBC statements;\n    181500 nanoseconds spent executing 1 JDBC statements;\n    0 nanoseconds spent executing 0 JDBC batches;\n    0 nanoseconds spent performing 0 L2C puts;\n    0 nanoseconds spent performing 0 L2C hits;\n    0 nanoseconds spent performing 0 L2C misses;\n    0 nanoseconds spent executing 0 flushes (flushing a total of 0 entities and 0 collections);\n    0 nanoseconds spent executing 0 pre-partial-flushes;\n    0 nanoseconds spent executing 0 partial-flushes (flushing a total of 0 entities and 0 collections)\n}","logger_name":"org.hibernate.engine.internal.StatisticalLoggingSessionEventListener","thread_name":"http-nio-8080-exec-6","level":"INFO","level_value":20000,"traceId":"86c17d4054d0941948478916da752f17","spanId":"8201742ba40157f4"}
{"@timestamp":"2026-05-17T17:29:05.7941685+02:00","@version":"1","message":"Payment with id: 555 does not exist!","logger_name":"com.phyriak.exceptions.ExceptionHandler","thread_name":"http-nio-8080-exec-5","level":"ERROR","level_value":40000,"traceId":"0494d36ed2a3c881f775aaff8f642c1d","spanId":"c902fea8d7f458be"}
{"@timestamp":"2026-05-17T17:29:05.7963743+02:00","@version":"1","message":"Session Metrics {\n    118900 nanoseconds spent acquiring 1 JDBC connections;\n    0 nanoseconds spent releasing 0 JDBC connections;\n    41200 nanoseconds spent preparing 1 JDBC statements;\n    214600 nanoseconds spent executing 1 JDBC statements;\n    0 nanoseconds spent executing 0 JDBC batches;\n    0 nanoseconds spent performing 0 L2C puts;\n    0 nanoseconds spent performing 0 L2C hits;\n    0 nanoseconds spent performing 0 L2C misses;\n    0 nanoseconds spent executing 0 flushes (flushing a total of 0 entities and 0 collections);\n    0 nanoseconds spent executing 0 pre-partial-flushes;\n    0 nanoseconds spent executing 0 partial-flushes (flushing a total of 0 entities and 0 collections)\n}","logger_name":"org.hibernate.engine.internal.StatisticalLoggingSessionEventListener","thread_name":"http-nio-8080-exec-5","level":"INFO","level_value":20000,"traceId":"0494d36ed2a3c881f775aaff8f642c1d","spanId":"c902fea8d7f458be"}
{"@timestamp":"2026-05-17T17:29:06.9914898+02:00","@version":"1","message":"Payment with id: 555 does not exist!","logger_name":"com.phyriak.exceptions.ExceptionHandler","thread_name":"http-nio-8080-exec-6","level":"ERROR","level_value":40000,"traceId":"f5bb4da9fb5ceb169f8c1fe0722499fc","spanId":"fa99894bf991f0b6"}
{"@timestamp":"2026-05-17T17:29:06.9930269+02:00","@version":"1","message":"Session Metrics {\n    41200 nanoseconds spent acquiring 1 JDBC connections;\n    0 nanoseconds spent releasing 0 JDBC connections;\n    31500 nanoseconds spent preparing 1 JDBC statements;\n    202200 nanoseconds spent executing 1 JDBC statements;\n    0 nanoseconds spent executing 0 JDBC batches;\n    0 nanoseconds spent performing 0 L2C puts;\n    0 nanoseconds spent performing 0 L2C hits;\n    0 nanoseconds spent performing 0 L2C misses;\n    0 nanoseconds spent executing 0 flushes (flushing a total of 0 entities and 0 collections);\n    0 nanoseconds spent executing 0 pre-partial-flushes;\n    0 nanoseconds spent executing 0 partial-flushes (flushing a total of 0 entities and 0 collections)\n}","logger_name":"org.hibernate.engine.internal.StatisticalLoggingSessionEventListener","thread_name":"http-nio-8080-exec-6","level":"INFO","level_value":20000,"traceId":"f5bb4da9fb5ceb169f8c1fe0722499fc","spanId":"fa99894bf991f0b6"}
{"@timestamp":"2026-05-17T17:33:10.6229505+02:00","@version":"1","message":"Commencing graceful shutdown. Waiting for active requests to complete","logger_name":"org.springframework.boot.web.embedded.tomcat.GracefulShutdown","thread_name":"SpringApplicationShutdownHook","level":"INFO","level_value":20000}
{"@timestamp":"2026-05-17T17:33:10.6353943+02:00","@version":"1","message":"Graceful shutdown complete","logger_name":"org.springframework.boot.web.embedded.tomcat.GracefulShutdown","thread_name":"tomcat-shutdown","level":"INFO","level_value":20000}
{"@timestamp":"2026-05-17T17:33:10.6422339+02:00","@version":"1","message":"Closing JPA EntityManagerFactory for persistence unit 'default'","logger_name":"org.springframework.orm.jpa.LocalContainerEntityManagerFactoryBean","thread_name":"SpringApplicationShutdownHook","level":"INFO","level_value":20000}
{"@timestamp":"2026-05-17T17:33:10.650211+02:00","@version":"1","message":"HikariPool-1 - Shutdown initiated...","logger_name":"com.zaxxer.hikari.HikariDataSource","thread_name":"SpringApplicationShutdownHook","level":"INFO","level_value":20000}
{"@timestamp":"2026-05-17T17:33:10.6539461+02:00","@version":"1","message":"HikariPool-1 - Shutdown completed.","logger_name":"com.zaxxer.hikari.HikariDataSource","thread_name":"SpringApplicationShutdownHook","level":"INFO","level_value":20000}
{"@timestamp":"2026-05-17T17:33:16.6297525+02:00","@version":"1","message":"HV000001: Hibernate Validator 8.0.3.Final","logger_name":"org.hibernate.validator.internal.util.Version","thread_name":"background-preinit","level":"INFO","level_value":20000}
{"@timestamp":"2026-05-17T17:33:16.7052354+02:00","@version":"1","message":"Starting PaymentServiceApplication using Java 21.0.7 with PID 22360 (C:\\Users\\piotr\\Workspace\\payment-service\\target\\classes started by piotr in C:\\Users\\piotr\\Workspace\\payment-service)","logger_name":"com.phyriak.PaymentServiceApplication","thread_name":"main","level":"INFO","level_value":20000}
{"@timestamp":"2026-05-17T17:33:16.707316+02:00","@version":"1","message":"No active profile set, falling back to 1 default profile: \"default\"","logger_name":"com.phyriak.PaymentServiceApplication","thread_name":"main","level":"INFO","level_value":20000}
{"@timestamp":"2026-05-17T17:33:18.3598036+02:00","@version":"1","message":"Bootstrapping Spring Data JPA repositories in DEFAULT mode.","logger_name":"org.springframework.data.repository.config.RepositoryConfigurationDelegate","thread_name":"main","level":"INFO","level_value":20000}
{"@timestamp":"2026-05-17T17:33:18.4374896+02:00","@version":"1","message":"Finished Spring Data repository scanning in 64 ms. Found 1 JPA repository interface.","logger_name":"org.springframework.data.repository.config.RepositoryConfigurationDelegate","thread_name":"main","level":"INFO","level_value":20000}
{"@timestamp":"2026-05-17T17:33:19.22925+02:00","@version":"1","message":"Tomcat initialized with port 8080 (http)","logger_name":"org.springframework.boot.web.embedded.tomcat.TomcatWebServer","thread_name":"main","level":"INFO","level_value":20000}
{"@timestamp":"2026-05-17T17:33:19.2510307+02:00","@version":"1","message":"Initializing ProtocolHandler [\"http-nio-8080\"]","logger_name":"org.apache.coyote.http11.Http11NioProtocol","thread_name":"main","level":"INFO","level_value":20000}
{"@timestamp":"2026-05-17T17:33:19.2540561+02:00","@version":"1","message":"Starting service [Tomcat]","logger_name":"org.apache.catalina.core.StandardService","thread_name":"main","level":"INFO","level_value":20000}
{"@timestamp":"2026-05-17T17:33:19.2540561+02:00","@version":"1","message":"Starting Servlet engine: [Apache Tomcat/10.1.50]","logger_name":"org.apache.catalina.core.StandardEngine","thread_name":"main","level":"INFO","level_value":20000}
{"@timestamp":"2026-05-17T17:33:19.3773594+02:00","@version":"1","message":"Initializing Spring embedded WebApplicationContext","logger_name":"org.apache.catalina.core.ContainerBase.[Tomcat].[localhost].[/]","thread_name":"main","level":"INFO","level_value":20000}
{"@timestamp":"2026-05-17T17:33:19.3797885+02:00","@version":"1","message":"Root WebApplicationContext: initialization completed in 2529 ms","logger_name":"org.springframework.boot.web.servlet.context.ServletWebServerApplicationContext","thread_name":"main","level":"INFO","level_value":20000}
{"@timestamp":"2026-05-17T17:33:20.0766994+02:00","@version":"1","message":"HikariPool-1 - Starting...","logger_name":"com.zaxxer.hikari.HikariDataSource","thread_name":"main","level":"INFO","level_value":20000}
{"@timestamp":"2026-05-17T17:33:20.2839903+02:00","@version":"1","message":"HikariPool-1 - Added connection conn0: url=jdbc:h2:mem:mydb user=SA","logger_name":"com.zaxxer.hikari.pool.HikariPool","thread_name":"main","level":"INFO","level_value":20000}
{"@timestamp":"2026-05-17T17:33:20.286991+02:00","@version":"1","message":"HikariPool-1 - Start completed.","logger_name":"com.zaxxer.hikari.HikariDataSource","thread_name":"main","level":"INFO","level_value":20000}
{"@timestamp":"2026-05-17T17:33:20.5210482+02:00","@version":"1","message":"HHH000204: Processing PersistenceUnitInfo [name: default]","logger_name":"org.hibernate.jpa.internal.util.LogHelper","thread_name":"main","level":"INFO","level_value":20000}
{"@timestamp":"2026-05-17T17:33:20.6282266+02:00","@version":"1","message":"HHH000412: Hibernate ORM core version 6.6.41.Final","logger_name":"org.hibernate.Version","thread_name":"main","level":"INFO","level_value":20000}
{"@timestamp":"2026-05-17T17:33:20.6982034+02:00","@version":"1","message":"HHH000026: Second-level cache disabled","logger_name":"org.hibernate.cache.internal.RegionFactoryInitiator","thread_name":"main","level":"INFO","level_value":20000}
{"@timestamp":"2026-05-17T17:33:21.104793+02:00","@version":"1","message":"No LoadTimeWeaver setup: ignoring JPA class transformer","logger_name":"org.springframework.orm.jpa.persistenceunit.SpringPersistenceUnitInfo","thread_name":"main","level":"INFO","level_value":20000}
{"@timestamp":"2026-05-17T17:33:21.1631003+02:00","@version":"1","message":"HHH90000025: H2Dialect does not need to be specified explicitly using 'hibernate.dialect' (remove the property setting and it will be selected by default)","logger_name":"org.hibernate.orm.deprecation","thread_name":"main","level":"WARN","level_value":30000}
{"@timestamp":"2026-05-17T17:33:21.1837207+02:00","@version":"1","message":"HHH10001005: Database info:\n\tDatabase JDBC URL [Connecting through datasource 'HikariDataSource (HikariPool-1)']\n\tDatabase driver: undefined/unknown\n\tDatabase version: 2.2.224\n\tAutocommit mode: undefined/unknown\n\tIsolation level: undefined/unknown\n\tMinimum pool size: undefined/unknown\n\tMaximum pool size: undefined/unknown","logger_name":"org.hibernate.orm.connections.pooling","thread_name":"main","level":"INFO","level_value":20000}
{"@timestamp":"2026-05-17T17:33:22.2280668+02:00","@version":"1","message":"HHH000489: No JTA platform available (set 'hibernate.transaction.jta.platform' to enable JTA platform integration)","logger_name":"org.hibernate.engine.transaction.jta.platform.internal.JtaPlatformInitiator","thread_name":"main","level":"INFO","level_value":20000}
{"@timestamp":"2026-05-17T17:33:22.2593878+02:00","@version":"1","message":"Initialized JPA EntityManagerFactory for persistence unit 'default'","logger_name":"org.springframework.orm.jpa.LocalContainerEntityManagerFactoryBean","thread_name":"main","level":"INFO","level_value":20000}
{"@timestamp":"2026-05-17T17:33:23.0126074+02:00","@version":"1","message":"Session Metrics {\n    0 nanoseconds spent acquiring 0 JDBC connections;\n    0 nanoseconds spent releasing 0 JDBC connections;\n    0 nanoseconds spent preparing 0 JDBC statements;\n    0 nanoseconds spent executing 0 JDBC statements;\n    0 nanoseconds spent executing 0 JDBC batches;\n    0 nanoseconds spent performing 0 L2C puts;\n    0 nanoseconds spent performing 0 L2C hits;\n    0 nanoseconds spent performing 0 L2C misses;\n    0 nanoseconds spent executing 0 flushes (flushing a total of 0 entities and 0 collections);\n    0 nanoseconds spent executing 0 pre-partial-flushes;\n    0 nanoseconds spent executing 0 partial-flushes (flushing a total of 0 entities and 0 collections)\n}","logger_name":"org.hibernate.engine.internal.StatisticalLoggingSessionEventListener","thread_name":"main","level":"INFO","level_value":20000}
{"@timestamp":"2026-05-17T17:33:23.036208+02:00","@version":"1","message":"Hibernate is in classpath; If applicable, HQL parser will be used.","logger_name":"org.springframework.data.jpa.repository.query.QueryEnhancerFactory","thread_name":"main","level":"INFO","level_value":20000}
{"@timestamp":"2026-05-17T17:33:23.5413741+02:00","@version":"1","message":"Session Metrics {\n    0 nanoseconds spent acquiring 0 JDBC connections;\n    0 nanoseconds spent releasing 0 JDBC connections;\n    0 nanoseconds spent preparing 0 JDBC statements;\n    0 nanoseconds spent executing 0 JDBC statements;\n    0 nanoseconds spent executing 0 JDBC batches;\n    0 nanoseconds spent performing 0 L2C puts;\n    0 nanoseconds spent performing 0 L2C hits;\n    0 nanoseconds spent performing 0 L2C misses;\n    0 nanoseconds spent executing 0 flushes (flushing a total of 0 entities and 0 collections);\n    0 nanoseconds spent executing 0 pre-partial-flushes;\n    0 nanoseconds spent executing 0 partial-flushes (flushing a total of 0 entities and 0 collections)\n}","logger_name":"org.hibernate.engine.internal.StatisticalLoggingSessionEventListener","thread_name":"main","level":"INFO","level_value":20000}
{"@timestamp":"2026-05-17T17:33:23.8059059+02:00","@version":"1","message":"spring.jpa.open-in-view is enabled by default. Therefore, database queries may be performed during view rendering. Explicitly configure spring.jpa.open-in-view to disable this warning","logger_name":"org.springframework.boot.autoconfigure.orm.jpa.JpaBaseConfiguration$JpaWebConfiguration","thread_name":"main","level":"WARN","level_value":30000}
{"@timestamp":"2026-05-17T17:33:24.6266913+02:00","@version":"1","message":"H2 console available at '/h2-console'. Database available at 'jdbc:h2:mem:mydb'","logger_name":"org.springframework.boot.autoconfigure.h2.H2ConsoleAutoConfiguration","thread_name":"main","level":"INFO","level_value":20000}
{"@timestamp":"2026-05-17T17:33:24.649147+02:00","@version":"1","message":"Exposing 3 endpoints beneath base path '/actuator'","logger_name":"org.springframework.boot.actuate.endpoint.web.EndpointLinksResolver","thread_name":"main","level":"INFO","level_value":20000}
{"@timestamp":"2026-05-17T17:33:24.7928754+02:00","@version":"1","message":"Tomcat started on port 8080 (http) with context path '/'","logger_name":"org.springframework.boot.web.embedded.tomcat.TomcatWebServer","thread_name":"main","level":"INFO","level_value":20000}
{"@timestamp":"2026-05-17T17:33:24.8236341+02:00","@version":"1","message":"Started PaymentServiceApplication in 9.055 seconds (process running for 9.564)","logger_name":"com.phyriak.PaymentServiceApplication","thread_name":"main","level":"INFO","level_value":20000}
{"@timestamp":"2026-05-17T17:33:24.8280041+02:00","@version":"1","message":"Commencing graceful shutdown. Waiting for active requests to complete","logger_name":"org.springframework.boot.web.embedded.tomcat.GracefulShutdown","thread_name":"SpringApplicationShutdownHook","level":"INFO","level_value":20000}
{"@timestamp":"2026-05-17T17:33:24.8441882+02:00","@version":"1","message":"Graceful shutdown complete","logger_name":"org.springframework.boot.web.embedded.tomcat.GracefulShutdown","thread_name":"tomcat-shutdown","level":"INFO","level_value":20000}
{"@timestamp":"2026-05-17T17:33:24.8535407+02:00","@version":"1","message":"Closing JPA EntityManagerFactory for persistence unit 'default'","logger_name":"org.springframework.orm.jpa.LocalContainerEntityManagerFactoryBean","thread_name":"SpringApplicationShutdownHook","level":"INFO","level_value":20000}
{"@timestamp":"2026-05-17T17:33:24.8696766+02:00","@version":"1","message":"HikariPool-1 - Shutdown initiated...","logger_name":"com.zaxxer.hikari.HikariDataSource","thread_name":"SpringApplicationShutdownHook","level":"INFO","level_value":20000}
{"@timestamp":"2026-05-17T17:33:24.8764951+02:00","@version":"1","message":"HikariPool-1 - Shutdown completed.","logger_name":"com.zaxxer.hikari.HikariDataSource","thread_name":"SpringApplicationShutdownHook","level":"INFO","level_value":20000}
{"@timestamp":"2026-05-17T17:33:41.2948743+02:00","@version":"1","message":"HV000001: Hibernate Validator 8.0.3.Final","logger_name":"org.hibernate.validator.internal.util.Version","thread_name":"background-preinit","level":"INFO","level_value":20000}
{"@timestamp":"2026-05-17T17:33:41.3620511+02:00","@version":"1","message":"Starting PaymentServiceApplication using Java 21.0.7 with PID 10816 (C:\\Users\\piotr\\Workspace\\payment-service\\target\\classes started by piotr in C:\\Users\\piotr\\Workspace\\payment-service)","logger_name":"com.phyriak.PaymentServiceApplication","thread_name":"main","level":"INFO","level_value":20000}
{"@timestamp":"2026-05-17T17:33:41.3634332+02:00","@version":"1","message":"No active profile set, falling back to 1 default profile: \"default\"","logger_name":"com.phyriak.PaymentServiceApplication","thread_name":"main","level":"INFO","level_value":20000}
{"@timestamp":"2026-05-17T17:33:43.1617591+02:00","@version":"1","message":"Bootstrapping Spring Data JPA repositories in DEFAULT mode.","logger_name":"org.springframework.data.repository.config.RepositoryConfigurationDelegate","thread_name":"main","level":"INFO","level_value":20000}
{"@timestamp":"2026-05-17T17:33:43.2688525+02:00","@version":"1","message":"Finished Spring Data repository scanning in 90 ms. Found 1 JPA repository interface.","logger_name":"org.springframework.data.repository.config.RepositoryConfigurationDelegate","thread_name":"main","level":"INFO","level_value":20000}
{"@timestamp":"2026-05-17T17:33:44.1577972+02:00","@version":"1","message":"Tomcat initialized with port 8080 (http)","logger_name":"org.springframework.boot.web.embedded.tomcat.TomcatWebServer","thread_name":"main","level":"INFO","level_value":20000}
{"@timestamp":"2026-05-17T17:33:44.1791321+02:00","@version":"1","message":"Initializing ProtocolHandler [\"http-nio-8080\"]","logger_name":"org.apache.coyote.http11.Http11NioProtocol","thread_name":"main","level":"INFO","level_value":20000}
{"@timestamp":"2026-05-17T17:33:44.1822692+02:00","@version":"1","message":"Starting service [Tomcat]","logger_name":"org.apache.catalina.core.StandardService","thread_name":"main","level":"INFO","level_value":20000}
{"@timestamp":"2026-05-17T17:33:44.1833375+02:00","@version":"1","message":"Starting Servlet engine: [Apache Tomcat/10.1.50]","logger_name":"org.apache.catalina.core.StandardEngine","thread_name":"main","level":"INFO","level_value":20000}
{"@timestamp":"2026-05-17T17:33:44.2866532+02:00","@version":"1","message":"Initializing Spring embedded WebApplicationContext","logger_name":"org.apache.catalina.core.ContainerBase.[Tomcat].[localhost].[/]","thread_name":"main","level":"INFO","level_value":20000}
{"@timestamp":"2026-05-17T17:33:44.2876574+02:00","@version":"1","message":"Root WebApplicationContext: initialization completed in 2860 ms","logger_name":"org.springframework.boot.web.servlet.context.ServletWebServerApplicationContext","thread_name":"main","level":"INFO","level_value":20000}
{"@timestamp":"2026-05-17T17:33:45.0238624+02:00","@version":"1","message":"HikariPool-1 - Starting...","logger_name":"com.zaxxer.hikari.HikariDataSource","thread_name":"main","level":"INFO","level_value":20000}
{"@timestamp":"2026-05-17T17:33:45.2989964+02:00","@version":"1","message":"HikariPool-1 - Added connection conn0: url=jdbc:h2:mem:mydb user=SA","logger_name":"com.zaxxer.hikari.pool.HikariPool","thread_name":"main","level":"INFO","level_value":20000}
{"@timestamp":"2026-05-17T17:33:45.3010543+02:00","@version":"1","message":"HikariPool-1 - Start completed.","logger_name":"com.zaxxer.hikari.HikariDataSource","thread_name":"main","level":"INFO","level_value":20000}
{"@timestamp":"2026-05-17T17:33:45.4825587+02:00","@version":"1","message":"HHH000204: Processing PersistenceUnitInfo [name: default]","logger_name":"org.hibernate.jpa.internal.util.LogHelper","thread_name":"main","level":"INFO","level_value":20000}
{"@timestamp":"2026-05-17T17:33:45.5675044+02:00","@version":"1","message":"HHH000412: Hibernate ORM core version 6.6.41.Final","logger_name":"org.hibernate.Version","thread_name":"main","level":"INFO","level_value":20000}
{"@timestamp":"2026-05-17T17:33:45.6254143+02:00","@version":"1","message":"HHH000026: Second-level cache disabled","logger_name":"org.hibernate.cache.internal.RegionFactoryInitiator","thread_name":"main","level":"INFO","level_value":20000}
{"@timestamp":"2026-05-17T17:33:46.0623431+02:00","@version":"1","message":"No LoadTimeWeaver setup: ignoring JPA class transformer","logger_name":"org.springframework.orm.jpa.persistenceunit.SpringPersistenceUnitInfo","thread_name":"main","level":"INFO","level_value":20000}
{"@timestamp":"2026-05-17T17:33:46.1361192+02:00","@version":"1","message":"HHH90000025: H2Dialect does not need to be specified explicitly using 'hibernate.dialect' (remove the property setting and it will be selected by default)","logger_name":"org.hibernate.orm.deprecation","thread_name":"main","level":"WARN","level_value":30000}
{"@timestamp":"2026-05-17T17:33:46.1643622+02:00","@version":"1","message":"HHH10001005: Database info:\n\tDatabase JDBC URL [Connecting through datasource 'HikariDataSource (HikariPool-1)']\n\tDatabase driver: undefined/unknown\n\tDatabase version: 2.2.224\n\tAutocommit mode: undefined/unknown\n\tIsolation level: undefined/unknown\n\tMinimum pool size: undefined/unknown\n\tMaximum pool size: undefined/unknown","logger_name":"org.hibernate.orm.connections.pooling","thread_name":"main","level":"INFO","level_value":20000}
{"@timestamp":"2026-05-17T17:33:47.4175635+02:00","@version":"1","message":"HHH000489: No JTA platform available (set 'hibernate.transaction.jta.platform' to enable JTA platform integration)","logger_name":"org.hibernate.engine.transaction.jta.platform.internal.JtaPlatformInitiator","thread_name":"main","level":"INFO","level_value":20000}
{"@timestamp":"2026-05-17T17:33:47.4535665+02:00","@version":"1","message":"Initialized JPA EntityManagerFactory for persistence unit 'default'","logger_name":"org.springframework.orm.jpa.LocalContainerEntityManagerFactoryBean","thread_name":"main","level":"INFO","level_value":20000}
{"@timestamp":"2026-05-17T17:33:48.2911103+02:00","@version":"1","message":"Session Metrics {\n    0 nanoseconds spent acquiring 0 JDBC connections;\n    0 nanoseconds spent releasing 0 JDBC connections;\n    0 nanoseconds spent preparing 0 JDBC statements;\n    0 nanoseconds spent executing 0 JDBC statements;\n    0 nanoseconds spent executing 0 JDBC batches;\n    0 nanoseconds spent performing 0 L2C puts;\n    0 nanoseconds spent performing 0 L2C hits;\n    0 nanoseconds spent performing 0 L2C misses;\n    0 nanoseconds spent executing 0 flushes (flushing a total of 0 entities and 0 collections);\n    0 nanoseconds spent executing 0 pre-partial-flushes;\n    0 nanoseconds spent executing 0 partial-flushes (flushing a total of 0 entities and 0 collections)\n}","logger_name":"org.hibernate.engine.internal.StatisticalLoggingSessionEventListener","thread_name":"main","level":"INFO","level_value":20000}
{"@timestamp":"2026-05-17T17:33:48.3065437+02:00","@version":"1","message":"Hibernate is in classpath; If applicable, HQL parser will be used.","logger_name":"org.springframework.data.jpa.repository.query.QueryEnhancerFactory","thread_name":"main","level":"INFO","level_value":20000}
{"@timestamp":"2026-05-17T17:33:48.9405779+02:00","@version":"1","message":"Session Metrics {\n    0 nanoseconds spent acquiring 0 JDBC connections;\n    0 nanoseconds spent releasing 0 JDBC connections;\n    0 nanoseconds spent preparing 0 JDBC statements;\n    0 nanoseconds spent executing 0 JDBC statements;\n    0 nanoseconds spent executing 0 JDBC batches;\n    0 nanoseconds spent performing 0 L2C puts;\n    0 nanoseconds spent performing 0 L2C hits;\n    0 nanoseconds spent performing 0 L2C misses;\n    0 nanoseconds spent executing 0 flushes (flushing a total of 0 entities and 0 collections);\n    0 nanoseconds spent executing 0 pre-partial-flushes;\n    0 nanoseconds spent executing 0 partial-flushes (flushing a total of 0 entities and 0 collections)\n}","logger_name":"org.hibernate.engine.internal.StatisticalLoggingSessionEventListener","thread_name":"main","level":"INFO","level_value":20000}
{"@timestamp":"2026-05-17T17:33:49.1700825+02:00","@version":"1","message":"spring.jpa.open-in-view is enabled by default. Therefore, database queries may be performed during view rendering. Explicitly configure spring.jpa.open-in-view to disable this warning","logger_name":"org.springframework.boot.autoconfigure.orm.jpa.JpaBaseConfiguration$JpaWebConfiguration","thread_name":"main","level":"WARN","level_value":30000}
{"@timestamp":"2026-05-17T17:33:49.943146+02:00","@version":"1","message":"H2 console available at '/h2-console'. Database available at 'jdbc:h2:mem:mydb'","logger_name":"org.springframework.boot.autoconfigure.h2.H2ConsoleAutoConfiguration","thread_name":"main","level":"INFO","level_value":20000}
{"@timestamp":"2026-05-17T17:33:49.9754484+02:00","@version":"1","message":"Exposing 3 endpoints beneath base path '/actuator'","logger_name":"org.springframework.boot.actuate.endpoint.web.EndpointLinksResolver","thread_name":"main","level":"INFO","level_value":20000}
{"@timestamp":"2026-05-17T17:33:50.096304+02:00","@version":"1","message":"Starting ProtocolHandler [\"http-nio-8080\"]","logger_name":"org.apache.coyote.http11.Http11NioProtocol","thread_name":"main","level":"INFO","level_value":20000}
{"@timestamp":"2026-05-17T17:33:50.111508+02:00","@version":"1","message":"Tomcat started on port 8080 (http) with context path '/'","logger_name":"org.springframework.boot.web.embedded.tomcat.TomcatWebServer","thread_name":"main","level":"INFO","level_value":20000}
{"@timestamp":"2026-05-17T17:33:50.1384792+02:00","@version":"1","message":"Started PaymentServiceApplication in 9.832 seconds (process running for 10.438)","logger_name":"com.phyriak.PaymentServiceApplication","thread_name":"main","level":"INFO","level_value":20000}
{"@timestamp":"2026-05-17T17:33:51.644557+02:00","@version":"1","message":"Initializing Spring DispatcherServlet 'dispatcherServlet'","logger_name":"org.apache.catalina.core.ContainerBase.[Tomcat].[localhost].[/]","thread_name":"http-nio-8080-exec-2","level":"INFO","level_value":20000}
{"@timestamp":"2026-05-17T17:33:51.644557+02:00","@version":"1","message":"Initializing Servlet 'dispatcherServlet'","logger_name":"org.springframework.web.servlet.DispatcherServlet","thread_name":"http-nio-8080-exec-2","level":"INFO","level_value":20000}
{"@timestamp":"2026-05-17T17:33:51.6468349+02:00","@version":"1","message":"Completed initialization in 2 ms","logger_name":"org.springframework.web.servlet.DispatcherServlet","thread_name":"http-nio-8080-exec-2","level":"INFO","level_value":20000}
{"@timestamp":"2026-05-17T17:33:51.827565+02:00","@version":"1","message":"Payment with id: 555 does not exist!","logger_name":"com.phyriak.exceptions.ExceptionHandler","thread_name":"http-nio-8080-exec-2","level":"ERROR","level_value":40000,"traceId":"d424ed5523b9795584492914d242ae8e","spanId":"f274e571d18e4eba"}
{"@timestamp":"2026-05-17T17:33:51.8919283+02:00","@version":"1","message":"Session Metrics {\n    893300 nanoseconds spent acquiring 1 JDBC connections;\n    0 nanoseconds spent releasing 0 JDBC connections;\n    6743800 nanoseconds spent preparing 1 JDBC statements;\n    6680600 nanoseconds spent executing 1 JDBC statements;\n    0 nanoseconds spent executing 0 JDBC batches;\n    0 nanoseconds spent performing 0 L2C puts;\n    0 nanoseconds spent performing 0 L2C hits;\n    0 nanoseconds spent performing 0 L2C misses;\n    0 nanoseconds spent executing 0 flushes (flushing a total of 0 entities and 0 collections);\n    0 nanoseconds spent executing 0 pre-partial-flushes;\n    0 nanoseconds spent executing 0 partial-flushes (flushing a total of 0 entities and 0 collections)\n}","logger_name":"org.hibernate.engine.internal.StatisticalLoggingSessionEventListener","thread_name":"http-nio-8080-exec-2","level":"INFO","level_value":20000,"traceId":"d424ed5523b9795584492914d242ae8e","spanId":"f274e571d18e4eba"}
{"@timestamp":"2026-05-17T17:34:18.3861258+02:00","@version":"1","message":"Payment with id: 555 does not exist!","logger_name":"com.phyriak.exceptions.ExceptionHandler","thread_name":"http-nio-8080-exec-9","level":"ERROR","level_value":40000,"traceId":"82780c4f61489dcc62b0d824e83e6271","spanId":"0982b7ff26cf1ab4"}
{"@timestamp":"2026-05-17T17:34:18.3881882+02:00","@version":"1","message":"Session Metrics {\n    101400 nanoseconds spent acquiring 1 JDBC connections;\n    0 nanoseconds spent releasing 0 JDBC connections;\n    70300 nanoseconds spent preparing 1 JDBC statements;\n    272600 nanoseconds spent executing 1 JDBC statements;\n    0 nanoseconds spent executing 0 JDBC batches;\n    0 nanoseconds spent performing 0 L2C puts;\n    0 nanoseconds spent performing 0 L2C hits;\n    0 nanoseconds spent performing 0 L2C misses;\n    0 nanoseconds spent executing 0 flushes (flushing a total of 0 entities and 0 collections);\n    0 nanoseconds spent executing 0 pre-partial-flushes;\n    0 nanoseconds spent executing 0 partial-flushes (flushing a total of 0 entities and 0 collections)\n}","logger_name":"org.hibernate.engine.internal.StatisticalLoggingSessionEventListener","thread_name":"http-nio-8080-exec-9","level":"INFO","level_value":20000,"traceId":"82780c4f61489dcc62b0d824e83e6271","spanId":"0982b7ff26cf1ab4"}
{"@timestamp":"2026-05-17T17:36:42.0060306+02:00","@version":"1","message":"Commencing graceful shutdown. Waiting for active requests to complete","logger_name":"org.springframework.boot.web.embedded.tomcat.GracefulShutdown","thread_name":"SpringApplicationShutdownHook","level":"INFO","level_value":20000}
{"@timestamp":"2026-05-17T17:36:42.0138663+02:00","@version":"1","message":"Graceful shutdown complete","logger_name":"org.springframework.boot.web.embedded.tomcat.GracefulShutdown","thread_name":"tomcat-shutdown","level":"INFO","level_value":20000}
{"@timestamp":"2026-05-17T17:36:42.0191416+02:00","@version":"1","message":"Closing JPA EntityManagerFactory for persistence unit 'default'","logger_name":"org.springframework.orm.jpa.LocalContainerEntityManagerFactoryBean","thread_name":"SpringApplicationShutdownHook","level":"INFO","level_value":20000}
{"@timestamp":"2026-05-17T17:36:42.0261922+02:00","@version":"1","message":"HikariPool-1 - Shutdown initiated...","logger_name":"com.zaxxer.hikari.HikariDataSource","thread_name":"SpringApplicationShutdownHook","level":"INFO","level_value":20000}
{"@timestamp":"2026-05-17T17:36:42.029268+02:00","@version":"1","message":"HikariPool-1 - Shutdown completed.","logger_name":"com.zaxxer.hikari.HikariDataSource","thread_name":"SpringApplicationShutdownHook","level":"INFO","level_value":20000}
{"@timestamp":"2026-05-17T17:36:45.9317054+02:00","@version":"1","message":"HV000001: Hibernate Validator 8.0.3.Final","logger_name":"org.hibernate.validator.internal.util.Version","thread_name":"background-preinit","level":"INFO","level_value":20000}
{"@timestamp":"2026-05-17T17:36:45.9943073+02:00","@version":"1","message":"Starting PaymentServiceApplication using Java 21.0.7 with PID 21732 (C:\\Users\\piotr\\Workspace\\payment-service\\target\\classes started by piotr in C:\\Users\\piotr\\Workspace\\payment-service)","logger_name":"com.phyriak.PaymentServiceApplication","thread_name":"main","level":"INFO","level_value":20000}
{"@timestamp":"2026-05-17T17:36:45.9953232+02:00","@version":"1","message":"No active profile set, falling back to 1 default profile: \"default\"","logger_name":"com.phyriak.PaymentServiceApplication","thread_name":"main","level":"INFO","level_value":20000}
{"@timestamp":"2026-05-17T17:36:47.7095924+02:00","@version":"1","message":"Bootstrapping Spring Data JPA repositories in DEFAULT mode.","logger_name":"org.springframework.data.repository.config.RepositoryConfigurationDelegate","thread_name":"main","level":"INFO","level_value":20000}
{"@timestamp":"2026-05-17T17:36:47.786216+02:00","@version":"1","message":"Finished Spring Data repository scanning in 63 ms. Found 1 JPA repository interface.","logger_name":"org.springframework.data.repository.config.RepositoryConfigurationDelegate","thread_name":"main","level":"INFO","level_value":20000}
{"@timestamp":"2026-05-17T17:36:48.4492585+02:00","@version":"1","message":"Tomcat initialized with port 8080 (http)","logger_name":"org.springframework.boot.web.embedded.tomcat.TomcatWebServer","thread_name":"main","level":"INFO","level_value":20000}
{"@timestamp":"2026-05-17T17:36:48.4641895+02:00","@version":"1","message":"Initializing ProtocolHandler [\"http-nio-8080\"]","logger_name":"org.apache.coyote.http11.Http11NioProtocol","thread_name":"main","level":"INFO","level_value":20000}
{"@timestamp":"2026-05-17T17:36:48.4661816+02:00","@version":"1","message":"Starting service [Tomcat]","logger_name":"org.apache.catalina.core.StandardService","thread_name":"main","level":"INFO","level_value":20000}
{"@timestamp":"2026-05-17T17:36:48.4674656+02:00","@version":"1","message":"Starting Servlet engine: [Apache Tomcat/10.1.50]","logger_name":"org.apache.catalina.core.StandardEngine","thread_name":"main","level":"INFO","level_value":20000}
{"@timestamp":"2026-05-17T17:36:48.5687403+02:00","@version":"1","message":"Initializing Spring embedded WebApplicationContext","logger_name":"org.apache.catalina.core.ContainerBase.[Tomcat].[localhost].[/]","thread_name":"main","level":"INFO","level_value":20000}
{"@timestamp":"2026-05-17T17:36:48.5707528+02:00","@version":"1","message":"Root WebApplicationContext: initialization completed in 2506 ms","logger_name":"org.springframework.boot.web.servlet.context.ServletWebServerApplicationContext","thread_name":"main","level":"INFO","level_value":20000}
{"@timestamp":"2026-05-17T17:36:49.25317+02:00","@version":"1","message":"HikariPool-1 - Starting...","logger_name":"com.zaxxer.hikari.HikariDataSource","thread_name":"main","level":"INFO","level_value":20000}
{"@timestamp":"2026-05-17T17:36:49.443318+02:00","@version":"1","message":"HikariPool-1 - Added connection conn0: url=jdbc:h2:mem:mydb user=SA","logger_name":"com.zaxxer.hikari.pool.HikariPool","thread_name":"main","level":"INFO","level_value":20000}
{"@timestamp":"2026-05-17T17:36:49.4453197+02:00","@version":"1","message":"HikariPool-1 - Start completed.","logger_name":"com.zaxxer.hikari.HikariDataSource","thread_name":"main","level":"INFO","level_value":20000}
{"@timestamp":"2026-05-17T17:36:49.6254173+02:00","@version":"1","message":"HHH000204: Processing PersistenceUnitInfo [name: default]","logger_name":"org.hibernate.jpa.internal.util.LogHelper","thread_name":"main","level":"INFO","level_value":20000}
{"@timestamp":"2026-05-17T17:36:49.7075867+02:00","@version":"1","message":"HHH000412: Hibernate ORM core version 6.6.41.Final","logger_name":"org.hibernate.Version","thread_name":"main","level":"INFO","level_value":20000}
{"@timestamp":"2026-05-17T17:36:49.7640758+02:00","@version":"1","message":"HHH000026: Second-level cache disabled","logger_name":"org.hibernate.cache.internal.RegionFactoryInitiator","thread_name":"main","level":"INFO","level_value":20000}
{"@timestamp":"2026-05-17T17:36:50.0785378+02:00","@version":"1","message":"No LoadTimeWeaver setup: ignoring JPA class transformer","logger_name":"org.springframework.orm.jpa.persistenceunit.SpringPersistenceUnitInfo","thread_name":"main","level":"INFO","level_value":20000}
{"@timestamp":"2026-05-17T17:36:50.1249481+02:00","@version":"1","message":"HHH90000025: H2Dialect does not need to be specified explicitly using 'hibernate.dialect' (remove the property setting and it will be selected by default)","logger_name":"org.hibernate.orm.deprecation","thread_name":"main","level":"WARN","level_value":30000}
{"@timestamp":"2026-05-17T17:36:50.1410986+02:00","@version":"1","message":"HHH10001005: Database info:\n\tDatabase JDBC URL [Connecting through datasource 'HikariDataSource (HikariPool-1)']\n\tDatabase driver: undefined/unknown\n\tDatabase version: 2.2.224\n\tAutocommit mode: undefined/unknown\n\tIsolation level: undefined/unknown\n\tMinimum pool size: undefined/unknown\n\tMaximum pool size: undefined/unknown","logger_name":"org.hibernate.orm.connections.pooling","thread_name":"main","level":"INFO","level_value":20000}
{"@timestamp":"2026-05-17T17:36:51.107299+02:00","@version":"1","message":"HHH000489: No JTA platform available (set 'hibernate.transaction.jta.platform' to enable JTA platform integration)","logger_name":"org.hibernate.engine.transaction.jta.platform.internal.JtaPlatformInitiator","thread_name":"main","level":"INFO","level_value":20000}
{"@timestamp":"2026-05-17T17:36:51.1685325+02:00","@version":"1","message":"Initialized JPA EntityManagerFactory for persistence unit 'default'","logger_name":"org.springframework.orm.jpa.LocalContainerEntityManagerFactoryBean","thread_name":"main","level":"INFO","level_value":20000}
{"@timestamp":"2026-05-17T17:36:52.0929338+02:00","@version":"1","message":"Session Metrics {\n    0 nanoseconds spent acquiring 0 JDBC connections;\n    0 nanoseconds spent releasing 0 JDBC connections;\n    0 nanoseconds spent preparing 0 JDBC statements;\n    0 nanoseconds spent executing 0 JDBC statements;\n    0 nanoseconds spent executing 0 JDBC batches;\n    0 nanoseconds spent performing 0 L2C puts;\n    0 nanoseconds spent performing 0 L2C hits;\n    0 nanoseconds spent performing 0 L2C misses;\n    0 nanoseconds spent executing 0 flushes (flushing a total of 0 entities and 0 collections);\n    0 nanoseconds spent executing 0 pre-partial-flushes;\n    0 nanoseconds spent executing 0 partial-flushes (flushing a total of 0 entities and 0 collections)\n}","logger_name":"org.hibernate.engine.internal.StatisticalLoggingSessionEventListener","thread_name":"main","level":"INFO","level_value":20000}
{"@timestamp":"2026-05-17T17:36:52.1165394+02:00","@version":"1","message":"Hibernate is in classpath; If applicable, HQL parser will be used.","logger_name":"org.springframework.data.jpa.repository.query.QueryEnhancerFactory","thread_name":"main","level":"INFO","level_value":20000}
{"@timestamp":"2026-05-17T17:36:52.7582139+02:00","@version":"1","message":"Session Metrics {\n    0 nanoseconds spent acquiring 0 JDBC connections;\n    0 nanoseconds spent releasing 0 JDBC connections;\n    0 nanoseconds spent preparing 0 JDBC statements;\n    0 nanoseconds spent executing 0 JDBC statements;\n    0 nanoseconds spent executing 0 JDBC batches;\n    0 nanoseconds spent performing 0 L2C puts;\n    0 nanoseconds spent performing 0 L2C hits;\n    0 nanoseconds spent performing 0 L2C misses;\n    0 nanoseconds spent executing 0 flushes (flushing a total of 0 entities and 0 collections);\n    0 nanoseconds spent executing 0 pre-partial-flushes;\n    0 nanoseconds spent executing 0 partial-flushes (flushing a total of 0 entities and 0 collections)\n}","logger_name":"org.hibernate.engine.internal.StatisticalLoggingSessionEventListener","thread_name":"main","level":"INFO","level_value":20000}
{"@timestamp":"2026-05-17T17:36:52.9488526+02:00","@version":"1","message":"spring.jpa.open-in-view is enabled by default. Therefore, database queries may be performed during view rendering. Explicitly configure spring.jpa.open-in-view to disable this warning","logger_name":"org.springframework.boot.autoconfigure.orm.jpa.JpaBaseConfiguration$JpaWebConfiguration","thread_name":"main","level":"WARN","level_value":30000}
{"@timestamp":"2026-05-17T17:36:53.7225078+02:00","@version":"1","message":"H2 console available at '/h2-console'. Database available at 'jdbc:h2:mem:mydb'","logger_name":"org.springframework.boot.autoconfigure.h2.H2ConsoleAutoConfiguration","thread_name":"main","level":"INFO","level_value":20000}
{"@timestamp":"2026-05-17T17:36:53.7585838+02:00","@version":"1","message":"Exposing 3 endpoints beneath base path '/actuator'","logger_name":"org.springframework.boot.actuate.endpoint.web.EndpointLinksResolver","thread_name":"main","level":"INFO","level_value":20000}
{"@timestamp":"2026-05-17T17:36:53.8795336+02:00","@version":"1","message":"Starting ProtocolHandler [\"http-nio-8080\"]","logger_name":"org.apache.coyote.http11.Http11NioProtocol","thread_name":"main","level":"INFO","level_value":20000}
{"@timestamp":"2026-05-17T17:36:53.8965117+02:00","@version":"1","message":"Tomcat started on port 8080 (http) with context path '/'","logger_name":"org.springframework.boot.web.embedded.tomcat.TomcatWebServer","thread_name":"main","level":"INFO","level_value":20000}
{"@timestamp":"2026-05-17T17:36:53.9212942+02:00","@version":"1","message":"Started PaymentServiceApplication in 8.971 seconds (process running for 9.644)","logger_name":"com.phyriak.PaymentServiceApplication","thread_name":"main","level":"INFO","level_value":20000}
{"@timestamp":"2026-05-17T17:36:54.3974479+02:00","@version":"1","message":"Initializing Spring DispatcherServlet 'dispatcherServlet'","logger_name":"org.apache.catalina.core.ContainerBase.[Tomcat].[localhost].[/]","thread_name":"http-nio-8080-exec-1","level":"INFO","level_value":20000}
{"@timestamp":"2026-05-17T17:36:54.3974479+02:00","@version":"1","message":"Initializing Servlet 'dispatcherServlet'","logger_name":"org.springframework.web.servlet.DispatcherServlet","thread_name":"http-nio-8080-exec-1","level":"INFO","level_value":20000}
{"@timestamp":"2026-05-17T17:36:54.3984488+02:00","@version":"1","message":"Completed initialization in 1 ms","logger_name":"org.springframework.web.servlet.DispatcherServlet","thread_name":"http-nio-8080-exec-1","level":"INFO","level_value":20000}
{"@timestamp":"2026-05-17T17:36:57.0137767+02:00","@version":"1","message":"Payment with id: 555 does not exist!","logger_name":"com.phyriak.exceptions.ExceptionHandler","thread_name":"http-nio-8080-exec-3","level":"ERROR","level_value":40000,"traceId":"d1b9e8a40b9dbe04d9792e3cd7e00845","spanId":"7c66bfdcec41a62b"}
{"@timestamp":"2026-05-17T17:36:57.0581513+02:00","@version":"1","message":"Session Metrics {\n    225400 nanoseconds spent acquiring 1 JDBC connections;\n    0 nanoseconds spent releasing 0 JDBC connections;\n    4672800 nanoseconds spent preparing 1 JDBC statements;\n    5739900 nanoseconds spent executing 1 JDBC statements;\n    0 nanoseconds spent executing 0 JDBC batches;\n    0 nanoseconds spent performing 0 L2C puts;\n    0 nanoseconds spent performing 0 L2C hits;\n    0 nanoseconds spent performing 0 L2C misses;\n    0 nanoseconds spent executing 0 flushes (flushing a total of 0 entities and 0 collections);\n    0 nanoseconds spent executing 0 pre-partial-flushes;\n    0 nanoseconds spent executing 0 partial-flushes (flushing a total of 0 entities and 0 collections)\n}","logger_name":"org.hibernate.engine.internal.StatisticalLoggingSessionEventListener","thread_name":"http-nio-8080-exec-3","level":"INFO","level_value":20000,"traceId":"d1b9e8a40b9dbe04d9792e3cd7e00845","spanId":"7c66bfdcec41a62b"}
{"@timestamp":"2026-05-17T17:36:58.4500488+02:00","@version":"1","message":"Payment with id: 555 does not exist!","logger_name":"com.phyriak.exceptions.ExceptionHandler","thread_name":"http-nio-8080-exec-5","level":"ERROR","level_value":40000,"traceId":"1c3da594d3b43361800f37f637c8b5cb","spanId":"ef078ec5eb56ec71"}
{"@timestamp":"2026-05-17T17:36:58.4534566+02:00","@version":"1","message":"Session Metrics {\n    75000 nanoseconds spent acquiring 1 JDBC connections;\n    0 nanoseconds spent releasing 0 JDBC connections;\n    95400 nanoseconds spent preparing 1 JDBC statements;\n    460300 nanoseconds spent executing 1 JDBC statements;\n    0 nanoseconds spent executing 0 JDBC batches;\n    0 nanoseconds spent performing 0 L2C puts;\n    0 nanoseconds spent performing 0 L2C hits;\n    0 nanoseconds spent performing 0 L2C misses;\n    0 nanoseconds spent executing 0 flushes (flushing a total of 0 entities and 0 collections);\n    0 nanoseconds spent executing 0 pre-partial-flushes;\n    0 nanoseconds spent executing 0 partial-flushes (flushing a total of 0 entities and 0 collections)\n}","logger_name":"org.hibernate.engine.internal.StatisticalLoggingSessionEventListener","thread_name":"http-nio-8080-exec-5","level":"INFO","level_value":20000,"traceId":"1c3da594d3b43361800f37f637c8b5cb","spanId":"ef078ec5eb56ec71"}
{"@timestamp":"2026-05-17T17:38:44.7286779+02:00","@version":"1","message":"Commencing graceful shutdown. Waiting for active requests to complete","logger_name":"org.springframework.boot.web.embedded.tomcat.GracefulShutdown","thread_name":"SpringApplicationShutdownHook","level":"INFO","level_value":20000}
{"@timestamp":"2026-05-17T17:38:44.7465609+02:00","@version":"1","message":"Graceful shutdown complete","logger_name":"org.springframework.boot.web.embedded.tomcat.GracefulShutdown","thread_name":"tomcat-shutdown","level":"INFO","level_value":20000}
{"@timestamp":"2026-05-17T17:38:44.752457+02:00","@version":"1","message":"Closing JPA EntityManagerFactory for persistence unit 'default'","logger_name":"org.springframework.orm.jpa.LocalContainerEntityManagerFactoryBean","thread_name":"SpringApplicationShutdownHook","level":"INFO","level_value":20000}
{"@timestamp":"2026-05-17T17:38:44.7728299+02:00","@version":"1","message":"HikariPool-1 - Shutdown initiated...","logger_name":"com.zaxxer.hikari.HikariDataSource","thread_name":"SpringApplicationShutdownHook","level":"INFO","level_value":20000}
{"@timestamp":"2026-05-17T17:38:44.7872595+02:00","@version":"1","message":"HikariPool-1 - Shutdown completed.","logger_name":"com.zaxxer.hikari.HikariDataSource","thread_name":"SpringApplicationShutdownHook","level":"INFO","level_value":20000}
{"@timestamp":"2026-05-17T17:38:51.0401447+02:00","@version":"1","message":"HV000001: Hibernate Validator 8.0.3.Final","logger_name":"org.hibernate.validator.internal.util.Version","thread_name":"background-preinit","level":"INFO","level_value":20000}
{"@timestamp":"2026-05-17T17:38:51.1484678+02:00","@version":"1","message":"Starting PaymentServiceApplication using Java 21.0.7 with PID 4604 (C:\\Users\\piotr\\Workspace\\payment-service\\target\\classes started by piotr in C:\\Users\\piotr\\Workspace\\payment-service)","logger_name":"com.phyriak.PaymentServiceApplication","thread_name":"main","level":"INFO","level_value":20000}
{"@timestamp":"2026-05-17T17:38:51.1504792+02:00","@version":"1","message":"No active profile set, falling back to 1 default profile: \"default\"","logger_name":"com.phyriak.PaymentServiceApplication","thread_name":"main","level":"INFO","level_value":20000}
{"@timestamp":"2026-05-17T17:38:53.0057676+02:00","@version":"1","message":"Bootstrapping Spring Data JPA repositories in DEFAULT mode.","logger_name":"org.springframework.data.repository.config.RepositoryConfigurationDelegate","thread_name":"main","level":"INFO","level_value":20000}
{"@timestamp":"2026-05-17T17:38:53.0900579+02:00","@version":"1","message":"Finished Spring Data repository scanning in 70 ms. Found 1 JPA repository interface.","logger_name":"org.springframework.data.repository.config.RepositoryConfigurationDelegate","thread_name":"main","level":"INFO","level_value":20000}
{"@timestamp":"2026-05-17T17:38:53.9153385+02:00","@version":"1","message":"Tomcat initialized with port 8080 (http)","logger_name":"org.springframework.boot.web.embedded.tomcat.TomcatWebServer","thread_name":"main","level":"INFO","level_value":20000}
{"@timestamp":"2026-05-17T17:38:53.9356224+02:00","@version":"1","message":"Initializing ProtocolHandler [\"http-nio-8080\"]","logger_name":"org.apache.coyote.http11.Http11NioProtocol","thread_name":"main","level":"INFO","level_value":20000}
{"@timestamp":"2026-05-17T17:38:53.9384654+02:00","@version":"1","message":"Starting service [Tomcat]","logger_name":"org.apache.catalina.core.StandardService","thread_name":"main","level":"INFO","level_value":20000}
{"@timestamp":"2026-05-17T17:38:53.9384654+02:00","@version":"1","message":"Starting Servlet engine: [Apache Tomcat/10.1.50]","logger_name":"org.apache.catalina.core.StandardEngine","thread_name":"main","level":"INFO","level_value":20000}
{"@timestamp":"2026-05-17T17:38:54.0326043+02:00","@version":"1","message":"Initializing Spring embedded WebApplicationContext","logger_name":"org.apache.catalina.core.ContainerBase.[Tomcat].[localhost].[/]","thread_name":"main","level":"INFO","level_value":20000}
{"@timestamp":"2026-05-17T17:38:54.0336036+02:00","@version":"1","message":"Root WebApplicationContext: initialization completed in 2759 ms","logger_name":"org.springframework.boot.web.servlet.context.ServletWebServerApplicationContext","thread_name":"main","level":"INFO","level_value":20000}
{"@timestamp":"2026-05-17T17:38:54.7079553+02:00","@version":"1","message":"HikariPool-1 - Starting...","logger_name":"com.zaxxer.hikari.HikariDataSource","thread_name":"main","level":"INFO","level_value":20000}
{"@timestamp":"2026-05-17T17:38:54.9665923+02:00","@version":"1","message":"HikariPool-1 - Added connection conn0: url=jdbc:h2:mem:mydb user=SA","logger_name":"com.zaxxer.hikari.pool.HikariPool","thread_name":"main","level":"INFO","level_value":20000}
{"@timestamp":"2026-05-17T17:38:54.9675924+02:00","@version":"1","message":"HikariPool-1 - Start completed.","logger_name":"com.zaxxer.hikari.HikariDataSource","thread_name":"main","level":"INFO","level_value":20000}
{"@timestamp":"2026-05-17T17:38:55.1181279+02:00","@version":"1","message":"HHH000204: Processing PersistenceUnitInfo [name: default]","logger_name":"org.hibernate.jpa.internal.util.LogHelper","thread_name":"main","level":"INFO","level_value":20000}
{"@timestamp":"2026-05-17T17:38:55.2056236+02:00","@version":"1","message":"HHH000412: Hibernate ORM core version 6.6.41.Final","logger_name":"org.hibernate.Version","thread_name":"main","level":"INFO","level_value":20000}
{"@timestamp":"2026-05-17T17:38:55.2606684+02:00","@version":"1","message":"HHH000026: Second-level cache disabled","logger_name":"org.hibernate.cache.internal.RegionFactoryInitiator","thread_name":"main","level":"INFO","level_value":20000}
{"@timestamp":"2026-05-17T17:38:55.6535143+02:00","@version":"1","message":"No LoadTimeWeaver setup: ignoring JPA class transformer","logger_name":"org.springframework.orm.jpa.persistenceunit.SpringPersistenceUnitInfo","thread_name":"main","level":"INFO","level_value":20000}
{"@timestamp":"2026-05-17T17:38:55.7150974+02:00","@version":"1","message":"HHH90000025: H2Dialect does not need to be specified explicitly using 'hibernate.dialect' (remove the property setting and it will be selected by default)","logger_name":"org.hibernate.orm.deprecation","thread_name":"main","level":"WARN","level_value":30000}
{"@timestamp":"2026-05-17T17:38:55.7327195+02:00","@version":"1","message":"HHH10001005: Database info:\n\tDatabase JDBC URL [Connecting through datasource 'HikariDataSource (HikariPool-1)']\n\tDatabase driver: undefined/unknown\n\tDatabase version: 2.2.224\n\tAutocommit mode: undefined/unknown\n\tIsolation level: undefined/unknown\n\tMinimum pool size: undefined/unknown\n\tMaximum pool size: undefined/unknown","logger_name":"org.hibernate.orm.connections.pooling","thread_name":"main","level":"INFO","level_value":20000}
{"@timestamp":"2026-05-17T17:38:56.7103381+02:00","@version":"1","message":"HHH000489: No JTA platform available (set 'hibernate.transaction.jta.platform' to enable JTA platform integration)","logger_name":"org.hibernate.engine.transaction.jta.platform.internal.JtaPlatformInitiator","thread_name":"main","level":"INFO","level_value":20000}
{"@timestamp":"2026-05-17T17:38:56.744497+02:00","@version":"1","message":"Initialized JPA EntityManagerFactory for persistence unit 'default'","logger_name":"org.springframework.orm.jpa.LocalContainerEntityManagerFactoryBean","thread_name":"main","level":"INFO","level_value":20000}
{"@timestamp":"2026-05-17T17:38:57.6302018+02:00","@version":"1","message":"Session Metrics {\n    0 nanoseconds spent acquiring 0 JDBC connections;\n    0 nanoseconds spent releasing 0 JDBC connections;\n    0 nanoseconds spent preparing 0 JDBC statements;\n    0 nanoseconds spent executing 0 JDBC statements;\n    0 nanoseconds spent executing 0 JDBC batches;\n    0 nanoseconds spent performing 0 L2C puts;\n    0 nanoseconds spent performing 0 L2C hits;\n    0 nanoseconds spent performing 0 L2C misses;\n    0 nanoseconds spent executing 0 flushes (flushing a total of 0 entities and 0 collections);\n    0 nanoseconds spent executing 0 pre-partial-flushes;\n    0 nanoseconds spent executing 0 partial-flushes (flushing a total of 0 entities and 0 collections)\n}","logger_name":"org.hibernate.engine.internal.StatisticalLoggingSessionEventListener","thread_name":"main","level":"INFO","level_value":20000}
{"@timestamp":"2026-05-17T17:38:57.6535107+02:00","@version":"1","message":"Hibernate is in classpath; If applicable, HQL parser will be used.","logger_name":"org.springframework.data.jpa.repository.query.QueryEnhancerFactory","thread_name":"main","level":"INFO","level_value":20000}
{"@timestamp":"2026-05-17T17:38:58.2153911+02:00","@version":"1","message":"Session Metrics {\n    0 nanoseconds spent acquiring 0 JDBC connections;\n    0 nanoseconds spent releasing 0 JDBC connections;\n    0 nanoseconds spent preparing 0 JDBC statements;\n    0 nanoseconds spent executing 0 JDBC statements;\n    0 nanoseconds spent executing 0 JDBC batches;\n    0 nanoseconds spent performing 0 L2C puts;\n    0 nanoseconds spent performing 0 L2C hits;\n    0 nanoseconds spent performing 0 L2C misses;\n    0 nanoseconds spent executing 0 flushes (flushing a total of 0 entities and 0 collections);\n    0 nanoseconds spent executing 0 pre-partial-flushes;\n    0 nanoseconds spent executing 0 partial-flushes (flushing a total of 0 entities and 0 collections)\n}","logger_name":"org.hibernate.engine.internal.StatisticalLoggingSessionEventListener","thread_name":"main","level":"INFO","level_value":20000}
{"@timestamp":"2026-05-17T17:38:58.4490512+02:00","@version":"1","message":"spring.jpa.open-in-view is enabled by default. Therefore, database queries may be performed during view rendering. Explicitly configure spring.jpa.open-in-view to disable this warning","logger_name":"org.springframework.boot.autoconfigure.orm.jpa.JpaBaseConfiguration$JpaWebConfiguration","thread_name":"main","level":"WARN","level_value":30000}
{"@timestamp":"2026-05-17T17:38:59.2544579+02:00","@version":"1","message":"H2 console available at '/h2-console'. Database available at 'jdbc:h2:mem:mydb'","logger_name":"org.springframework.boot.autoconfigure.h2.H2ConsoleAutoConfiguration","thread_name":"main","level":"INFO","level_value":20000}
{"@timestamp":"2026-05-17T17:38:59.2905363+02:00","@version":"1","message":"Exposing 3 endpoints beneath base path '/actuator'","logger_name":"org.springframework.boot.actuate.endpoint.web.EndpointLinksResolver","thread_name":"main","level":"INFO","level_value":20000}
{"@timestamp":"2026-05-17T17:38:59.4533719+02:00","@version":"1","message":"Tomcat started on port 8080 (http) with context path '/'","logger_name":"org.springframework.boot.web.embedded.tomcat.TomcatWebServer","thread_name":"main","level":"INFO","level_value":20000}
{"@timestamp":"2026-05-17T17:38:59.4790012+02:00","@version":"1","message":"Started PaymentServiceApplication in 9.413 seconds (process running for 9.958)","logger_name":"com.phyriak.PaymentServiceApplication","thread_name":"main","level":"INFO","level_value":20000}
{"@timestamp":"2026-05-17T17:38:59.4847185+02:00","@version":"1","message":"Commencing graceful shutdown. Waiting for active requests to complete","logger_name":"org.springframework.boot.web.embedded.tomcat.GracefulShutdown","thread_name":"SpringApplicationShutdownHook","level":"INFO","level_value":20000}
{"@timestamp":"2026-05-17T17:38:59.4978114+02:00","@version":"1","message":"Graceful shutdown complete","logger_name":"org.springframework.boot.web.embedded.tomcat.GracefulShutdown","thread_name":"tomcat-shutdown","level":"INFO","level_value":20000}
{"@timestamp":"2026-05-17T17:38:59.5043746+02:00","@version":"1","message":"Closing JPA EntityManagerFactory for persistence unit 'default'","logger_name":"org.springframework.orm.jpa.LocalContainerEntityManagerFactoryBean","thread_name":"SpringApplicationShutdownHook","level":"INFO","level_value":20000}
{"@timestamp":"2026-05-17T17:38:59.5163849+02:00","@version":"1","message":"HikariPool-1 - Shutdown initiated...","logger_name":"com.zaxxer.hikari.HikariDataSource","thread_name":"SpringApplicationShutdownHook","level":"INFO","level_value":20000}
{"@timestamp":"2026-05-17T17:38:59.5210583+02:00","@version":"1","message":"HikariPool-1 - Shutdown completed.","logger_name":"com.zaxxer.hikari.HikariDataSource","thread_name":"SpringApplicationShutdownHook","level":"INFO","level_value":20000}
{"@timestamp":"2026-05-17T17:39:11.0489391+02:00","@version":"1","message":"HV000001: Hibernate Validator 8.0.3.Final","logger_name":"org.hibernate.validator.internal.util.Version","thread_name":"background-preinit","level":"INFO","level_value":20000}
{"@timestamp":"2026-05-17T17:39:11.119883+02:00","@version":"1","message":"Starting PaymentServiceApplication using Java 21.0.7 with PID 9312 (C:\\Users\\piotr\\Workspace\\payment-service\\target\\classes started by piotr in C:\\Users\\piotr\\Workspace\\payment-service)","logger_name":"com.phyriak.PaymentServiceApplication","thread_name":"main","level":"INFO","level_value":20000}
{"@timestamp":"2026-05-17T17:39:11.1219127+02:00","@version":"1","message":"No active profile set, falling back to 1 default profile: \"default\"","logger_name":"com.phyriak.PaymentServiceApplication","thread_name":"main","level":"INFO","level_value":20000}
{"@timestamp":"2026-05-17T17:39:13.132632+02:00","@version":"1","message":"Bootstrapping Spring Data JPA repositories in DEFAULT mode.","logger_name":"org.springframework.data.repository.config.RepositoryConfigurationDelegate","thread_name":"main","level":"INFO","level_value":20000}
{"@timestamp":"2026-05-17T17:39:13.2422564+02:00","@version":"1","message":"Finished Spring Data repository scanning in 95 ms. Found 1 JPA repository interface.","logger_name":"org.springframework.data.repository.config.RepositoryConfigurationDelegate","thread_name":"main","level":"INFO","level_value":20000}
{"@timestamp":"2026-05-17T17:39:14.154457+02:00","@version":"1","message":"Tomcat initialized with port 8080 (http)","logger_name":"org.springframework.boot.web.embedded.tomcat.TomcatWebServer","thread_name":"main","level":"INFO","level_value":20000}
{"@timestamp":"2026-05-17T17:39:14.1834701+02:00","@version":"1","message":"Initializing ProtocolHandler [\"http-nio-8080\"]","logger_name":"org.apache.coyote.http11.Http11NioProtocol","thread_name":"main","level":"INFO","level_value":20000}
{"@timestamp":"2026-05-17T17:39:14.1876911+02:00","@version":"1","message":"Starting service [Tomcat]","logger_name":"org.apache.catalina.core.StandardService","thread_name":"main","level":"INFO","level_value":20000}
{"@timestamp":"2026-05-17T17:39:14.1896852+02:00","@version":"1","message":"Starting Servlet engine: [Apache Tomcat/10.1.50]","logger_name":"org.apache.catalina.core.StandardEngine","thread_name":"main","level":"INFO","level_value":20000}
{"@timestamp":"2026-05-17T17:39:14.3424474+02:00","@version":"1","message":"Initializing Spring embedded WebApplicationContext","logger_name":"org.apache.catalina.core.ContainerBase.[Tomcat].[localhost].[/]","thread_name":"main","level":"INFO","level_value":20000}
{"@timestamp":"2026-05-17T17:39:14.3448176+02:00","@version":"1","message":"Root WebApplicationContext: initialization completed in 3145 ms","logger_name":"org.springframework.boot.web.servlet.context.ServletWebServerApplicationContext","thread_name":"main","level":"INFO","level_value":20000}
{"@timestamp":"2026-05-17T17:39:15.2765466+02:00","@version":"1","message":"HikariPool-1 - Starting...","logger_name":"com.zaxxer.hikari.HikariDataSource","thread_name":"main","level":"INFO","level_value":20000}
{"@timestamp":"2026-05-17T17:39:15.616463+02:00","@version":"1","message":"HikariPool-1 - Added connection conn0: url=jdbc:h2:mem:mydb user=SA","logger_name":"com.zaxxer.hikari.pool.HikariPool","thread_name":"main","level":"INFO","level_value":20000}
{"@timestamp":"2026-05-17T17:39:15.6194619+02:00","@version":"1","message":"HikariPool-1 - Start completed.","logger_name":"com.zaxxer.hikari.HikariDataSource","thread_name":"main","level":"INFO","level_value":20000}
{"@timestamp":"2026-05-17T17:39:15.8380484+02:00","@version":"1","message":"HHH000204: Processing PersistenceUnitInfo [name: default]","logger_name":"org.hibernate.jpa.internal.util.LogHelper","thread_name":"main","level":"INFO","level_value":20000}
{"@timestamp":"2026-05-17T17:39:15.9699135+02:00","@version":"1","message":"HHH000412: Hibernate ORM core version 6.6.41.Final","logger_name":"org.hibernate.Version","thread_name":"main","level":"INFO","level_value":20000}
{"@timestamp":"2026-05-17T17:39:16.0430009+02:00","@version":"1","message":"HHH000026: Second-level cache disabled","logger_name":"org.hibernate.cache.internal.RegionFactoryInitiator","thread_name":"main","level":"INFO","level_value":20000}
{"@timestamp":"2026-05-17T17:39:16.6057777+02:00","@version":"1","message":"No LoadTimeWeaver setup: ignoring JPA class transformer","logger_name":"org.springframework.orm.jpa.persistenceunit.SpringPersistenceUnitInfo","thread_name":"main","level":"INFO","level_value":20000}
{"@timestamp":"2026-05-17T17:39:16.6826598+02:00","@version":"1","message":"HHH90000025: H2Dialect does not need to be specified explicitly using 'hibernate.dialect' (remove the property setting and it will be selected by default)","logger_name":"org.hibernate.orm.deprecation","thread_name":"main","level":"WARN","level_value":30000}
{"@timestamp":"2026-05-17T17:39:16.7068235+02:00","@version":"1","message":"HHH10001005: Database info:\n\tDatabase JDBC URL [Connecting through datasource 'HikariDataSource (HikariPool-1)']\n\tDatabase driver: undefined/unknown\n\tDatabase version: 2.2.224\n\tAutocommit mode: undefined/unknown\n\tIsolation level: undefined/unknown\n\tMinimum pool size: undefined/unknown\n\tMaximum pool size: undefined/unknown","logger_name":"org.hibernate.orm.connections.pooling","thread_name":"main","level":"INFO","level_value":20000}
{"@timestamp":"2026-05-17T17:39:18.0628345+02:00","@version":"1","message":"HHH000489: No JTA platform available (set 'hibernate.transaction.jta.platform' to enable JTA platform integration)","logger_name":"org.hibernate.engine.transaction.jta.platform.internal.JtaPlatformInitiator","thread_name":"main","level":"INFO","level_value":20000}
{"@timestamp":"2026-05-17T17:39:18.1029453+02:00","@version":"1","message":"Initialized JPA EntityManagerFactory for persistence unit 'default'","logger_name":"org.springframework.orm.jpa.LocalContainerEntityManagerFactoryBean","thread_name":"main","level":"INFO","level_value":20000}
{"@timestamp":"2026-05-17T17:39:19.4433134+02:00","@version":"1","message":"Session Metrics {\n    0 nanoseconds spent acquiring 0 JDBC connections;\n    0 nanoseconds spent releasing 0 JDBC connections;\n    0 nanoseconds spent preparing 0 JDBC statements;\n    0 nanoseconds spent executing 0 JDBC statements;\n    0 nanoseconds spent executing 0 JDBC batches;\n    0 nanoseconds spent performing 0 L2C puts;\n    0 nanoseconds spent performing 0 L2C hits;\n    0 nanoseconds spent performing 0 L2C misses;\n    0 nanoseconds spent executing 0 flushes (flushing a total of 0 entities and 0 collections);\n    0 nanoseconds spent executing 0 pre-partial-flushes;\n    0 nanoseconds spent executing 0 partial-flushes (flushing a total of 0 entities and 0 collections)\n}","logger_name":"org.hibernate.engine.internal.StatisticalLoggingSessionEventListener","thread_name":"main","level":"INFO","level_value":20000}
{"@timestamp":"2026-05-17T17:39:19.4675718+02:00","@version":"1","message":"Hibernate is in classpath; If applicable, HQL parser will be used.","logger_name":"org.springframework.data.jpa.repository.query.QueryEnhancerFactory","thread_name":"main","level":"INFO","level_value":20000}
{"@timestamp":"2026-05-17T17:39:20.3611282+02:00","@version":"1","message":"Session Metrics {\n    0 nanoseconds spent acquiring 0 JDBC connections;\n    0 nanoseconds spent releasing 0 JDBC connections;\n    0 nanoseconds spent preparing 0 JDBC statements;\n    0 nanoseconds spent executing 0 JDBC statements;\n    0 nanoseconds spent executing 0 JDBC batches;\n    0 nanoseconds spent performing 0 L2C puts;\n    0 nanoseconds spent performing 0 L2C hits;\n    0 nanoseconds spent performing 0 L2C misses;\n    0 nanoseconds spent executing 0 flushes (flushing a total of 0 entities and 0 collections);\n    0 nanoseconds spent executing 0 pre-partial-flushes;\n    0 nanoseconds spent executing 0 partial-flushes (flushing a total of 0 entities and 0 collections)\n}","logger_name":"org.hibernate.engine.internal.StatisticalLoggingSessionEventListener","thread_name":"main","level":"INFO","level_value":20000}
{"@timestamp":"2026-05-17T17:39:20.596917+02:00","@version":"1","message":"spring.jpa.open-in-view is enabled by default. Therefore, database queries may be performed during view rendering. Explicitly configure spring.jpa.open-in-view to disable this warning","logger_name":"org.springframework.boot.autoconfigure.orm.jpa.JpaBaseConfiguration$JpaWebConfiguration","thread_name":"main","level":"WARN","level_value":30000}
{"@timestamp":"2026-05-17T17:39:21.4513617+02:00","@version":"1","message":"H2 console available at '/h2-console'. Database available at 'jdbc:h2:mem:mydb'","logger_name":"org.springframework.boot.autoconfigure.h2.H2ConsoleAutoConfiguration","thread_name":"main","level":"INFO","level_value":20000}
{"@timestamp":"2026-05-17T17:39:21.4895319+02:00","@version":"1","message":"Exposing 3 endpoints beneath base path '/actuator'","logger_name":"org.springframework.boot.actuate.endpoint.web.EndpointLinksResolver","thread_name":"main","level":"INFO","level_value":20000}
{"@timestamp":"2026-05-17T17:39:21.6681985+02:00","@version":"1","message":"Starting ProtocolHandler [\"http-nio-8080\"]","logger_name":"org.apache.coyote.http11.Http11NioProtocol","thread_name":"main","level":"INFO","level_value":20000}
{"@timestamp":"2026-05-17T17:39:21.6970007+02:00","@version":"1","message":"Tomcat started on port 8080 (http) with context path '/'","logger_name":"org.springframework.boot.web.embedded.tomcat.TomcatWebServer","thread_name":"main","level":"INFO","level_value":20000}
{"@timestamp":"2026-05-17T17:39:21.7398715+02:00","@version":"1","message":"Started PaymentServiceApplication in 11.723 seconds (process running for 12.507)","logger_name":"com.phyriak.PaymentServiceApplication","thread_name":"main","level":"INFO","level_value":20000}
{"@timestamp":"2026-05-17T17:39:24.3316667+02:00","@version":"1","message":"Initializing Spring DispatcherServlet 'dispatcherServlet'","logger_name":"org.apache.catalina.core.ContainerBase.[Tomcat].[localhost].[/]","thread_name":"http-nio-8080-exec-1","level":"INFO","level_value":20000}
{"@timestamp":"2026-05-17T17:39:24.3316667+02:00","@version":"1","message":"Initializing Servlet 'dispatcherServlet'","logger_name":"org.springframework.web.servlet.DispatcherServlet","thread_name":"http-nio-8080-exec-1","level":"INFO","level_value":20000}
{"@timestamp":"2026-05-17T17:39:24.333674+02:00","@version":"1","message":"Completed initialization in 1 ms","logger_name":"org.springframework.web.servlet.DispatcherServlet","thread_name":"http-nio-8080-exec-1","level":"INFO","level_value":20000}
{"@timestamp":"2026-05-17T17:44:58.8880824+02:00","@version":"1","message":"Job: [SimpleJob: [name=paymentImportJob]] launched with the following parameters: [{'filePath':'{value=C:\\Users\\piotr\\AppData\\Local\\Temp\\payments-9672094892975877151.csv, type=class java.lang.String, identifying=true}','time':'{value=1779032698826, type=class java.lang.Long, identifying=true}'}]","logger_name":"org.springframework.batch.core.launch.support.TaskExecutorJobLauncher","thread_name":"http-nio-8080-exec-8","level":"INFO","level_value":20000,"traceId":"84ad792f26e59d8ebb321db51a522a49","spanId":"2094a93d0b58308d"}
{"@timestamp":"2026-05-17T17:44:58.8974855+02:00","@version":"1","message":"The meter (MeterId{name='spring.batch.job.active', tags=[tag(application=payment-service),tag(spring.batch.job.name=paymentImportJob),tag(spring.batch.job.status=UNKNOWN)]}) registration has failed: Prometheus requires that all meters with the same name have the same set of tag keys. There is already an existing meter named 'spring_batch_job_active_seconds' containing tag keys [application, spring_batch_job_active_name]. The meter you are attempting to register has keys [application, spring_batch_job_name, spring_batch_job_status]. Note that subsequent logs will be logged at debug level.","logger_name":"io.micrometer.prometheusmetrics.PrometheusMeterRegistry","thread_name":"http-nio-8080-exec-8","level":"WARN","level_value":30000,"traceId":"84ad792f26e59d8ebb321db51a522a49","spanId":"2094a93d0b58308d"}
{"@timestamp":"2026-05-17T17:44:58.9176812+02:00","@version":"1","message":"Executing step: [paymentImportStep]","logger_name":"org.springframework.batch.core.job.SimpleStepHandler","thread_name":"http-nio-8080-exec-8","level":"INFO","level_value":20000,"traceId":"84ad792f26e59d8ebb321db51a522a49","spanId":"e89cb73f37b35010"}
{"@timestamp":"2026-05-17T17:45:00.4918817+02:00","@version":"1","message":"Step: [paymentImportStep] executed in 1s573ms","logger_name":"org.springframework.batch.core.step.AbstractStep","thread_name":"http-nio-8080-exec-8","level":"INFO","level_value":20000,"traceId":"84ad792f26e59d8ebb321db51a522a49","spanId":"e89cb73f37b35010"}
{"@timestamp":"2026-05-17T17:45:00.5045454+02:00","@version":"1","message":"Job: [SimpleJob: [name=paymentImportJob]] completed with the following parameters: [{'filePath':'{value=C:\\Users\\piotr\\AppData\\Local\\Temp\\payments-9672094892975877151.csv, type=class java.lang.String, identifying=true}','time':'{value=1779032698826, type=class java.lang.Long, identifying=true}'}] and the following status: [COMPLETED] in 1s603ms","logger_name":"org.springframework.batch.core.launch.support.TaskExecutorJobLauncher","thread_name":"http-nio-8080-exec-8","level":"INFO","level_value":20000,"traceId":"84ad792f26e59d8ebb321db51a522a49","spanId":"2094a93d0b58308d"}
{"@timestamp":"2026-05-17T17:45:00.5175563+02:00","@version":"1","message":"Session Metrics {\n    161500 nanoseconds spent acquiring 1 JDBC connections;\n    0 nanoseconds spent releasing 0 JDBC connections;\n    7614100 nanoseconds spent preparing 211 JDBC statements;\n    22539700 nanoseconds spent executing 201 JDBC statements;\n    169501000 nanoseconds spent executing 10 JDBC batches;\n    0 nanoseconds spent performing 0 L2C puts;\n    0 nanoseconds spent performing 0 L2C hits;\n    0 nanoseconds spent performing 0 L2C misses;\n    560820300 nanoseconds spent executing 10 flushes (flushing a total of 10000 entities and 0 collections);\n    0 nanoseconds spent executing 0 pre-partial-flushes;\n    0 nanoseconds spent executing 0 partial-flushes (flushing a total of 0 entities and 0 collections)\n}","logger_name":"org.hibernate.engine.internal.StatisticalLoggingSessionEventListener","thread_name":"http-nio-8080-exec-8","level":"INFO","level_value":20000,"traceId":"84ad792f26e59d8ebb321db51a522a49","spanId":"2094a93d0b58308d"}
{"@timestamp":"2026-05-17T17:49:01.7474243+02:00","@version":"1","message":"Job: [SimpleJob: [name=paymentImportJob]] launched with the following parameters: [{'filePath':'{value=C:\\Users\\piotr\\AppData\\Local\\Temp\\payments-8132668474215366205.csv, type=class java.lang.String, identifying=true}','time':'{value=1779032941741, type=class java.lang.Long, identifying=true}'}]","logger_name":"org.springframework.batch.core.launch.support.TaskExecutorJobLauncher","thread_name":"http-nio-8080-exec-1","level":"INFO","level_value":20000,"traceId":"4cf5f918f2f0b48f4c70b114bd8025af","spanId":"70054161e320b1f2"}
{"@timestamp":"2026-05-17T17:49:01.7519886+02:00","@version":"1","message":"Executing step: [paymentImportStep]","logger_name":"org.springframework.batch.core.job.SimpleStepHandler","thread_name":"http-nio-8080-exec-1","level":"INFO","level_value":20000,"traceId":"4cf5f918f2f0b48f4c70b114bd8025af","spanId":"0d678168d4bec847"}
{"@timestamp":"2026-05-17T17:49:02.504441+02:00","@version":"1","message":"Step: [paymentImportStep] executed in 752ms","logger_name":"org.springframework.batch.core.step.AbstractStep","thread_name":"http-nio-8080-exec-1","level":"INFO","level_value":20000,"traceId":"4cf5f918f2f0b48f4c70b114bd8025af","spanId":"0d678168d4bec847"}
{"@timestamp":"2026-05-17T17:49:02.5112353+02:00","@version":"1","message":"Job: [SimpleJob: [name=paymentImportJob]] completed with the following parameters: [{'filePath':'{value=C:\\Users\\piotr\\AppData\\Local\\Temp\\payments-8132668474215366205.csv, type=class java.lang.String, identifying=true}','time':'{value=1779032941741, type=class java.lang.Long, identifying=true}'}] and the following status: [COMPLETED] in 761ms","logger_name":"org.springframework.batch.core.launch.support.TaskExecutorJobLauncher","thread_name":"http-nio-8080-exec-1","level":"INFO","level_value":20000,"traceId":"4cf5f918f2f0b48f4c70b114bd8025af","spanId":"70054161e320b1f2"}
{"@timestamp":"2026-05-17T17:49:02.5154488+02:00","@version":"1","message":"Session Metrics {\n    71100 nanoseconds spent acquiring 1 JDBC connections;\n    0 nanoseconds spent releasing 0 JDBC connections;\n    4111900 nanoseconds spent preparing 210 JDBC statements;\n    17691500 nanoseconds spent executing 200 JDBC statements;\n    80817700 nanoseconds spent executing 10 JDBC batches;\n    0 nanoseconds spent performing 0 L2C puts;\n    0 nanoseconds spent performing 0 L2C hits;\n    0 nanoseconds spent performing 0 L2C misses;\n    287712300 nanoseconds spent executing 10 flushes (flushing a total of 10000 entities and 0 collections);\n    0 nanoseconds spent executing 0 pre-partial-flushes;\n    0 nanoseconds spent executing 0 partial-flushes (flushing a total of 0 entities and 0 collections)\n}","logger_name":"org.hibernate.engine.internal.StatisticalLoggingSessionEventListener","thread_name":"http-nio-8080-exec-1","level":"INFO","level_value":20000,"traceId":"4cf5f918f2f0b48f4c70b114bd8025af","spanId":"70054161e320b1f2"}
{"@timestamp":"2026-05-17T17:55:52.6413165+02:00","@version":"1","message":"Job: [SimpleJob: [name=paymentImportJob]] launched with the following parameters: [{'filePath':'{value=C:\\Users\\piotr\\AppData\\Local\\Temp\\payments-3630276026502215652.csv, type=class java.lang.String, identifying=true}','time':'{value=1779033352637, type=class java.lang.Long, identifying=true}'}]","logger_name":"org.springframework.batch.core.launch.support.TaskExecutorJobLauncher","thread_name":"http-nio-8080-exec-5","level":"INFO","level_value":20000,"traceId":"5ad5773e74526af59dab944df21f6038","spanId":"937840d0f4e91ebd"}
{"@timestamp":"2026-05-17T17:55:52.6454419+02:00","@version":"1","message":"Executing step: [paymentImportStep]","logger_name":"org.springframework.batch.core.job.SimpleStepHandler","thread_name":"http-nio-8080-exec-5","level":"INFO","level_value":20000,"traceId":"5ad5773e74526af59dab944df21f6038","spanId":"d6690a2ed378fc61"}
{"@timestamp":"2026-05-17T17:55:53.3507147+02:00","@version":"1","message":"Step: [paymentImportStep] executed in 705ms","logger_name":"org.springframework.batch.core.step.AbstractStep","thread_name":"http-nio-8080-exec-5","level":"INFO","level_value":20000,"traceId":"5ad5773e74526af59dab944df21f6038","spanId":"d6690a2ed378fc61"}
{"@timestamp":"2026-05-17T17:55:53.3576086+02:00","@version":"1","message":"Job: [SimpleJob: [name=paymentImportJob]] completed with the following parameters: [{'filePath':'{value=C:\\Users\\piotr\\AppData\\Local\\Temp\\payments-3630276026502215652.csv, type=class java.lang.String, identifying=true}','time':'{value=1779033352637, type=class java.lang.Long, identifying=true}'}] and the following status: [COMPLETED] in 713ms","logger_name":"org.springframework.batch.core.launch.support.TaskExecutorJobLauncher","thread_name":"http-nio-8080-exec-5","level":"INFO","level_value":20000,"traceId":"5ad5773e74526af59dab944df21f6038","spanId":"937840d0f4e91ebd"}
{"@timestamp":"2026-05-17T17:55:53.3586085+02:00","@version":"1","message":"Session Metrics {\n    64000 nanoseconds spent acquiring 1 JDBC connections;\n    0 nanoseconds spent releasing 0 JDBC connections;\n    2343600 nanoseconds spent preparing 210 JDBC statements;\n    8799400 nanoseconds spent executing 200 JDBC statements;\n    54726900 nanoseconds spent executing 10 JDBC batches;\n    0 nanoseconds spent performing 0 L2C puts;\n    0 nanoseconds spent performing 0 L2C hits;\n    0 nanoseconds spent performing 0 L2C misses;\n    291646200 nanoseconds spent executing 10 flushes (flushing a total of 10000 entities and 0 collections);\n    0 nanoseconds spent executing 0 pre-partial-flushes;\n    0 nanoseconds spent executing 0 partial-flushes (flushing a total of 0 entities and 0 collections)\n}","logger_name":"org.hibernate.engine.internal.StatisticalLoggingSessionEventListener","thread_name":"http-nio-8080-exec-5","level":"INFO","level_value":20000,"traceId":"5ad5773e74526af59dab944df21f6038","spanId":"937840d0f4e91ebd"}
{"@timestamp":"2026-05-17T18:09:39.283054+02:00","@version":"1","message":"Job: [SimpleJob: [name=paymentImportJob]] launched with the following parameters: [{'filePath':'{value=C:\\Users\\piotr\\AppData\\Local\\Temp\\payments-11950588805273503025.csv, type=class java.lang.String, identifying=true}','time':'{value=1779034179277, type=class java.lang.Long, identifying=true}'}]","logger_name":"org.springframework.batch.core.launch.support.TaskExecutorJobLauncher","thread_name":"http-nio-8080-exec-6","level":"INFO","level_value":20000,"traceId":"87bb49d232488036284bd7e786db1328","spanId":"ea5e107d34bd4cb6"}
{"@timestamp":"2026-05-17T18:09:39.2882044+02:00","@version":"1","message":"Executing step: [paymentImportStep]","logger_name":"org.springframework.batch.core.job.SimpleStepHandler","thread_name":"http-nio-8080-exec-6","level":"INFO","level_value":20000,"traceId":"87bb49d232488036284bd7e786db1328","spanId":"1cb24f069fc6c72a"}
{"@timestamp":"2026-05-17T18:09:39.7105562+02:00","@version":"1","message":"Step: [paymentImportStep] executed in 422ms","logger_name":"org.springframework.batch.core.step.AbstractStep","thread_name":"http-nio-8080-exec-6","level":"INFO","level_value":20000,"traceId":"87bb49d232488036284bd7e786db1328","spanId":"1cb24f069fc6c72a"}
{"@timestamp":"2026-05-17T18:09:39.7179607+02:00","@version":"1","message":"Job: [SimpleJob: [name=paymentImportJob]] completed with the following parameters: [{'filePath':'{value=C:\\Users\\piotr\\AppData\\Local\\Temp\\payments-11950588805273503025.csv, type=class java.lang.String, identifying=true}','time':'{value=1779034179277, type=class java.lang.Long, identifying=true}'}] and the following status: [COMPLETED] in 431ms","logger_name":"org.springframework.batch.core.launch.support.TaskExecutorJobLauncher","thread_name":"http-nio-8080-exec-6","level":"INFO","level_value":20000,"traceId":"87bb49d232488036284bd7e786db1328","spanId":"ea5e107d34bd4cb6"}
{"@timestamp":"2026-05-17T18:09:39.7189642+02:00","@version":"1","message":"Session Metrics {\n    66100 nanoseconds spent acquiring 1 JDBC connections;\n    0 nanoseconds spent releasing 0 JDBC connections;\n    1208200 nanoseconds spent preparing 210 JDBC statements;\n    6944800 nanoseconds spent executing 200 JDBC statements;\n    42243200 nanoseconds spent executing 10 JDBC batches;\n    0 nanoseconds spent performing 0 L2C puts;\n    0 nanoseconds spent performing 0 L2C hits;\n    0 nanoseconds spent performing 0 L2C misses;\n    161030400 nanoseconds spent executing 10 flushes (flushing a total of 10000 entities and 0 collections);\n    0 nanoseconds spent executing 0 pre-partial-flushes;\n    0 nanoseconds spent executing 0 partial-flushes (flushing a total of 0 entities and 0 collections)\n}","logger_name":"org.hibernate.engine.internal.StatisticalLoggingSessionEventListener","thread_name":"http-nio-8080-exec-6","level":"INFO","level_value":20000,"traceId":"87bb49d232488036284bd7e786db1328","spanId":"ea5e107d34bd4cb6"}
{"@timestamp":"2026-05-17T18:11:56.451142+02:00","@version":"1","message":"Session Metrics {\n    86500 nanoseconds spent acquiring 1 JDBC connections;\n    0 nanoseconds spent releasing 0 JDBC connections;\n    646200 nanoseconds spent preparing 1 JDBC statements;\n    230000 nanoseconds spent executing 1 JDBC statements;\n    0 nanoseconds spent executing 0 JDBC batches;\n    0 nanoseconds spent performing 0 L2C puts;\n    0 nanoseconds spent performing 0 L2C hits;\n    0 nanoseconds spent performing 0 L2C misses;\n    0 nanoseconds spent executing 0 flushes (flushing a total of 0 entities and 0 collections);\n    0 nanoseconds spent executing 0 pre-partial-flushes;\n    0 nanoseconds spent executing 0 partial-flushes (flushing a total of 0 entities and 0 collections)\n}","logger_name":"org.hibernate.engine.internal.StatisticalLoggingSessionEventListener","thread_name":"http-nio-8080-exec-6","level":"INFO","level_value":20000,"traceId":"2d13022af4e04d529b93a87aa3bf70e8","spanId":"598d428ef9ae200f"}
{"@timestamp":"2026-05-17T18:12:01.4211004+02:00","@version":"1","message":"Payment with id: 5553333 does not exist!","logger_name":"com.phyriak.exceptions.ExceptionHandler","thread_name":"http-nio-8080-exec-7","level":"WARN","level_value":30000,"traceId":"01ca0fea5ce1a4f56141caefb557e62c","spanId":"f23bd9a6c8604418"}
{"@timestamp":"2026-05-17T18:12:01.4221002+02:00","@version":"1","message":"Session Metrics {\n    36800 nanoseconds spent acquiring 1 JDBC connections;\n    0 nanoseconds spent releasing 0 JDBC connections;\n    13500 nanoseconds spent preparing 1 JDBC statements;\n    138100 nanoseconds spent executing 1 JDBC statements;\n    0 nanoseconds spent executing 0 JDBC batches;\n    0 nanoseconds spent performing 0 L2C puts;\n    0 nanoseconds spent performing 0 L2C hits;\n    0 nanoseconds spent performing 0 L2C misses;\n    0 nanoseconds spent executing 0 flushes (flushing a total of 0 entities and 0 collections);\n    0 nanoseconds spent executing 0 pre-partial-flushes;\n    0 nanoseconds spent executing 0 partial-flushes (flushing a total of 0 entities and 0 collections)\n}","logger_name":"org.hibernate.engine.internal.StatisticalLoggingSessionEventListener","thread_name":"http-nio-8080-exec-7","level":"INFO","level_value":20000,"traceId":"01ca0fea5ce1a4f56141caefb557e62c","spanId":"f23bd9a6c8604418"}
{"@timestamp":"2026-05-17T18:12:36.3366141+02:00","@version":"1","message":"Unexpected error","logger_name":"com.phyriak.exceptions.ExceptionHandler","thread_name":"http-nio-8080-exec-6","level":"ERROR","level_value":40000,"stack_trace":"org.springframework.http.converter.HttpMessageNotReadableException: JSON parse error: Illegal unquoted character ((CTRL-CHAR, code 10)): has to be escaped using backslash to be included in string value\r\n\tat org.springframework.http.converter.json.AbstractJackson2HttpMessageConverter.readJavaType(AbstractJackson2HttpMessageConverter.java:408)\r\n\tat org.springframework.http.converter.json.AbstractJackson2HttpMessageConverter.read(AbstractJackson2HttpMessageConverter.java:356)\r\n\tat org.springframework.web.servlet.mvc.method.annotation.AbstractMessageConverterMethodArgumentResolver.readWithMessageConverters(AbstractMessageConverterMethodArgumentResolver.java:204)\r\n\tat org.springframework.web.servlet.mvc.method.annotation.RequestResponseBodyMethodProcessor.readWithMessageConverters(RequestResponseBodyMethodProcessor.java:176)\r\n\tat org.springframework.web.servlet.mvc.method.annotation.RequestResponseBodyMethodProcessor.resolveArgument(RequestResponseBodyMethodProcessor.java:150)\r\n\tat org.springframework.web.method.support.HandlerMethodArgumentResolverComposite.resolveArgument(HandlerMethodArgumentResolverComposite.java:122)\r\n\tat org.springframework.web.method.support.InvocableHandlerMethod.getMethodArgumentValues(InvocableHandlerMethod.java:227)\r\n\tat org.springframework.web.method.support.InvocableHandlerMethod.invokeForRequest(InvocableHandlerMethod.java:181)\r\n\tat org.springframework.web.servlet.mvc.method.annotation.ServletInvocableHandlerMethod.invokeAndHandle(ServletInvocableHandlerMethod.java:118)\r\n\tat org.springframework.web.servlet.mvc.method.annotation.RequestMappingHandlerAdapter.invokeHandlerMethod(RequestMappingHandlerAdapter.java:991)\r\n\tat org.springframework.web.servlet.mvc.method.annotation.RequestMappingHandlerAdapter.handleInternal(RequestMappingHandlerAdapter.java:896)\r\n\tat org.springframework.web.servlet.mvc.method.AbstractHandlerMethodAdapter.handle(AbstractHandlerMethodAdapter.java:87)\r\n\tat org.springframework.web.servlet.DispatcherServlet.doDispatch(DispatcherServlet.java:1089)\r\n\tat org.springframework.web.servlet.DispatcherServlet.doService(DispatcherServlet.java:979)\r\n\tat org.springframework.web.servlet.FrameworkServlet.processRequest(FrameworkServlet.java:1014)\r\n\tat org.springframework.web.servlet.FrameworkServlet.doPost(FrameworkServlet.java:914)\r\n\tat jakarta.servlet.http.HttpServlet.service(HttpServlet.java:590)\r\n\tat org.springframework.web.servlet.FrameworkServlet.service(FrameworkServlet.java:885)\r\n\tat jakarta.servlet.http.HttpServlet.service(HttpServlet.java:658)\r\n\tat org.apache.catalina.core.ApplicationFilterChain.internalDoFilter(ApplicationFilterChain.java:193)\r\n\tat org.apache.catalina.core.ApplicationFilterChain.doFilter(ApplicationFilterChain.java:138)\r\n\tat org.apache.tomcat.websocket.server.WsFilter.doFilter(WsFilter.java:51)\r\n\tat org.apache.catalina.core.ApplicationFilterChain.internalDoFilter(ApplicationFilterChain.java:162)\r\n\tat org.apache.catalina.core.ApplicationFilterChain.doFilter(ApplicationFilterChain.java:138)\r\n\tat org.springframework.web.filter.RequestContextFilter.doFilterInternal(RequestContextFilter.java:100)\r\n\tat org.springframework.web.filter.OncePerRequestFilter.doFilter(OncePerRequestFilter.java:116)\r\n\tat org.apache.catalina.core.ApplicationFilterChain.internalDoFilter(ApplicationFilterChain.java:162)\r\n\tat org.apache.catalina.core.ApplicationFilterChain.doFilter(ApplicationFilterChain.java:138)\r\n\tat org.springframework.web.filter.FormContentFilter.doFilterInternal(FormContentFilter.java:93)\r\n\tat org.springframework.web.filter.OncePerRequestFilter.doFilter(OncePerRequestFilter.java:116)\r\n\tat org.apache.catalina.core.ApplicationFilterChain.internalDoFilter(ApplicationFilterChain.java:162)\r\n\tat org.apache.catalina.core.ApplicationFilterChain.doFilter(ApplicationFilterChain.java:138)\r\n\tat org.springframework.web.filter.ServerHttpObservationFilter.doFilterInternal(ServerHttpObservationFilter.java:110)\r\n\tat org.springframework.web.filter.OncePerRequestFilter.doFilter(OncePerRequestFilter.java:116)\r\n\tat org.apache.catalina.core.ApplicationFilterChain.internalDoFilter(ApplicationFilterChain.java:162)\r\n\tat org.apache.catalina.core.ApplicationFilterChain.doFilter(ApplicationFilterChain.java:138)\r\n\tat org.springframework.web.filter.CharacterEncodingFilter.doFilterInternal(CharacterEncodingFilter.java:201)\r\n\tat org.springframework.web.filter.OncePerRequestFilter.doFilter(OncePerRequestFilter.java:116)\r\n\tat org.apache.catalina.core.ApplicationFilterChain.internalDoFilter(ApplicationFilterChain.java:162)\r\n\tat org.apache.catalina.core.ApplicationFilterChain.doFilter(ApplicationFilterChain.java:138)\r\n\tat org.apache.catalina.core.StandardWrapperValve.invoke(StandardWrapperValve.java:165)\r\n\tat org.apache.catalina.core.StandardContextValve.invoke(StandardContextValve.java:88)\r\n\tat org.apache.catalina.authenticator.AuthenticatorBase.invoke(AuthenticatorBase.java:482)\r\n\tat org.apache.catalina.core.StandardHostValve.invoke(StandardHostValve.java:113)\r\n\tat org.apache.catalina.valves.ErrorReportValve.invoke(ErrorReportValve.java:83)\r\n\tat org.apache.catalina.core.StandardEngineValve.invoke(StandardEngineValve.java:72)\r\n\tat org.apache.catalina.connector.CoyoteAdapter.service(CoyoteAdapter.java:342)\r\n\tat org.apache.coyote.http11.Http11Processor.service(Http11Processor.java:399)\r\n\tat org.apache.coyote.AbstractProcessorLight.process(AbstractProcessorLight.java:63)\r\n\tat org.apache.coyote.AbstractProtocol$ConnectionHandler.process(AbstractProtocol.java:903)\r\n\tat org.apache.tomcat.util.net.NioEndpoint$SocketProcessor.doRun(NioEndpoint.java:1774)\r\n\tat org.apache.tomcat.util.net.SocketProcessorBase.run(SocketProcessorBase.java:52)\r\n\tat org.apache.tomcat.util.threads.ThreadPoolExecutor.runWorker(ThreadPoolExecutor.java:973)\r\n\tat org.apache.tomcat.util.threads.ThreadPoolExecutor$Worker.run(ThreadPoolExecutor.java:491)\r\n\tat org.apache.tomcat.util.threads.TaskThread$WrappingRunnable.run(TaskThread.java:63)\r\n\tat java.base/java.lang.Thread.run(Thread.java:1583)\r\nCaused by: com.fasterxml.jackson.databind.JsonMappingException: Illegal unquoted character ((CTRL-CHAR, code 10)): has to be escaped using backslash to be included in string value\n at [Source: REDACTED (`StreamReadFeature.INCLUDE_SOURCE_IN_LOCATION` disabled); line: 5, column: 23] (through reference chain: com.phyriak.dto.PaymentRequest[\"paymentType\"])\r\n\tat com.fasterxml.jackson.databind.JsonMappingException.wrapWithPath(JsonMappingException.java:400)\r\n\tat com.fasterxml.jackson.databind.JsonMappingException.wrapWithPath(JsonMappingException.java:359)\r\n\tat com.fasterxml.jackson.databind.deser.BeanDeserializerBase.wrapAndThrow(BeanDeserializerBase.java:1966)\r\n\tat com.fasterxml.jackson.databind.deser.BeanDeserializer._deserializeWithErrorWrapping(BeanDeserializer.java:589)\r\n\tat com.fasterxml.jackson.databind.deser.BeanDeserializer._deserializeUsingPropertyBased(BeanDeserializer.java:440)\r\n\tat com.fasterxml.jackson.databind.deser.BeanDeserializerBase.deserializeFromObjectUsingNonDefault(BeanDeserializerBase.java:1499)\r\n\tat com.fasterxml.jackson.databind.deser.BeanDeserializer.deserializeFromObject(BeanDeserializer.java:340)\r\n\tat com.fasterxml.jackson.databind.deser.BeanDeserializer.deserialize(BeanDeserializer.java:177)\r\n\tat com.fasterxml.jackson.databind.deser.DefaultDeserializationContext.readRootValue(DefaultDeserializationContext.java:342)\r\n\tat com.fasterxml.jackson.databind.ObjectReader._bindAndClose(ObjectReader.java:2130)\r\n\tat com.fasterxml.jackson.databind.ObjectReader.readValue(ObjectReader.java:1500)\r\n\tat org.springframework.http.converter.json.AbstractJackson2HttpMessageConverter.readJavaType(AbstractJackson2HttpMessageConverter.java:397)\r\n\t... 55 common frames omitted\r\nCaused by: com.fasterxml.jackson.core.JsonParseException: Illegal unquoted character ((CTRL-CHAR, code 10)): has to be escaped using backslash to be included in string value\n at [Source: REDACTED (`StreamReadFeature.INCLUDE_SOURCE_IN_LOCATION` disabled); line: 5, column: 23]\r\n\tat com.fasterxml.jackson.core.JsonParser._constructReadException(JsonParser.java:2672)\r\n\tat com.fasterxml.jackson.core.base.ParserBase._throwUnquotedSpace(ParserBase.java:1430)\r\n\tat com.fasterxml.jackson.core.json.UTF8StreamJsonParser._finishString2(UTF8StreamJsonParser.java:2593)\r\n\tat com.fasterxml.jackson.core.json.UTF8StreamJsonParser._finishAndReturnString(UTF8StreamJsonParser.java:2520)\r\n\tat com.fasterxml.jackson.core.json.UTF8StreamJsonParser.getText(UTF8StreamJsonParser.java:294)\r\n\tat com.fasterxml.jackson.databind.deser.std.EnumDeserializer.deserialize(EnumDeserializer.java:272)\r\n\tat com.fasterxml.jackson.databind.deser.SettableBeanProperty.deserialize(SettableBeanProperty.java:543)\r\n\tat com.fasterxml.jackson.databind.deser.BeanDeserializer._deserializeWithErrorWrapping(BeanDeserializer.java:587)\r\n\t... 63 common frames omitted\r\n","traceId":"d83ca9d44d2c4861b341adaa8d94ad18","spanId":"95f33ad70cf8f57e"}
{"@timestamp":"2026-05-17T18:12:36.3409637+02:00","@version":"1","message":"Session Metrics {\n    0 nanoseconds spent acquiring 0 JDBC connections;\n    0 nanoseconds spent releasing 0 JDBC connections;\n    0 nanoseconds spent preparing 0 JDBC statements;\n    0 nanoseconds spent executing 0 JDBC statements;\n    0 nanoseconds spent executing 0 JDBC batches;\n    0 nanoseconds spent performing 0 L2C puts;\n    0 nanoseconds spent performing 0 L2C hits;\n    0 nanoseconds spent performing 0 L2C misses;\n    0 nanoseconds spent executing 0 flushes (flushing a total of 0 entities and 0 collections);\n    0 nanoseconds spent executing 0 pre-partial-flushes;\n    0 nanoseconds spent executing 0 partial-flushes (flushing a total of 0 entities and 0 collections)\n}","logger_name":"org.hibernate.engine.internal.StatisticalLoggingSessionEventListener","thread_name":"http-nio-8080-exec-6","level":"INFO","level_value":20000,"traceId":"d83ca9d44d2c4861b341adaa8d94ad18","spanId":"95f33ad70cf8f57e"}
{"@timestamp":"2026-05-17T18:24:24.0111502+02:00","@version":"1","message":"Processing payment for userId: 22345, amount: 150.75, currency: EUR","logger_name":"com.phyriak.service.PaymentService","thread_name":"http-nio-8080-exec-9","level":"INFO","level_value":20000,"traceId":"33c7d41d884e3d6cccf10cbd2ff93d55","spanId":"c2470556a4049180"}
{"@timestamp":"2026-05-17T18:24:24.0276482+02:00","@version":"1","message":"Processing async payment 40001","logger_name":"com.phyriak.service.PaymentService","thread_name":"virtual-79","level":"INFO","level_value":20000}
{"@timestamp":"2026-05-17T18:24:24.03304+02:00","@version":"1","message":"Session Metrics {\n    112100 nanoseconds spent acquiring 1 JDBC connections;\n    0 nanoseconds spent releasing 0 JDBC connections;\n    42300 nanoseconds spent preparing 1 JDBC statements;\n    0 nanoseconds spent executing 0 JDBC statements;\n    308200 nanoseconds spent executing 1 JDBC batches;\n    0 nanoseconds spent performing 0 L2C puts;\n    0 nanoseconds spent performing 0 L2C hits;\n    0 nanoseconds spent performing 0 L2C misses;\n    991600 nanoseconds spent executing 1 flushes (flushing a total of 1 entities and 0 collections);\n    0 nanoseconds spent executing 0 pre-partial-flushes;\n    0 nanoseconds spent executing 0 partial-flushes (flushing a total of 0 entities and 0 collections)\n}","logger_name":"org.hibernate.engine.internal.StatisticalLoggingSessionEventListener","thread_name":"http-nio-8080-exec-9","level":"INFO","level_value":20000,"traceId":"33c7d41d884e3d6cccf10cbd2ff93d55","spanId":"c2470556a4049180"}
{"@timestamp":"2026-05-17T18:24:24.0361854+02:00","@version":"1","message":"Session Metrics {\n    69300 nanoseconds spent acquiring 1 JDBC connections;\n    0 nanoseconds spent releasing 0 JDBC connections;\n    2350900 nanoseconds spent preparing 1 JDBC statements;\n    429400 nanoseconds spent executing 1 JDBC statements;\n    0 nanoseconds spent executing 0 JDBC batches;\n    0 nanoseconds spent performing 0 L2C puts;\n    0 nanoseconds spent performing 0 L2C hits;\n    0 nanoseconds spent performing 0 L2C misses;\n    0 nanoseconds spent executing 0 flushes (flushing a total of 0 entities and 0 collections);\n    0 nanoseconds spent executing 0 pre-partial-flushes;\n    0 nanoseconds spent executing 0 partial-flushes (flushing a total of 0 entities and 0 collections)\n}","logger_name":"org.hibernate.engine.internal.StatisticalLoggingSessionEventListener","thread_name":"virtual-79","level":"INFO","level_value":20000}
{"@timestamp":"2026-05-17T18:24:24.0621491+02:00","@version":"1","message":"Session Metrics {\n    27100 nanoseconds spent acquiring 1 JDBC connections;\n    0 nanoseconds spent releasing 0 JDBC connections;\n    313400 nanoseconds spent preparing 2 JDBC statements;\n    366000 nanoseconds spent executing 1 JDBC statements;\n    362200 nanoseconds spent executing 1 JDBC batches;\n    0 nanoseconds spent performing 0 L2C puts;\n    0 nanoseconds spent performing 0 L2C hits;\n    0 nanoseconds spent performing 0 L2C misses;\n    18812000 nanoseconds spent executing 1 flushes (flushing a total of 1 entities and 0 collections);\n    0 nanoseconds spent executing 0 pre-partial-flushes;\n    0 nanoseconds spent executing 0 partial-flushes (flushing a total of 0 entities and 0 collections)\n}","logger_name":"org.hibernate.engine.internal.StatisticalLoggingSessionEventListener","thread_name":"virtual-79","level":"INFO","level_value":20000}
{"@timestamp":"2026-05-17T18:25:40.0180368+02:00","@version":"1","message":"Payment with id: 5553333 does not exist!","logger_name":"com.phyriak.exceptions.ExceptionHandler","thread_name":"http-nio-8080-exec-7","level":"WARN","level_value":30000,"traceId":"4c7d49a4497c44a6939f4bfeb50fc6b8","spanId":"343132708f005532"}
{"@timestamp":"2026-05-17T18:25:40.0202493+02:00","@version":"1","message":"Session Metrics {\n    80000 nanoseconds spent acquiring 1 JDBC connections;\n    0 nanoseconds spent releasing 0 JDBC connections;\n    59600 nanoseconds spent preparing 1 JDBC statements;\n    197700 nanoseconds spent executing 1 JDBC statements;\n    0 nanoseconds spent executing 0 JDBC batches;\n    0 nanoseconds spent performing 0 L2C puts;\n    0 nanoseconds spent performing 0 L2C hits;\n    0 nanoseconds spent performing 0 L2C misses;\n    0 nanoseconds spent executing 0 flushes (flushing a total of 0 entities and 0 collections);\n    0 nanoseconds spent executing 0 pre-partial-flushes;\n    0 nanoseconds spent executing 0 partial-flushes (flushing a total of 0 entities and 0 collections)\n}","logger_name":"org.hibernate.engine.internal.StatisticalLoggingSessionEventListener","thread_name":"http-nio-8080-exec-7","level":"INFO","level_value":20000,"traceId":"4c7d49a4497c44a6939f4bfeb50fc6b8","spanId":"343132708f005532"}
{"@timestamp":"2026-05-17T18:25:43.4251717+02:00","@version":"1","message":"Session Metrics {\n    25200 nanoseconds spent acquiring 1 JDBC connections;\n    0 nanoseconds spent releasing 0 JDBC connections;\n    11000 nanoseconds spent preparing 1 JDBC statements;\n    200500 nanoseconds spent executing 1 JDBC statements;\n    0 nanoseconds spent executing 0 JDBC batches;\n    0 nanoseconds spent performing 0 L2C puts;\n    0 nanoseconds spent performing 0 L2C hits;\n    0 nanoseconds spent performing 0 L2C misses;\n    0 nanoseconds spent executing 0 flushes (flushing a total of 0 entities and 0 collections);\n    0 nanoseconds spent executing 0 pre-partial-flushes;\n    0 nanoseconds spent executing 0 partial-flushes (flushing a total of 0 entities and 0 collections)\n}","logger_name":"org.hibernate.engine.internal.StatisticalLoggingSessionEventListener","thread_name":"http-nio-8080-exec-9","level":"INFO","level_value":20000,"traceId":"8e47747e28fa835e24661f78dad22ae7","spanId":"481deae10b436467"}
{"@timestamp":"2026-05-17T18:31:46.6790593+02:00","@version":"1","message":"Payment with id: 55533333 does not exist!","logger_name":"com.phyriak.exceptions.ExceptionHandler","thread_name":"http-nio-8080-exec-4","level":"WARN","level_value":30000,"traceId":"0972a061593598165a02a0d809b8506a","spanId":"d70f26bd071820c5"}
{"@timestamp":"2026-05-17T18:31:46.680472+02:00","@version":"1","message":"Session Metrics {\n    69200 nanoseconds spent acquiring 1 JDBC connections;\n    0 nanoseconds spent releasing 0 JDBC connections;\n    689100 nanoseconds spent preparing 1 JDBC statements;\n    274500 nanoseconds spent executing 1 JDBC statements;\n    0 nanoseconds spent executing 0 JDBC batches;\n    0 nanoseconds spent performing 0 L2C puts;\n    0 nanoseconds spent performing 0 L2C hits;\n    0 nanoseconds spent performing 0 L2C misses;\n    0 nanoseconds spent executing 0 flushes (flushing a total of 0 entities and 0 collections);\n    0 nanoseconds spent executing 0 pre-partial-flushes;\n    0 nanoseconds spent executing 0 partial-flushes (flushing a total of 0 entities and 0 collections)\n}","logger_name":"org.hibernate.engine.internal.StatisticalLoggingSessionEventListener","thread_name":"http-nio-8080-exec-4","level":"INFO","level_value":20000,"traceId":"0972a061593598165a02a0d809b8506a","spanId":"d70f26bd071820c5"}
{"@timestamp":"2026-05-17T18:31:51.3705965+02:00","@version":"1","message":"Session Metrics {\n    21900 nanoseconds spent acquiring 1 JDBC connections;\n    0 nanoseconds spent releasing 0 JDBC connections;\n    22800 nanoseconds spent preparing 1 JDBC statements;\n    568300 nanoseconds spent executing 1 JDBC statements;\n    0 nanoseconds spent executing 0 JDBC batches;\n    0 nanoseconds spent performing 0 L2C puts;\n    0 nanoseconds spent performing 0 L2C hits;\n    0 nanoseconds spent performing 0 L2C misses;\n    0 nanoseconds spent executing 0 flushes (flushing a total of 0 entities and 0 collections);\n    0 nanoseconds spent executing 0 pre-partial-flushes;\n    0 nanoseconds spent executing 0 partial-flushes (flushing a total of 0 entities and 0 collections)\n}","logger_name":"org.hibernate.engine.internal.StatisticalLoggingSessionEventListener","thread_name":"http-nio-8080-exec-5","level":"INFO","level_value":20000,"traceId":"79df392c8d5e4aa44971453b650c2073","spanId":"c3391ed830159109"}
{"@timestamp":"2026-05-17T18:32:19.5794025+02:00","@version":"1","message":"Unexpected error","logger_name":"com.phyriak.exceptions.ExceptionHandler","thread_name":"http-nio-8080-exec-3","level":"ERROR","level_value":40000,"stack_trace":"org.springframework.http.converter.HttpMessageNotReadableException: JSON parse error: Illegal unquoted character ((CTRL-CHAR, code 10)): has to be escaped using backslash to be included in string value\r\n\tat org.springframework.http.converter.json.AbstractJackson2HttpMessageConverter.readJavaType(AbstractJackson2HttpMessageConverter.java:408)\r\n\tat org.springframework.http.converter.json.AbstractJackson2HttpMessageConverter.read(AbstractJackson2HttpMessageConverter.java:356)\r\n\tat org.springframework.web.servlet.mvc.method.annotation.AbstractMessageConverterMethodArgumentResolver.readWithMessageConverters(AbstractMessageConverterMethodArgumentResolver.java:204)\r\n\tat org.springframework.web.servlet.mvc.method.annotation.RequestResponseBodyMethodProcessor.readWithMessageConverters(RequestResponseBodyMethodProcessor.java:176)\r\n\tat org.springframework.web.servlet.mvc.method.annotation.RequestResponseBodyMethodProcessor.resolveArgument(RequestResponseBodyMethodProcessor.java:150)\r\n\tat org.springframework.web.method.support.HandlerMethodArgumentResolverComposite.resolveArgument(HandlerMethodArgumentResolverComposite.java:122)\r\n\tat org.springframework.web.method.support.InvocableHandlerMethod.getMethodArgumentValues(InvocableHandlerMethod.java:227)\r\n\tat org.springframework.web.method.support.InvocableHandlerMethod.invokeForRequest(InvocableHandlerMethod.java:181)\r\n\tat org.springframework.web.servlet.mvc.method.annotation.ServletInvocableHandlerMethod.invokeAndHandle(ServletInvocableHandlerMethod.java:118)\r\n\tat org.springframework.web.servlet.mvc.method.annotation.RequestMappingHandlerAdapter.invokeHandlerMethod(RequestMappingHandlerAdapter.java:991)\r\n\tat org.springframework.web.servlet.mvc.method.annotation.RequestMappingHandlerAdapter.handleInternal(RequestMappingHandlerAdapter.java:896)\r\n\tat org.springframework.web.servlet.mvc.method.AbstractHandlerMethodAdapter.handle(AbstractHandlerMethodAdapter.java:87)\r\n\tat org.springframework.web.servlet.DispatcherServlet.doDispatch(DispatcherServlet.java:1089)\r\n\tat org.springframework.web.servlet.DispatcherServlet.doService(DispatcherServlet.java:979)\r\n\tat org.springframework.web.servlet.FrameworkServlet.processRequest(FrameworkServlet.java:1014)\r\n\tat org.springframework.web.servlet.FrameworkServlet.doPost(FrameworkServlet.java:914)\r\n\tat jakarta.servlet.http.HttpServlet.service(HttpServlet.java:590)\r\n\tat org.springframework.web.servlet.FrameworkServlet.service(FrameworkServlet.java:885)\r\n\tat jakarta.servlet.http.HttpServlet.service(HttpServlet.java:658)\r\n\tat org.apache.catalina.core.ApplicationFilterChain.internalDoFilter(ApplicationFilterChain.java:193)\r\n\tat org.apache.catalina.core.ApplicationFilterChain.doFilter(ApplicationFilterChain.java:138)\r\n\tat org.apache.tomcat.websocket.server.WsFilter.doFilter(WsFilter.java:51)\r\n\tat org.apache.catalina.core.ApplicationFilterChain.internalDoFilter(ApplicationFilterChain.java:162)\r\n\tat org.apache.catalina.core.ApplicationFilterChain.doFilter(ApplicationFilterChain.java:138)\r\n\tat org.springframework.web.filter.RequestContextFilter.doFilterInternal(RequestContextFilter.java:100)\r\n\tat org.springframework.web.filter.OncePerRequestFilter.doFilter(OncePerRequestFilter.java:116)\r\n\tat org.apache.catalina.core.ApplicationFilterChain.internalDoFilter(ApplicationFilterChain.java:162)\r\n\tat org.apache.catalina.core.ApplicationFilterChain.doFilter(ApplicationFilterChain.java:138)\r\n\tat org.springframework.web.filter.FormContentFilter.doFilterInternal(FormContentFilter.java:93)\r\n\tat org.springframework.web.filter.OncePerRequestFilter.doFilter(OncePerRequestFilter.java:116)\r\n\tat org.apache.catalina.core.ApplicationFilterChain.internalDoFilter(ApplicationFilterChain.java:162)\r\n\tat org.apache.catalina.core.ApplicationFilterChain.doFilter(ApplicationFilterChain.java:138)\r\n\tat org.springframework.web.filter.ServerHttpObservationFilter.doFilterInternal(ServerHttpObservationFilter.java:110)\r\n\tat org.springframework.web.filter.OncePerRequestFilter.doFilter(OncePerRequestFilter.java:116)\r\n\tat org.apache.catalina.core.ApplicationFilterChain.internalDoFilter(ApplicationFilterChain.java:162)\r\n\tat org.apache.catalina.core.ApplicationFilterChain.doFilter(ApplicationFilterChain.java:138)\r\n\tat org.springframework.web.filter.CharacterEncodingFilter.doFilterInternal(CharacterEncodingFilter.java:201)\r\n\tat org.springframework.web.filter.OncePerRequestFilter.doFilter(OncePerRequestFilter.java:116)\r\n\tat org.apache.catalina.core.ApplicationFilterChain.internalDoFilter(ApplicationFilterChain.java:162)\r\n\tat org.apache.catalina.core.ApplicationFilterChain.doFilter(ApplicationFilterChain.java:138)\r\n\tat org.apache.catalina.core.StandardWrapperValve.invoke(StandardWrapperValve.java:165)\r\n\tat org.apache.catalina.core.StandardContextValve.invoke(StandardContextValve.java:88)\r\n\tat org.apache.catalina.authenticator.AuthenticatorBase.invoke(AuthenticatorBase.java:482)\r\n\tat org.apache.catalina.core.StandardHostValve.invoke(StandardHostValve.java:113)\r\n\tat org.apache.catalina.valves.ErrorReportValve.invoke(ErrorReportValve.java:83)\r\n\tat org.apache.catalina.core.StandardEngineValve.invoke(StandardEngineValve.java:72)\r\n\tat org.apache.catalina.connector.CoyoteAdapter.service(CoyoteAdapter.java:342)\r\n\tat org.apache.coyote.http11.Http11Processor.service(Http11Processor.java:399)\r\n\tat org.apache.coyote.AbstractProcessorLight.process(AbstractProcessorLight.java:63)\r\n\tat org.apache.coyote.AbstractProtocol$ConnectionHandler.process(AbstractProtocol.java:903)\r\n\tat org.apache.tomcat.util.net.NioEndpoint$SocketProcessor.doRun(NioEndpoint.java:1774)\r\n\tat org.apache.tomcat.util.net.SocketProcessorBase.run(SocketProcessorBase.java:52)\r\n\tat org.apache.tomcat.util.threads.ThreadPoolExecutor.runWorker(ThreadPoolExecutor.java:973)\r\n\tat org.apache.tomcat.util.threads.ThreadPoolExecutor$Worker.run(ThreadPoolExecutor.java:491)\r\n\tat org.apache.tomcat.util.threads.TaskThread$WrappingRunnable.run(TaskThread.java:63)\r\n\tat java.base/java.lang.Thread.run(Thread.java:1583)\r\nCaused by: com.fasterxml.jackson.databind.JsonMappingException: Illegal unquoted character ((CTRL-CHAR, code 10)): has to be escaped using backslash to be included in string value\n at [Source: REDACTED (`StreamReadFeature.INCLUDE_SOURCE_IN_LOCATION` disabled); line: 5, column: 23] (through reference chain: com.phyriak.dto.PaymentRequest[\"paymentType\"])\r\n\tat com.fasterxml.jackson.databind.JsonMappingException.wrapWithPath(JsonMappingException.java:400)\r\n\tat com.fasterxml.jackson.databind.JsonMappingException.wrapWithPath(JsonMappingException.java:359)\r\n\tat com.fasterxml.jackson.databind.deser.BeanDeserializerBase.wrapAndThrow(BeanDeserializerBase.java:1966)\r\n\tat com.fasterxml.jackson.databind.deser.BeanDeserializer._deserializeWithErrorWrapping(BeanDeserializer.java:589)\r\n\tat com.fasterxml.jackson.databind.deser.BeanDeserializer._deserializeUsingPropertyBased(BeanDeserializer.java:440)\r\n\tat com.fasterxml.jackson.databind.deser.BeanDeserializerBase.deserializeFromObjectUsingNonDefault(BeanDeserializerBase.java:1499)\r\n\tat com.fasterxml.jackson.databind.deser.BeanDeserializer.deserializeFromObject(BeanDeserializer.java:340)\r\n\tat com.fasterxml.jackson.databind.deser.BeanDeserializer.deserialize(BeanDeserializer.java:177)\r\n\tat com.fasterxml.jackson.databind.deser.DefaultDeserializationContext.readRootValue(DefaultDeserializationContext.java:342)\r\n\tat com.fasterxml.jackson.databind.ObjectReader._bindAndClose(ObjectReader.java:2130)\r\n\tat com.fasterxml.jackson.databind.ObjectReader.readValue(ObjectReader.java:1500)\r\n\tat org.springframework.http.converter.json.AbstractJackson2HttpMessageConverter.readJavaType(AbstractJackson2HttpMessageConverter.java:397)\r\n\t... 55 common frames omitted\r\nCaused by: com.fasterxml.jackson.core.JsonParseException: Illegal unquoted character ((CTRL-CHAR, code 10)): has to be escaped using backslash to be included in string value\n at [Source: REDACTED (`StreamReadFeature.INCLUDE_SOURCE_IN_LOCATION` disabled); line: 5, column: 23]\r\n\tat com.fasterxml.jackson.core.JsonParser._constructReadException(JsonParser.java:2672)\r\n\tat com.fasterxml.jackson.core.base.ParserBase._throwUnquotedSpace(ParserBase.java:1430)\r\n\tat com.fasterxml.jackson.core.json.UTF8StreamJsonParser._finishString2(UTF8StreamJsonParser.java:2593)\r\n\tat com.fasterxml.jackson.core.json.UTF8StreamJsonParser._finishAndReturnString(UTF8StreamJsonParser.java:2520)\r\n\tat com.fasterxml.jackson.core.json.UTF8StreamJsonParser.getText(UTF8StreamJsonParser.java:294)\r\n\tat com.fasterxml.jackson.databind.deser.std.EnumDeserializer.deserialize(EnumDeserializer.java:272)\r\n\tat com.fasterxml.jackson.databind.deser.SettableBeanProperty.deserialize(SettableBeanProperty.java:543)\r\n\tat com.fasterxml.jackson.databind.deser.BeanDeserializer._deserializeWithErrorWrapping(BeanDeserializer.java:587)\r\n\t... 63 common frames omitted\r\n","traceId":"5d7afb0588f9256c58e9995c41685e77","spanId":"9bd256d78bf6e967"}
{"@timestamp":"2026-05-17T18:32:19.5820204+02:00","@version":"1","message":"Session Metrics {\n    0 nanoseconds spent acquiring 0 JDBC connections;\n    0 nanoseconds spent releasing 0 JDBC connections;\n    0 nanoseconds spent preparing 0 JDBC statements;\n    0 nanoseconds spent executing 0 JDBC statements;\n    0 nanoseconds spent executing 0 JDBC batches;\n    0 nanoseconds spent performing 0 L2C puts;\n    0 nanoseconds spent performing 0 L2C hits;\n    0 nanoseconds spent performing 0 L2C misses;\n    0 nanoseconds spent executing 0 flushes (flushing a total of 0 entities and 0 collections);\n    0 nanoseconds spent executing 0 pre-partial-flushes;\n    0 nanoseconds spent executing 0 partial-flushes (flushing a total of 0 entities and 0 collections)\n}","logger_name":"org.hibernate.engine.internal.StatisticalLoggingSessionEventListener","thread_name":"http-nio-8080-exec-3","level":"INFO","level_value":20000,"traceId":"5d7afb0588f9256c58e9995c41685e77","spanId":"9bd256d78bf6e967"}
{"@timestamp":"2026-05-17T18:37:21.3638275+02:00","@version":"1","message":"Unexpected error","logger_name":"com.phyriak.exceptions.ExceptionHandler","thread_name":"http-nio-8080-exec-6","level":"ERROR","level_value":40000,"stack_trace":"org.springframework.http.converter.HttpMessageNotReadableException: JSON parse error: Illegal unquoted character ((CTRL-CHAR, code 10)): has to be escaped using backslash to be included in string value\r\n\tat org.springframework.http.converter.json.AbstractJackson2HttpMessageConverter.readJavaType(AbstractJackson2HttpMessageConverter.java:408)\r\n\tat org.springframework.http.converter.json.AbstractJackson2HttpMessageConverter.read(AbstractJackson2HttpMessageConverter.java:356)\r\n\tat org.springframework.web.servlet.mvc.method.annotation.AbstractMessageConverterMethodArgumentResolver.readWithMessageConverters(AbstractMessageConverterMethodArgumentResolver.java:204)\r\n\tat org.springframework.web.servlet.mvc.method.annotation.RequestResponseBodyMethodProcessor.readWithMessageConverters(RequestResponseBodyMethodProcessor.java:176)\r\n\tat org.springframework.web.servlet.mvc.method.annotation.RequestResponseBodyMethodProcessor.resolveArgument(RequestResponseBodyMethodProcessor.java:150)\r\n\tat org.springframework.web.method.support.HandlerMethodArgumentResolverComposite.resolveArgument(HandlerMethodArgumentResolverComposite.java:122)\r\n\tat org.springframework.web.method.support.InvocableHandlerMethod.getMethodArgumentValues(InvocableHandlerMethod.java:227)\r\n\tat org.springframework.web.method.support.InvocableHandlerMethod.invokeForRequest(InvocableHandlerMethod.java:181)\r\n\tat org.springframework.web.servlet.mvc.method.annotation.ServletInvocableHandlerMethod.invokeAndHandle(ServletInvocableHandlerMethod.java:118)\r\n\tat org.springframework.web.servlet.mvc.method.annotation.RequestMappingHandlerAdapter.invokeHandlerMethod(RequestMappingHandlerAdapter.java:991)\r\n\tat org.springframework.web.servlet.mvc.method.annotation.RequestMappingHandlerAdapter.handleInternal(RequestMappingHandlerAdapter.java:896)\r\n\tat org.springframework.web.servlet.mvc.method.AbstractHandlerMethodAdapter.handle(AbstractHandlerMethodAdapter.java:87)\r\n\tat org.springframework.web.servlet.DispatcherServlet.doDispatch(DispatcherServlet.java:1089)\r\n\tat org.springframework.web.servlet.DispatcherServlet.doService(DispatcherServlet.java:979)\r\n\tat org.springframework.web.servlet.FrameworkServlet.processRequest(FrameworkServlet.java:1014)\r\n\tat org.springframework.web.servlet.FrameworkServlet.doPost(FrameworkServlet.java:914)\r\n\tat jakarta.servlet.http.HttpServlet.service(HttpServlet.java:590)\r\n\tat org.springframework.web.servlet.FrameworkServlet.service(FrameworkServlet.java:885)\r\n\tat jakarta.servlet.http.HttpServlet.service(HttpServlet.java:658)\r\n\tat org.apache.catalina.core.ApplicationFilterChain.internalDoFilter(ApplicationFilterChain.java:193)\r\n\tat org.apache.catalina.core.ApplicationFilterChain.doFilter(ApplicationFilterChain.java:138)\r\n\tat org.apache.tomcat.websocket.server.WsFilter.doFilter(WsFilter.java:51)\r\n\tat org.apache.catalina.core.ApplicationFilterChain.internalDoFilter(ApplicationFilterChain.java:162)\r\n\tat org.apache.catalina.core.ApplicationFilterChain.doFilter(ApplicationFilterChain.java:138)\r\n\tat org.springframework.web.filter.RequestContextFilter.doFilterInternal(RequestContextFilter.java:100)\r\n\tat org.springframework.web.filter.OncePerRequestFilter.doFilter(OncePerRequestFilter.java:116)\r\n\tat org.apache.catalina.core.ApplicationFilterChain.internalDoFilter(ApplicationFilterChain.java:162)\r\n\tat org.apache.catalina.core.ApplicationFilterChain.doFilter(ApplicationFilterChain.java:138)\r\n\tat org.springframework.web.filter.FormContentFilter.doFilterInternal(FormContentFilter.java:93)\r\n\tat org.springframework.web.filter.OncePerRequestFilter.doFilter(OncePerRequestFilter.java:116)\r\n\tat org.apache.catalina.core.ApplicationFilterChain.internalDoFilter(ApplicationFilterChain.java:162)\r\n\tat org.apache.catalina.core.ApplicationFilterChain.doFilter(ApplicationFilterChain.java:138)\r\n\tat org.springframework.web.filter.ServerHttpObservationFilter.doFilterInternal(ServerHttpObservationFilter.java:110)\r\n\tat org.springframework.web.filter.OncePerRequestFilter.doFilter(OncePerRequestFilter.java:116)\r\n\tat org.apache.catalina.core.ApplicationFilterChain.internalDoFilter(ApplicationFilterChain.java:162)\r\n\tat org.apache.catalina.core.ApplicationFilterChain.doFilter(ApplicationFilterChain.java:138)\r\n\tat org.springframework.web.filter.CharacterEncodingFilter.doFilterInternal(CharacterEncodingFilter.java:201)\r\n\tat org.springframework.web.filter.OncePerRequestFilter.doFilter(OncePerRequestFilter.java:116)\r\n\tat org.apache.catalina.core.ApplicationFilterChain.internalDoFilter(ApplicationFilterChain.java:162)\r\n\tat org.apache.catalina.core.ApplicationFilterChain.doFilter(ApplicationFilterChain.java:138)\r\n\tat org.apache.catalina.core.StandardWrapperValve.invoke(StandardWrapperValve.java:165)\r\n\tat org.apache.catalina.core.StandardContextValve.invoke(StandardContextValve.java:88)\r\n\tat org.apache.catalina.authenticator.AuthenticatorBase.invoke(AuthenticatorBase.java:482)\r\n\tat org.apache.catalina.core.StandardHostValve.invoke(StandardHostValve.java:113)\r\n\tat org.apache.catalina.valves.ErrorReportValve.invoke(ErrorReportValve.java:83)\r\n\tat org.apache.catalina.core.StandardEngineValve.invoke(StandardEngineValve.java:72)\r\n\tat org.apache.catalina.connector.CoyoteAdapter.service(CoyoteAdapter.java:342)\r\n\tat org.apache.coyote.http11.Http11Processor.service(Http11Processor.java:399)\r\n\tat org.apache.coyote.AbstractProcessorLight.process(AbstractProcessorLight.java:63)\r\n\tat org.apache.coyote.AbstractProtocol$ConnectionHandler.process(AbstractProtocol.java:903)\r\n\tat org.apache.tomcat.util.net.NioEndpoint$SocketProcessor.doRun(NioEndpoint.java:1774)\r\n\tat org.apache.tomcat.util.net.SocketProcessorBase.run(SocketProcessorBase.java:52)\r\n\tat org.apache.tomcat.util.threads.ThreadPoolExecutor.runWorker(ThreadPoolExecutor.java:973)\r\n\tat org.apache.tomcat.util.threads.ThreadPoolExecutor$Worker.run(ThreadPoolExecutor.java:491)\r\n\tat org.apache.tomcat.util.threads.TaskThread$WrappingRunnable.run(TaskThread.java:63)\r\n\tat java.base/java.lang.Thread.run(Thread.java:1583)\r\nCaused by: com.fasterxml.jackson.databind.JsonMappingException: Illegal unquoted character ((CTRL-CHAR, code 10)): has to be escaped using backslash to be included in string value\n at [Source: REDACTED (`StreamReadFeature.INCLUDE_SOURCE_IN_LOCATION` disabled); line: 5, column: 23] (through reference chain: com.phyriak.dto.PaymentRequest[\"paymentType\"])\r\n\tat com.fasterxml.jackson.databind.JsonMappingException.wrapWithPath(JsonMappingException.java:400)\r\n\tat com.fasterxml.jackson.databind.JsonMappingException.wrapWithPath(JsonMappingException.java:359)\r\n\tat com.fasterxml.jackson.databind.deser.BeanDeserializerBase.wrapAndThrow(BeanDeserializerBase.java:1966)\r\n\tat com.fasterxml.jackson.databind.deser.BeanDeserializer._deserializeWithErrorWrapping(BeanDeserializer.java:589)\r\n\tat com.fasterxml.jackson.databind.deser.BeanDeserializer._deserializeUsingPropertyBased(BeanDeserializer.java:440)\r\n\tat com.fasterxml.jackson.databind.deser.BeanDeserializerBase.deserializeFromObjectUsingNonDefault(BeanDeserializerBase.java:1499)\r\n\tat com.fasterxml.jackson.databind.deser.BeanDeserializer.deserializeFromObject(BeanDeserializer.java:340)\r\n\tat com.fasterxml.jackson.databind.deser.BeanDeserializer.deserialize(BeanDeserializer.java:177)\r\n\tat com.fasterxml.jackson.databind.deser.DefaultDeserializationContext.readRootValue(DefaultDeserializationContext.java:342)\r\n\tat com.fasterxml.jackson.databind.ObjectReader._bindAndClose(ObjectReader.java:2130)\r\n\tat com.fasterxml.jackson.databind.ObjectReader.readValue(ObjectReader.java:1500)\r\n\tat org.springframework.http.converter.json.AbstractJackson2HttpMessageConverter.readJavaType(AbstractJackson2HttpMessageConverter.java:397)\r\n\t... 55 common frames omitted\r\nCaused by: com.fasterxml.jackson.core.JsonParseException: Illegal unquoted character ((CTRL-CHAR, code 10)): has to be escaped using backslash to be included in string value\n at [Source: REDACTED (`StreamReadFeature.INCLUDE_SOURCE_IN_LOCATION` disabled); line: 5, column: 23]\r\n\tat com.fasterxml.jackson.core.JsonParser._constructReadException(JsonParser.java:2672)\r\n\tat com.fasterxml.jackson.core.base.ParserBase._throwUnquotedSpace(ParserBase.java:1430)\r\n\tat com.fasterxml.jackson.core.json.UTF8StreamJsonParser._finishString2(UTF8StreamJsonParser.java:2593)\r\n\tat com.fasterxml.jackson.core.json.UTF8StreamJsonParser._finishAndReturnString(UTF8StreamJsonParser.java:2520)\r\n\tat com.fasterxml.jackson.core.json.UTF8StreamJsonParser.getText(UTF8StreamJsonParser.java:294)\r\n\tat com.fasterxml.jackson.databind.deser.std.EnumDeserializer.deserialize(EnumDeserializer.java:272)\r\n\tat com.fasterxml.jackson.databind.deser.SettableBeanProperty.deserialize(SettableBeanProperty.java:543)\r\n\tat com.fasterxml.jackson.databind.deser.BeanDeserializer._deserializeWithErrorWrapping(BeanDeserializer.java:587)\r\n\t... 63 common frames omitted\r\n","traceId":"68c8c5a104aff336ad860107e32d4e3d","spanId":"134239ac8761ec36"}
{"@timestamp":"2026-05-17T18:37:21.3668243+02:00","@version":"1","message":"Session Metrics {\n    0 nanoseconds spent acquiring 0 JDBC connections;\n    0 nanoseconds spent releasing 0 JDBC connections;\n    0 nanoseconds spent preparing 0 JDBC statements;\n    0 nanoseconds spent executing 0 JDBC statements;\n    0 nanoseconds spent executing 0 JDBC batches;\n    0 nanoseconds spent performing 0 L2C puts;\n    0 nanoseconds spent performing 0 L2C hits;\n    0 nanoseconds spent performing 0 L2C misses;\n    0 nanoseconds spent executing 0 flushes (flushing a total of 0 entities and 0 collections);\n    0 nanoseconds spent executing 0 pre-partial-flushes;\n    0 nanoseconds spent executing 0 partial-flushes (flushing a total of 0 entities and 0 collections)\n}","logger_name":"org.hibernate.engine.internal.StatisticalLoggingSessionEventListener","thread_name":"http-nio-8080-exec-6","level":"INFO","level_value":20000,"traceId":"68c8c5a104aff336ad860107e32d4e3d","spanId":"134239ac8761ec36"}
{"@timestamp":"2026-05-17T18:37:23.0845551+02:00","@version":"1","message":"Unexpected error","logger_name":"com.phyriak.exceptions.ExceptionHandler","thread_name":"http-nio-8080-exec-7","level":"ERROR","level_value":40000,"stack_trace":"org.springframework.http.converter.HttpMessageNotReadableException: JSON parse error: Illegal unquoted character ((CTRL-CHAR, code 10)): has to be escaped using backslash to be included in string value\r\n\tat org.springframework.http.converter.json.AbstractJackson2HttpMessageConverter.readJavaType(AbstractJackson2HttpMessageConverter.java:408)\r\n\tat org.springframework.http.converter.json.AbstractJackson2HttpMessageConverter.read(AbstractJackson2HttpMessageConverter.java:356)\r\n\tat org.springframework.web.servlet.mvc.method.annotation.AbstractMessageConverterMethodArgumentResolver.readWithMessageConverters(AbstractMessageConverterMethodArgumentResolver.java:204)\r\n\tat org.springframework.web.servlet.mvc.method.annotation.RequestResponseBodyMethodProcessor.readWithMessageConverters(RequestResponseBodyMethodProcessor.java:176)\r\n\tat org.springframework.web.servlet.mvc.method.annotation.RequestResponseBodyMethodProcessor.resolveArgument(RequestResponseBodyMethodProcessor.java:150)\r\n\tat org.springframework.web.method.support.HandlerMethodArgumentResolverComposite.resolveArgument(HandlerMethodArgumentResolverComposite.java:122)\r\n\tat org.springframework.web.method.support.InvocableHandlerMethod.getMethodArgumentValues(InvocableHandlerMethod.java:227)\r\n\tat org.springframework.web.method.support.InvocableHandlerMethod.invokeForRequest(InvocableHandlerMethod.java:181)\r\n\tat org.springframework.web.servlet.mvc.method.annotation.ServletInvocableHandlerMethod.invokeAndHandle(ServletInvocableHandlerMethod.java:118)\r\n\tat org.springframework.web.servlet.mvc.method.annotation.RequestMappingHandlerAdapter.invokeHandlerMethod(RequestMappingHandlerAdapter.java:991)\r\n\tat org.springframework.web.servlet.mvc.method.annotation.RequestMappingHandlerAdapter.handleInternal(RequestMappingHandlerAdapter.java:896)\r\n\tat org.springframework.web.servlet.mvc.method.AbstractHandlerMethodAdapter.handle(AbstractHandlerMethodAdapter.java:87)\r\n\tat org.springframework.web.servlet.DispatcherServlet.doDispatch(DispatcherServlet.java:1089)\r\n\tat org.springframework.web.servlet.DispatcherServlet.doService(DispatcherServlet.java:979)\r\n\tat org.springframework.web.servlet.FrameworkServlet.processRequest(FrameworkServlet.java:1014)\r\n\tat org.springframework.web.servlet.FrameworkServlet.doPost(FrameworkServlet.java:914)\r\n\tat jakarta.servlet.http.HttpServlet.service(HttpServlet.java:590)\r\n\tat org.springframework.web.servlet.FrameworkServlet.service(FrameworkServlet.java:885)\r\n\tat jakarta.servlet.http.HttpServlet.service(HttpServlet.java:658)\r\n\tat org.apache.catalina.core.ApplicationFilterChain.internalDoFilter(ApplicationFilterChain.java:193)\r\n\tat org.apache.catalina.core.ApplicationFilterChain.doFilter(ApplicationFilterChain.java:138)\r\n\tat org.apache.tomcat.websocket.server.WsFilter.doFilter(WsFilter.java:51)\r\n\tat org.apache.catalina.core.ApplicationFilterChain.internalDoFilter(ApplicationFilterChain.java:162)\r\n\tat org.apache.catalina.core.ApplicationFilterChain.doFilter(ApplicationFilterChain.java:138)\r\n\tat org.springframework.web.filter.RequestContextFilter.doFilterInternal(RequestContextFilter.java:100)\r\n\tat org.springframework.web.filter.OncePerRequestFilter.doFilter(OncePerRequestFilter.java:116)\r\n\tat org.apache.catalina.core.ApplicationFilterChain.internalDoFilter(ApplicationFilterChain.java:162)\r\n\tat org.apache.catalina.core.ApplicationFilterChain.doFilter(ApplicationFilterChain.java:138)\r\n\tat org.springframework.web.filter.FormContentFilter.doFilterInternal(FormContentFilter.java:93)\r\n\tat org.springframework.web.filter.OncePerRequestFilter.doFilter(OncePerRequestFilter.java:116)\r\n\tat org.apache.catalina.core.ApplicationFilterChain.internalDoFilter(ApplicationFilterChain.java:162)\r\n\tat org.apache.catalina.core.ApplicationFilterChain.doFilter(ApplicationFilterChain.java:138)\r\n\tat org.springframework.web.filter.ServerHttpObservationFilter.doFilterInternal(ServerHttpObservationFilter.java:110)\r\n\tat org.springframework.web.filter.OncePerRequestFilter.doFilter(OncePerRequestFilter.java:116)\r\n\tat org.apache.catalina.core.ApplicationFilterChain.internalDoFilter(ApplicationFilterChain.java:162)\r\n\tat org.apache.catalina.core.ApplicationFilterChain.doFilter(ApplicationFilterChain.java:138)\r\n\tat org.springframework.web.filter.CharacterEncodingFilter.doFilterInternal(CharacterEncodingFilter.java:201)\r\n\tat org.springframework.web.filter.OncePerRequestFilter.doFilter(OncePerRequestFilter.java:116)\r\n\tat org.apache.catalina.core.ApplicationFilterChain.internalDoFilter(ApplicationFilterChain.java:162)\r\n\tat org.apache.catalina.core.ApplicationFilterChain.doFilter(ApplicationFilterChain.java:138)\r\n\tat org.apache.catalina.core.StandardWrapperValve.invoke(StandardWrapperValve.java:165)\r\n\tat org.apache.catalina.core.StandardContextValve.invoke(StandardContextValve.java:88)\r\n\tat org.apache.catalina.authenticator.AuthenticatorBase.invoke(AuthenticatorBase.java:482)\r\n\tat org.apache.catalina.core.StandardHostValve.invoke(StandardHostValve.java:113)\r\n\tat org.apache.catalina.valves.ErrorReportValve.invoke(ErrorReportValve.java:83)\r\n\tat org.apache.catalina.core.StandardEngineValve.invoke(StandardEngineValve.java:72)\r\n\tat org.apache.catalina.connector.CoyoteAdapter.service(CoyoteAdapter.java:342)\r\n\tat org.apache.coyote.http11.Http11Processor.service(Http11Processor.java:399)\r\n\tat org.apache.coyote.AbstractProcessorLight.process(AbstractProcessorLight.java:63)\r\n\tat org.apache.coyote.AbstractProtocol$ConnectionHandler.process(AbstractProtocol.java:903)\r\n\tat org.apache.tomcat.util.net.NioEndpoint$SocketProcessor.doRun(NioEndpoint.java:1774)\r\n\tat org.apache.tomcat.util.net.SocketProcessorBase.run(SocketProcessorBase.java:52)\r\n\tat org.apache.tomcat.util.threads.ThreadPoolExecutor.runWorker(ThreadPoolExecutor.java:973)\r\n\tat org.apache.tomcat.util.threads.ThreadPoolExecutor$Worker.run(ThreadPoolExecutor.java:491)\r\n\tat org.apache.tomcat.util.threads.TaskThread$WrappingRunnable.run(TaskThread.java:63)\r\n\tat java.base/java.lang.Thread.run(Thread.java:1583)\r\nCaused by: com.fasterxml.jackson.databind.JsonMappingException: Illegal unquoted character ((CTRL-CHAR, code 10)): has to be escaped using backslash to be included in string value\n at [Source: REDACTED (`StreamReadFeature.INCLUDE_SOURCE_IN_LOCATION` disabled); line: 5, column: 23] (through reference chain: com.phyriak.dto.PaymentRequest[\"paymentType\"])\r\n\tat com.fasterxml.jackson.databind.JsonMappingException.wrapWithPath(JsonMappingException.java:400)\r\n\tat com.fasterxml.jackson.databind.JsonMappingException.wrapWithPath(JsonMappingException.java:359)\r\n\tat com.fasterxml.jackson.databind.deser.BeanDeserializerBase.wrapAndThrow(BeanDeserializerBase.java:1966)\r\n\tat com.fasterxml.jackson.databind.deser.BeanDeserializer._deserializeWithErrorWrapping(BeanDeserializer.java:589)\r\n\tat com.fasterxml.jackson.databind.deser.BeanDeserializer._deserializeUsingPropertyBased(BeanDeserializer.java:440)\r\n\tat com.fasterxml.jackson.databind.deser.BeanDeserializerBase.deserializeFromObjectUsingNonDefault(BeanDeserializerBase.java:1499)\r\n\tat com.fasterxml.jackson.databind.deser.BeanDeserializer.deserializeFromObject(BeanDeserializer.java:340)\r\n\tat com.fasterxml.jackson.databind.deser.BeanDeserializer.deserialize(BeanDeserializer.java:177)\r\n\tat com.fasterxml.jackson.databind.deser.DefaultDeserializationContext.readRootValue(DefaultDeserializationContext.java:342)\r\n\tat com.fasterxml.jackson.databind.ObjectReader._bindAndClose(ObjectReader.java:2130)\r\n\tat com.fasterxml.jackson.databind.ObjectReader.readValue(ObjectReader.java:1500)\r\n\tat org.springframework.http.converter.json.AbstractJackson2HttpMessageConverter.readJavaType(AbstractJackson2HttpMessageConverter.java:397)\r\n\t... 55 common frames omitted\r\nCaused by: com.fasterxml.jackson.core.JsonParseException: Illegal unquoted character ((CTRL-CHAR, code 10)): has to be escaped using backslash to be included in string value\n at [Source: REDACTED (`StreamReadFeature.INCLUDE_SOURCE_IN_LOCATION` disabled); line: 5, column: 23]\r\n\tat com.fasterxml.jackson.core.JsonParser._constructReadException(JsonParser.java:2672)\r\n\tat com.fasterxml.jackson.core.base.ParserBase._throwUnquotedSpace(ParserBase.java:1430)\r\n\tat com.fasterxml.jackson.core.json.UTF8StreamJsonParser._finishString2(UTF8StreamJsonParser.java:2593)\r\n\tat com.fasterxml.jackson.core.json.UTF8StreamJsonParser._finishAndReturnString(UTF8StreamJsonParser.java:2520)\r\n\tat com.fasterxml.jackson.core.json.UTF8StreamJsonParser.getText(UTF8StreamJsonParser.java:294)\r\n\tat com.fasterxml.jackson.databind.deser.std.EnumDeserializer.deserialize(EnumDeserializer.java:272)\r\n\tat com.fasterxml.jackson.databind.deser.SettableBeanProperty.deserialize(SettableBeanProperty.java:543)\r\n\tat com.fasterxml.jackson.databind.deser.BeanDeserializer._deserializeWithErrorWrapping(BeanDeserializer.java:587)\r\n\t... 63 common frames omitted\r\n","traceId":"4e52199eaaede1429271fffaab206848","spanId":"54ab3535e0d254e0"}
{"@timestamp":"2026-05-17T18:37:23.0865537+02:00","@version":"1","message":"Session Metrics {\n    0 nanoseconds spent acquiring 0 JDBC connections;\n    0 nanoseconds spent releasing 0 JDBC connections;\n    0 nanoseconds spent preparing 0 JDBC statements;\n    0 nanoseconds spent executing 0 JDBC statements;\n    0 nanoseconds spent executing 0 JDBC batches;\n    0 nanoseconds spent performing 0 L2C puts;\n    0 nanoseconds spent performing 0 L2C hits;\n    0 nanoseconds spent performing 0 L2C misses;\n    0 nanoseconds spent executing 0 flushes (flushing a total of 0 entities and 0 collections);\n    0 nanoseconds spent executing 0 pre-partial-flushes;\n    0 nanoseconds spent executing 0 partial-flushes (flushing a total of 0 entities and 0 collections)\n}","logger_name":"org.hibernate.engine.internal.StatisticalLoggingSessionEventListener","thread_name":"http-nio-8080-exec-7","level":"INFO","level_value":20000,"traceId":"4e52199eaaede1429271fffaab206848","spanId":"54ab3535e0d254e0"}
{"@timestamp":"2026-05-17T18:37:41.633714+02:00","@version":"1","message":"Unexpected error","logger_name":"com.phyriak.exceptions.ExceptionHandler","thread_name":"http-nio-8080-exec-3","level":"ERROR","level_value":40000,"stack_trace":"java.lang.IllegalArgumentException: No enum constant com.phyriak.repository.model.Currency.EURx\r\n\tat java.base/java.lang.Enum.valueOf(Enum.java:293)\r\n\tat com.phyriak.mapper.PaymentMapperImpl.paymentRequestToEntity(PaymentMapperImpl.java:28)\r\n\tat com.phyriak.service.PaymentService.pay(PaymentService.java:48)\r\n\tat java.base/jdk.internal.reflect.DirectMethodHandleAccessor.invoke(DirectMethodHandleAccessor.java:103)\r\n\tat java.base/java.lang.reflect.Method.invoke(Method.java:580)\r\n\tat org.springframework.aop.support.AopUtils.invokeJoinpointUsingReflection(AopUtils.java:360)\r\n\tat org.springframework.aop.framework.ReflectiveMethodInvocation.invokeJoinpoint(ReflectiveMethodInvocation.java:196)\r\n\tat org.springframework.aop.framework.ReflectiveMethodInvocation.proceed(ReflectiveMethodInvocation.java:163)\r\n\tat org.springframework.transaction.interceptor.TransactionAspectSupport.invokeWithinTransaction(TransactionAspectSupport.java:380)\r\n\tat org.springframework.transaction.interceptor.TransactionInterceptor.invoke(TransactionInterceptor.java:119)\r\n\tat org.springframework.aop.framework.ReflectiveMethodInvocation.proceed(ReflectiveMethodInvocation.java:184)\r\n\tat org.springframework.retry.interceptor.RetryOperationsInterceptor$1.doWithRetry(RetryOperationsInterceptor.java:114)\r\n\tat org.springframework.retry.support.RetryTemplate.doExecute(RetryTemplate.java:357)\r\n\tat org.springframework.retry.support.RetryTemplate.execute(RetryTemplate.java:246)\r\n\tat org.springframework.retry.interceptor.RetryOperationsInterceptor.invoke(RetryOperationsInterceptor.java:135)\r\n\tat org.springframework.retry.annotation.AnnotationAwareRetryOperationsInterceptor.invoke(AnnotationAwareRetryOperationsInterceptor.java:162)\r\n\tat org.springframework.aop.framework.ReflectiveMethodInvocation.proceed(ReflectiveMethodInvocation.java:184)\r\n\tat org.springframework.aop.framework.CglibAopProxy$DynamicAdvisedInterceptor.intercept(CglibAopProxy.java:728)\r\n\tat com.phyriak.service.PaymentService$$SpringCGLIB$$0.pay(<generated>)\r\n\tat com.phyriak.controller.PaymentControllerImpl.pay(PaymentControllerImpl.java:46)\r\n\tat java.base/jdk.internal.reflect.DirectMethodHandleAccessor.invoke(DirectMethodHandleAccessor.java:103)\r\n\tat java.base/java.lang.reflect.Method.invoke(Method.java:580)\r\n\tat org.springframework.web.method.support.InvocableHandlerMethod.doInvoke(InvocableHandlerMethod.java:258)\r\n\tat org.springframework.web.method.support.InvocableHandlerMethod.invokeForRequest(InvocableHandlerMethod.java:191)\r\n\tat org.springframework.web.servlet.mvc.method.annotation.ServletInvocableHandlerMethod.invokeAndHandle(ServletInvocableHandlerMethod.java:118)\r\n\tat org.springframework.web.servlet.mvc.method.annotation.RequestMappingHandlerAdapter.invokeHandlerMethod(RequestMappingHandlerAdapter.java:991)\r\n\tat org.springframework.web.servlet.mvc.method.annotation.RequestMappingHandlerAdapter.handleInternal(RequestMappingHandlerAdapter.java:896)\r\n\tat org.springframework.web.servlet.mvc.method.AbstractHandlerMethodAdapter.handle(AbstractHandlerMethodAdapter.java:87)\r\n\tat org.springframework.web.servlet.DispatcherServlet.doDispatch(DispatcherServlet.java:1089)\r\n\tat org.springframework.web.servlet.DispatcherServlet.doService(DispatcherServlet.java:979)\r\n\tat org.springframework.web.servlet.FrameworkServlet.processRequest(FrameworkServlet.java:1014)\r\n\tat org.springframework.web.servlet.FrameworkServlet.doPost(FrameworkServlet.java:914)\r\n\tat jakarta.servlet.http.HttpServlet.service(HttpServlet.java:590)\r\n\tat org.springframework.web.servlet.FrameworkServlet.service(FrameworkServlet.java:885)\r\n\tat jakarta.servlet.http.HttpServlet.service(HttpServlet.java:658)\r\n\tat org.apache.catalina.core.ApplicationFilterChain.internalDoFilter(ApplicationFilterChain.java:193)\r\n\tat org.apache.catalina.core.ApplicationFilterChain.doFilter(ApplicationFilterChain.java:138)\r\n\tat org.apache.tomcat.websocket.server.WsFilter.doFilter(WsFilter.java:51)\r\n\tat org.apache.catalina.core.ApplicationFilterChain.internalDoFilter(ApplicationFilterChain.java:162)\r\n\tat org.apache.catalina.core.ApplicationFilterChain.doFilter(ApplicationFilterChain.java:138)\r\n\tat org.springframework.web.filter.RequestContextFilter.doFilterInternal(RequestContextFilter.java:100)\r\n\tat org.springframework.web.filter.OncePerRequestFilter.doFilter(OncePerRequestFilter.java:116)\r\n\tat org.apache.catalina.core.ApplicationFilterChain.internalDoFilter(ApplicationFilterChain.java:162)\r\n\tat org.apache.catalina.core.ApplicationFilterChain.doFilter(ApplicationFilterChain.java:138)\r\n\tat org.springframework.web.filter.FormContentFilter.doFilterInternal(FormContentFilter.java:93)\r\n\tat org.springframework.web.filter.OncePerRequestFilter.doFilter(OncePerRequestFilter.java:116)\r\n\tat org.apache.catalina.core.ApplicationFilterChain.internalDoFilter(ApplicationFilterChain.java:162)\r\n\tat org.apache.catalina.core.ApplicationFilterChain.doFilter(ApplicationFilterChain.java:138)\r\n\tat org.springframework.web.filter.ServerHttpObservationFilter.doFilterInternal(ServerHttpObservationFilter.java:110)\r\n\tat org.springframework.web.filter.OncePerRequestFilter.doFilter(OncePerRequestFilter.java:116)\r\n\tat org.apache.catalina.core.ApplicationFilterChain.internalDoFilter(ApplicationFilterChain.java:162)\r\n\tat org.apache.catalina.core.ApplicationFilterChain.doFilter(ApplicationFilterChain.java:138)\r\n\tat org.springframework.web.filter.CharacterEncodingFilter.doFilterInternal(CharacterEncodingFilter.java:201)\r\n\tat org.springframework.web.filter.OncePerRequestFilter.doFilter(OncePerRequestFilter.java:116)\r\n\tat org.apache.catalina.core.ApplicationFilterChain.internalDoFilter(ApplicationFilterChain.java:162)\r\n\tat org.apache.catalina.core.ApplicationFilterChain.doFilter(ApplicationFilterChain.java:138)\r\n\tat org.apache.catalina.core.StandardWrapperValve.invoke(StandardWrapperValve.java:165)\r\n\tat org.apache.catalina.core.StandardContextValve.invoke(StandardContextValve.java:88)\r\n\tat org.apache.catalina.authenticator.AuthenticatorBase.invoke(AuthenticatorBase.java:482)\r\n\tat org.apache.catalina.core.StandardHostValve.invoke(StandardHostValve.java:113)\r\n\tat org.apache.catalina.valves.ErrorReportValve.invoke(ErrorReportValve.java:83)\r\n\tat org.apache.catalina.core.StandardEngineValve.invoke(StandardEngineValve.java:72)\r\n\tat org.apache.catalina.connector.CoyoteAdapter.service(CoyoteAdapter.java:342)\r\n\tat org.apache.coyote.http11.Http11Processor.service(Http11Processor.java:399)\r\n\tat org.apache.coyote.AbstractProcessorLight.process(AbstractProcessorLight.java:63)\r\n\tat org.apache.coyote.AbstractProtocol$ConnectionHandler.process(AbstractProtocol.java:903)\r\n\tat org.apache.tomcat.util.net.NioEndpoint$SocketProcessor.doRun(NioEndpoint.java:1774)\r\n\tat org.apache.tomcat.util.net.SocketProcessorBase.run(SocketProcessorBase.java:52)\r\n\tat org.apache.tomcat.util.threads.ThreadPoolExecutor.runWorker(ThreadPoolExecutor.java:973)\r\n\tat org.apache.tomcat.util.threads.ThreadPoolExecutor$Worker.run(ThreadPoolExecutor.java:491)\r\n\tat org.apache.tomcat.util.threads.TaskThread$WrappingRunnable.run(TaskThread.java:63)\r\n\tat java.base/java.lang.Thread.run(Thread.java:1583)\r\n","traceId":"8d0d801084e084947056a01ccd0c7c84","spanId":"bd1c6701a9e2e2b7"}
{"@timestamp":"2026-05-17T18:37:41.6364346+02:00","@version":"1","message":"Session Metrics {\n    76200 nanoseconds spent acquiring 1 JDBC connections;\n    0 nanoseconds spent releasing 0 JDBC connections;\n    0 nanoseconds spent preparing 0 JDBC statements;\n    0 nanoseconds spent executing 0 JDBC statements;\n    0 nanoseconds spent executing 0 JDBC batches;\n    0 nanoseconds spent performing 0 L2C puts;\n    0 nanoseconds spent performing 0 L2C hits;\n    0 nanoseconds spent performing 0 L2C misses;\n    0 nanoseconds spent executing 0 flushes (flushing a total of 0 entities and 0 collections);\n    0 nanoseconds spent executing 0 pre-partial-flushes;\n    0 nanoseconds spent executing 0 partial-flushes (flushing a total of 0 entities and 0 collections)\n}","logger_name":"org.hibernate.engine.internal.StatisticalLoggingSessionEventListener","thread_name":"http-nio-8080-exec-3","level":"INFO","level_value":20000,"traceId":"8d0d801084e084947056a01ccd0c7c84","spanId":"bd1c6701a9e2e2b7"}
{"@timestamp":"2026-05-17T18:37:49.5096806+02:00","@version":"1","message":"Unexpected error","logger_name":"com.phyriak.exceptions.ExceptionHandler","thread_name":"http-nio-8080-exec-7","level":"ERROR","level_value":40000,"stack_trace":"java.lang.IllegalArgumentException: No enum constant com.phyriak.repository.model.Currency.EURxx\r\n\tat java.base/java.lang.Enum.valueOf(Enum.java:293)\r\n\tat com.phyriak.mapper.PaymentMapperImpl.paymentRequestToEntity(PaymentMapperImpl.java:28)\r\n\tat com.phyriak.service.PaymentService.pay(PaymentService.java:48)\r\n\tat java.base/jdk.internal.reflect.DirectMethodHandleAccessor.invoke(DirectMethodHandleAccessor.java:103)\r\n\tat java.base/java.lang.reflect.Method.invoke(Method.java:580)\r\n\tat org.springframework.aop.support.AopUtils.invokeJoinpointUsingReflection(AopUtils.java:360)\r\n\tat org.springframework.aop.framework.ReflectiveMethodInvocation.invokeJoinpoint(ReflectiveMethodInvocation.java:196)\r\n\tat org.springframework.aop.framework.ReflectiveMethodInvocation.proceed(ReflectiveMethodInvocation.java:163)\r\n\tat org.springframework.transaction.interceptor.TransactionAspectSupport.invokeWithinTransaction(TransactionAspectSupport.java:380)\r\n\tat org.springframework.transaction.interceptor.TransactionInterceptor.invoke(TransactionInterceptor.java:119)\r\n\tat org.springframework.aop.framework.ReflectiveMethodInvocation.proceed(ReflectiveMethodInvocation.java:184)\r\n\tat org.springframework.retry.interceptor.RetryOperationsInterceptor$1.doWithRetry(RetryOperationsInterceptor.java:114)\r\n\tat org.springframework.retry.support.RetryTemplate.doExecute(RetryTemplate.java:357)\r\n\tat org.springframework.retry.support.RetryTemplate.execute(RetryTemplate.java:246)\r\n\tat org.springframework.retry.interceptor.RetryOperationsInterceptor.invoke(RetryOperationsInterceptor.java:135)\r\n\tat org.springframework.retry.annotation.AnnotationAwareRetryOperationsInterceptor.invoke(AnnotationAwareRetryOperationsInterceptor.java:162)\r\n\tat org.springframework.aop.framework.ReflectiveMethodInvocation.proceed(ReflectiveMethodInvocation.java:184)\r\n\tat org.springframework.aop.framework.CglibAopProxy$DynamicAdvisedInterceptor.intercept(CglibAopProxy.java:728)\r\n\tat com.phyriak.service.PaymentService$$SpringCGLIB$$0.pay(<generated>)\r\n\tat com.phyriak.controller.PaymentControllerImpl.pay(PaymentControllerImpl.java:46)\r\n\tat java.base/jdk.internal.reflect.DirectMethodHandleAccessor.invoke(DirectMethodHandleAccessor.java:103)\r\n\tat java.base/java.lang.reflect.Method.invoke(Method.java:580)\r\n\tat org.springframework.web.method.support.InvocableHandlerMethod.doInvoke(InvocableHandlerMethod.java:258)\r\n\tat org.springframework.web.method.support.InvocableHandlerMethod.invokeForRequest(InvocableHandlerMethod.java:191)\r\n\tat org.springframework.web.servlet.mvc.method.annotation.ServletInvocableHandlerMethod.invokeAndHandle(ServletInvocableHandlerMethod.java:118)\r\n\tat org.springframework.web.servlet.mvc.method.annotation.RequestMappingHandlerAdapter.invokeHandlerMethod(RequestMappingHandlerAdapter.java:991)\r\n\tat org.springframework.web.servlet.mvc.method.annotation.RequestMappingHandlerAdapter.handleInternal(RequestMappingHandlerAdapter.java:896)\r\n\tat org.springframework.web.servlet.mvc.method.AbstractHandlerMethodAdapter.handle(AbstractHandlerMethodAdapter.java:87)\r\n\tat org.springframework.web.servlet.DispatcherServlet.doDispatch(DispatcherServlet.java:1089)\r\n\tat org.springframework.web.servlet.DispatcherServlet.doService(DispatcherServlet.java:979)\r\n\tat org.springframework.web.servlet.FrameworkServlet.processRequest(FrameworkServlet.java:1014)\r\n\tat org.springframework.web.servlet.FrameworkServlet.doPost(FrameworkServlet.java:914)\r\n\tat jakarta.servlet.http.HttpServlet.service(HttpServlet.java:590)\r\n\tat org.springframework.web.servlet.FrameworkServlet.service(FrameworkServlet.java:885)\r\n\tat jakarta.servlet.http.HttpServlet.service(HttpServlet.java:658)\r\n\tat org.apache.catalina.core.ApplicationFilterChain.internalDoFilter(ApplicationFilterChain.java:193)\r\n\tat org.apache.catalina.core.ApplicationFilterChain.doFilter(ApplicationFilterChain.java:138)\r\n\tat org.apache.tomcat.websocket.server.WsFilter.doFilter(WsFilter.java:51)\r\n\tat org.apache.catalina.core.ApplicationFilterChain.internalDoFilter(ApplicationFilterChain.java:162)\r\n\tat org.apache.catalina.core.ApplicationFilterChain.doFilter(ApplicationFilterChain.java:138)\r\n\tat org.springframework.web.filter.RequestContextFilter.doFilterInternal(RequestContextFilter.java:100)\r\n\tat org.springframework.web.filter.OncePerRequestFilter.doFilter(OncePerRequestFilter.java:116)\r\n\tat org.apache.catalina.core.ApplicationFilterChain.internalDoFilter(ApplicationFilterChain.java:162)\r\n\tat org.apache.catalina.core.ApplicationFilterChain.doFilter(ApplicationFilterChain.java:138)\r\n\tat org.springframework.web.filter.FormContentFilter.doFilterInternal(FormContentFilter.java:93)\r\n\tat org.springframework.web.filter.OncePerRequestFilter.doFilter(OncePerRequestFilter.java:116)\r\n\tat org.apache.catalina.core.ApplicationFilterChain.internalDoFilter(ApplicationFilterChain.java:162)\r\n\tat org.apache.catalina.core.ApplicationFilterChain.doFilter(ApplicationFilterChain.java:138)\r\n\tat org.springframework.web.filter.ServerHttpObservationFilter.doFilterInternal(ServerHttpObservationFilter.java:110)\r\n\tat org.springframework.web.filter.OncePerRequestFilter.doFilter(OncePerRequestFilter.java:116)\r\n\tat org.apache.catalina.core.ApplicationFilterChain.internalDoFilter(ApplicationFilterChain.java:162)\r\n\tat org.apache.catalina.core.ApplicationFilterChain.doFilter(ApplicationFilterChain.java:138)\r\n\tat org.springframework.web.filter.CharacterEncodingFilter.doFilterInternal(CharacterEncodingFilter.java:201)\r\n\tat org.springframework.web.filter.OncePerRequestFilter.doFilter(OncePerRequestFilter.java:116)\r\n\tat org.apache.catalina.core.ApplicationFilterChain.internalDoFilter(ApplicationFilterChain.java:162)\r\n\tat org.apache.catalina.core.ApplicationFilterChain.doFilter(ApplicationFilterChain.java:138)\r\n\tat org.apache.catalina.core.StandardWrapperValve.invoke(StandardWrapperValve.java:165)\r\n\tat org.apache.catalina.core.StandardContextValve.invoke(StandardContextValve.java:88)\r\n\tat org.apache.catalina.authenticator.AuthenticatorBase.invoke(AuthenticatorBase.java:482)\r\n\tat org.apache.catalina.core.StandardHostValve.invoke(StandardHostValve.java:113)\r\n\tat org.apache.catalina.valves.ErrorReportValve.invoke(ErrorReportValve.java:83)\r\n\tat org.apache.catalina.core.StandardEngineValve.invoke(StandardEngineValve.java:72)\r\n\tat org.apache.catalina.connector.CoyoteAdapter.service(CoyoteAdapter.java:342)\r\n\tat org.apache.coyote.http11.Http11Processor.service(Http11Processor.java:399)\r\n\tat org.apache.coyote.AbstractProcessorLight.process(AbstractProcessorLight.java:63)\r\n\tat org.apache.coyote.AbstractProtocol$ConnectionHandler.process(AbstractProtocol.java:903)\r\n\tat org.apache.tomcat.util.net.NioEndpoint$SocketProcessor.doRun(NioEndpoint.java:1774)\r\n\tat org.apache.tomcat.util.net.SocketProcessorBase.run(SocketProcessorBase.java:52)\r\n\tat org.apache.tomcat.util.threads.ThreadPoolExecutor.runWorker(ThreadPoolExecutor.java:973)\r\n\tat org.apache.tomcat.util.threads.ThreadPoolExecutor$Worker.run(ThreadPoolExecutor.java:491)\r\n\tat org.apache.tomcat.util.threads.TaskThread$WrappingRunnable.run(TaskThread.java:63)\r\n\tat java.base/java.lang.Thread.run(Thread.java:1583)\r\n","traceId":"fcb17f4af4ae08b62bca569201c6ba49","spanId":"5539d335ffee6b77"}
{"@timestamp":"2026-05-17T18:37:49.5106796+02:00","@version":"1","message":"Session Metrics {\n    56900 nanoseconds spent acquiring 1 JDBC connections;\n    0 nanoseconds spent releasing 0 JDBC connections;\n    0 nanoseconds spent preparing 0 JDBC statements;\n    0 nanoseconds spent executing 0 JDBC statements;\n    0 nanoseconds spent executing 0 JDBC batches;\n    0 nanoseconds spent performing 0 L2C puts;\n    0 nanoseconds spent performing 0 L2C hits;\n    0 nanoseconds spent performing 0 L2C misses;\n    0 nanoseconds spent executing 0 flushes (flushing a total of 0 entities and 0 collections);\n    0 nanoseconds spent executing 0 pre-partial-flushes;\n    0 nanoseconds spent executing 0 partial-flushes (flushing a total of 0 entities and 0 collections)\n}","logger_name":"org.hibernate.engine.internal.StatisticalLoggingSessionEventListener","thread_name":"http-nio-8080-exec-7","level":"INFO","level_value":20000,"traceId":"fcb17f4af4ae08b62bca569201c6ba49","spanId":"5539d335ffee6b77"}
{"@timestamp":"2026-05-17T18:38:03.3849673+02:00","@version":"1","message":"Unexpected error","logger_name":"com.phyriak.exceptions.ExceptionHandler","thread_name":"http-nio-8080-exec-1","level":"ERROR","level_value":40000,"stack_trace":"org.springframework.web.method.annotation.MethodArgumentTypeMismatchException: Method parameter 'id': Failed to convert value of type 'java.lang.String' to required type 'java.lang.Long'; For input string: \"55x\"\r\n\tat org.springframework.web.method.annotation.AbstractNamedValueMethodArgumentResolver.convertIfNecessary(AbstractNamedValueMethodArgumentResolver.java:301)\r\n\tat org.springframework.web.method.annotation.AbstractNamedValueMethodArgumentResolver.resolveArgument(AbstractNamedValueMethodArgumentResolver.java:136)\r\n\tat org.springframework.web.method.support.HandlerMethodArgumentResolverComposite.resolveArgument(HandlerMethodArgumentResolverComposite.java:122)\r\n\tat org.springframework.web.method.support.InvocableHandlerMethod.getMethodArgumentValues(InvocableHandlerMethod.java:227)\r\n\tat org.springframework.web.method.support.InvocableHandlerMethod.invokeForRequest(InvocableHandlerMethod.java:181)\r\n\tat org.springframework.web.servlet.mvc.method.annotation.ServletInvocableHandlerMethod.invokeAndHandle(ServletInvocableHandlerMethod.java:118)\r\n\tat org.springframework.web.servlet.mvc.method.annotation.RequestMappingHandlerAdapter.invokeHandlerMethod(RequestMappingHandlerAdapter.java:991)\r\n\tat org.springframework.web.servlet.mvc.method.annotation.RequestMappingHandlerAdapter.handleInternal(RequestMappingHandlerAdapter.java:896)\r\n\tat org.springframework.web.servlet.mvc.method.AbstractHandlerMethodAdapter.handle(AbstractHandlerMethodAdapter.java:87)\r\n\tat org.springframework.web.servlet.DispatcherServlet.doDispatch(DispatcherServlet.java:1089)\r\n\tat org.springframework.web.servlet.DispatcherServlet.doService(DispatcherServlet.java:979)\r\n\tat org.springframework.web.servlet.FrameworkServlet.processRequest(FrameworkServlet.java:1014)\r\n\tat org.springframework.web.servlet.FrameworkServlet.doGet(FrameworkServlet.java:903)\r\n\tat jakarta.servlet.http.HttpServlet.service(HttpServlet.java:564)\r\n\tat org.springframework.web.servlet.FrameworkServlet.service(FrameworkServlet.java:885)\r\n\tat jakarta.servlet.http.HttpServlet.service(HttpServlet.java:658)\r\n\tat org.apache.catalina.core.ApplicationFilterChain.internalDoFilter(ApplicationFilterChain.java:193)\r\n\tat org.apache.catalina.core.ApplicationFilterChain.doFilter(ApplicationFilterChain.java:138)\r\n\tat org.apache.tomcat.websocket.server.WsFilter.doFilter(WsFilter.java:51)\r\n\tat org.apache.catalina.core.ApplicationFilterChain.internalDoFilter(ApplicationFilterChain.java:162)\r\n\tat org.apache.catalina.core.ApplicationFilterChain.doFilter(ApplicationFilterChain.java:138)\r\n\tat org.springframework.web.filter.RequestContextFilter.doFilterInternal(RequestContextFilter.java:100)\r\n\tat org.springframework.web.filter.OncePerRequestFilter.doFilter(OncePerRequestFilter.java:116)\r\n\tat org.apache.catalina.core.ApplicationFilterChain.internalDoFilter(ApplicationFilterChain.java:162)\r\n\tat org.apache.catalina.core.ApplicationFilterChain.doFilter(ApplicationFilterChain.java:138)\r\n\tat org.springframework.web.filter.FormContentFilter.doFilterInternal(FormContentFilter.java:93)\r\n\tat org.springframework.web.filter.OncePerRequestFilter.doFilter(OncePerRequestFilter.java:116)\r\n\tat org.apache.catalina.core.ApplicationFilterChain.internalDoFilter(ApplicationFilterChain.java:162)\r\n\tat org.apache.catalina.core.ApplicationFilterChain.doFilter(ApplicationFilterChain.java:138)\r\n\tat org.springframework.web.filter.ServerHttpObservationFilter.doFilterInternal(ServerHttpObservationFilter.java:110)\r\n\tat org.springframework.web.filter.OncePerRequestFilter.doFilter(OncePerRequestFilter.java:116)\r\n\tat org.apache.catalina.core.ApplicationFilterChain.internalDoFilter(ApplicationFilterChain.java:162)\r\n\tat org.apache.catalina.core.ApplicationFilterChain.doFilter(ApplicationFilterChain.java:138)\r\n\tat org.springframework.web.filter.CharacterEncodingFilter.doFilterInternal(CharacterEncodingFilter.java:201)\r\n\tat org.springframework.web.filter.OncePerRequestFilter.doFilter(OncePerRequestFilter.java:116)\r\n\tat org.apache.catalina.core.ApplicationFilterChain.internalDoFilter(ApplicationFilterChain.java:162)\r\n\tat org.apache.catalina.core.ApplicationFilterChain.doFilter(ApplicationFilterChain.java:138)\r\n\tat org.apache.catalina.core.StandardWrapperValve.invoke(StandardWrapperValve.java:165)\r\n\tat org.apache.catalina.core.StandardContextValve.invoke(StandardContextValve.java:88)\r\n\tat org.apache.catalina.authenticator.AuthenticatorBase.invoke(AuthenticatorBase.java:482)\r\n\tat org.apache.catalina.core.StandardHostValve.invoke(StandardHostValve.java:113)\r\n\tat org.apache.catalina.valves.ErrorReportValve.invoke(ErrorReportValve.java:83)\r\n\tat org.apache.catalina.core.StandardEngineValve.invoke(StandardEngineValve.java:72)\r\n\tat org.apache.catalina.connector.CoyoteAdapter.service(CoyoteAdapter.java:342)\r\n\tat org.apache.coyote.http11.Http11Processor.service(Http11Processor.java:399)\r\n\tat org.apache.coyote.AbstractProcessorLight.process(AbstractProcessorLight.java:63)\r\n\tat org.apache.coyote.AbstractProtocol$ConnectionHandler.process(AbstractProtocol.java:903)\r\n\tat org.apache.tomcat.util.net.NioEndpoint$SocketProcessor.doRun(NioEndpoint.java:1774)\r\n\tat org.apache.tomcat.util.net.SocketProcessorBase.run(SocketProcessorBase.java:52)\r\n\tat org.apache.tomcat.util.threads.ThreadPoolExecutor.runWorker(ThreadPoolExecutor.java:973)\r\n\tat org.apache.tomcat.util.threads.ThreadPoolExecutor$Worker.run(ThreadPoolExecutor.java:491)\r\n\tat org.apache.tomcat.util.threads.TaskThread$WrappingRunnable.run(TaskThread.java:63)\r\n\tat java.base/java.lang.Thread.run(Thread.java:1583)\r\nCaused by: java.lang.NumberFormatException: For input string: \"55x\"\r\n\tat java.base/java.lang.NumberFormatException.forInputString(NumberFormatException.java:67)\r\n\tat java.base/java.lang.Long.parseLong(Long.java:709)\r\n\tat java.base/java.lang.Long.valueOf(Long.java:1157)\r\n\tat org.springframework.util.NumberUtils.parseNumber(NumberUtils.java:204)\r\n\tat org.springframework.beans.propertyeditors.CustomNumberEditor.setAsText(CustomNumberEditor.java:115)\r\n\tat org.springframework.beans.TypeConverterDelegate.doConvertTextValue(TypeConverterDelegate.java:439)\r\n\tat org.springframework.beans.TypeConverterDelegate.doConvertValue(TypeConverterDelegate.java:412)\r\n\tat org.springframework.beans.TypeConverterDelegate.convertIfNecessary(TypeConverterDelegate.java:161)\r\n\tat org.springframework.beans.TypeConverterSupport.convertIfNecessary(TypeConverterSupport.java:80)\r\n\tat org.springframework.beans.TypeConverterSupport.convertIfNecessary(TypeConverterSupport.java:53)\r\n\tat org.springframework.validation.DataBinder.convertIfNecessary(DataBinder.java:867)\r\n\tat org.springframework.web.method.annotation.AbstractNamedValueMethodArgumentResolver.convertIfNecessary(AbstractNamedValueMethodArgumentResolver.java:293)\r\n\t... 52 common frames omitted\r\n","traceId":"2031a1aceeb31d5ea86a0efecf407d00","spanId":"195af9210727ae70"}
{"@timestamp":"2026-05-17T18:38:03.3869809+02:00","@version":"1","message":"Session Metrics {\n    0 nanoseconds spent acquiring 0 JDBC connections;\n    0 nanoseconds spent releasing 0 JDBC connections;\n    0 nanoseconds spent preparing 0 JDBC statements;\n    0 nanoseconds spent executing 0 JDBC statements;\n    0 nanoseconds spent executing 0 JDBC batches;\n    0 nanoseconds spent performing 0 L2C puts;\n    0 nanoseconds spent performing 0 L2C hits;\n    0 nanoseconds spent performing 0 L2C misses;\n    0 nanoseconds spent executing 0 flushes (flushing a total of 0 entities and 0 collections);\n    0 nanoseconds spent executing 0 pre-partial-flushes;\n    0 nanoseconds spent executing 0 partial-flushes (flushing a total of 0 entities and 0 collections)\n}","logger_name":"org.hibernate.engine.internal.StatisticalLoggingSessionEventListener","thread_name":"http-nio-8080-exec-1","level":"INFO","level_value":20000,"traceId":"2031a1aceeb31d5ea86a0efecf407d00","spanId":"195af9210727ae70"}
{"@timestamp":"2026-05-17T18:38:09.5200461+02:00","@version":"1","message":"Unexpected error","logger_name":"com.phyriak.exceptions.ExceptionHandler","thread_name":"http-nio-8080-exec-6","level":"ERROR","level_value":40000,"stack_trace":"org.springframework.web.method.annotation.MethodArgumentTypeMismatchException: Method parameter 'id': Failed to convert value of type 'java.lang.String' to required type 'java.lang.Long'; For input string: \"55111111111111111111111111111111\"\r\n\tat org.springframework.web.method.annotation.AbstractNamedValueMethodArgumentResolver.convertIfNecessary(AbstractNamedValueMethodArgumentResolver.java:301)\r\n\tat org.springframework.web.method.annotation.AbstractNamedValueMethodArgumentResolver.resolveArgument(AbstractNamedValueMethodArgumentResolver.java:136)\r\n\tat org.springframework.web.method.support.HandlerMethodArgumentResolverComposite.resolveArgument(HandlerMethodArgumentResolverComposite.java:122)\r\n\tat org.springframework.web.method.support.InvocableHandlerMethod.getMethodArgumentValues(InvocableHandlerMethod.java:227)\r\n\tat org.springframework.web.method.support.InvocableHandlerMethod.invokeForRequest(InvocableHandlerMethod.java:181)\r\n\tat org.springframework.web.servlet.mvc.method.annotation.ServletInvocableHandlerMethod.invokeAndHandle(ServletInvocableHandlerMethod.java:118)\r\n\tat org.springframework.web.servlet.mvc.method.annotation.RequestMappingHandlerAdapter.invokeHandlerMethod(RequestMappingHandlerAdapter.java:991)\r\n\tat org.springframework.web.servlet.mvc.method.annotation.RequestMappingHandlerAdapter.handleInternal(RequestMappingHandlerAdapter.java:896)\r\n\tat org.springframework.web.servlet.mvc.method.AbstractHandlerMethodAdapter.handle(AbstractHandlerMethodAdapter.java:87)\r\n\tat org.springframework.web.servlet.DispatcherServlet.doDispatch(DispatcherServlet.java:1089)\r\n\tat org.springframework.web.servlet.DispatcherServlet.doService(DispatcherServlet.java:979)\r\n\tat org.springframework.web.servlet.FrameworkServlet.processRequest(FrameworkServlet.java:1014)\r\n\tat org.springframework.web.servlet.FrameworkServlet.doGet(FrameworkServlet.java:903)\r\n\tat jakarta.servlet.http.HttpServlet.service(HttpServlet.java:564)\r\n\tat org.springframework.web.servlet.FrameworkServlet.service(FrameworkServlet.java:885)\r\n\tat jakarta.servlet.http.HttpServlet.service(HttpServlet.java:658)\r\n\tat org.apache.catalina.core.ApplicationFilterChain.internalDoFilter(ApplicationFilterChain.java:193)\r\n\tat org.apache.catalina.core.ApplicationFilterChain.doFilter(ApplicationFilterChain.java:138)\r\n\tat org.apache.tomcat.websocket.server.WsFilter.doFilter(WsFilter.java:51)\r\n\tat org.apache.catalina.core.ApplicationFilterChain.internalDoFilter(ApplicationFilterChain.java:162)\r\n\tat org.apache.catalina.core.ApplicationFilterChain.doFilter(ApplicationFilterChain.java:138)\r\n\tat org.springframework.web.filter.RequestContextFilter.doFilterInternal(RequestContextFilter.java:100)\r\n\tat org.springframework.web.filter.OncePerRequestFilter.doFilter(OncePerRequestFilter.java:116)\r\n\tat org.apache.catalina.core.ApplicationFilterChain.internalDoFilter(ApplicationFilterChain.java:162)\r\n\tat org.apache.catalina.core.ApplicationFilterChain.doFilter(ApplicationFilterChain.java:138)\r\n\tat org.springframework.web.filter.FormContentFilter.doFilterInternal(FormContentFilter.java:93)\r\n\tat org.springframework.web.filter.OncePerRequestFilter.doFilter(OncePerRequestFilter.java:116)\r\n\tat org.apache.catalina.core.ApplicationFilterChain.internalDoFilter(ApplicationFilterChain.java:162)\r\n\tat org.apache.catalina.core.ApplicationFilterChain.doFilter(ApplicationFilterChain.java:138)\r\n\tat org.springframework.web.filter.ServerHttpObservationFilter.doFilterInternal(ServerHttpObservationFilter.java:110)\r\n\tat org.springframework.web.filter.OncePerRequestFilter.doFilter(OncePerRequestFilter.java:116)\r\n\tat org.apache.catalina.core.ApplicationFilterChain.internalDoFilter(ApplicationFilterChain.java:162)\r\n\tat org.apache.catalina.core.ApplicationFilterChain.doFilter(ApplicationFilterChain.java:138)\r\n\tat org.springframework.web.filter.CharacterEncodingFilter.doFilterInternal(CharacterEncodingFilter.java:201)\r\n\tat org.springframework.web.filter.OncePerRequestFilter.doFilter(OncePerRequestFilter.java:116)\r\n\tat org.apache.catalina.core.ApplicationFilterChain.internalDoFilter(ApplicationFilterChain.java:162)\r\n\tat org.apache.catalina.core.ApplicationFilterChain.doFilter(ApplicationFilterChain.java:138)\r\n\tat org.apache.catalina.core.StandardWrapperValve.invoke(StandardWrapperValve.java:165)\r\n\tat org.apache.catalina.core.StandardContextValve.invoke(StandardContextValve.java:88)\r\n\tat org.apache.catalina.authenticator.AuthenticatorBase.invoke(AuthenticatorBase.java:482)\r\n\tat org.apache.catalina.core.StandardHostValve.invoke(StandardHostValve.java:113)\r\n\tat org.apache.catalina.valves.ErrorReportValve.invoke(ErrorReportValve.java:83)\r\n\tat org.apache.catalina.core.StandardEngineValve.invoke(StandardEngineValve.java:72)\r\n\tat org.apache.catalina.connector.CoyoteAdapter.service(CoyoteAdapter.java:342)\r\n\tat org.apache.coyote.http11.Http11Processor.service(Http11Processor.java:399)\r\n\tat org.apache.coyote.AbstractProcessorLight.process(AbstractProcessorLight.java:63)\r\n\tat org.apache.coyote.AbstractProtocol$ConnectionHandler.process(AbstractProtocol.java:903)\r\n\tat org.apache.tomcat.util.net.NioEndpoint$SocketProcessor.doRun(NioEndpoint.java:1774)\r\n\tat org.apache.tomcat.util.net.SocketProcessorBase.run(SocketProcessorBase.java:52)\r\n\tat org.apache.tomcat.util.threads.ThreadPoolExecutor.runWorker(ThreadPoolExecutor.java:973)\r\n\tat org.apache.tomcat.util.threads.ThreadPoolExecutor$Worker.run(ThreadPoolExecutor.java:491)\r\n\tat org.apache.tomcat.util.threads.TaskThread$WrappingRunnable.run(TaskThread.java:63)\r\n\tat java.base/java.lang.Thread.run(Thread.java:1583)\r\nCaused by: java.lang.NumberFormatException: For input string: \"55111111111111111111111111111111\"\r\n\tat java.base/java.lang.NumberFormatException.forInputString(NumberFormatException.java:67)\r\n\tat java.base/java.lang.Long.parseLong(Long.java:709)\r\n\tat java.base/java.lang.Long.valueOf(Long.java:1157)\r\n\tat org.springframework.util.NumberUtils.parseNumber(NumberUtils.java:204)\r\n\tat org.springframework.beans.propertyeditors.CustomNumberEditor.setAsText(CustomNumberEditor.java:115)\r\n\tat org.springframework.beans.TypeConverterDelegate.doConvertTextValue(TypeConverterDelegate.java:439)\r\n\tat org.springframework.beans.TypeConverterDelegate.doConvertValue(TypeConverterDelegate.java:412)\r\n\tat org.springframework.beans.TypeConverterDelegate.convertIfNecessary(TypeConverterDelegate.java:161)\r\n\tat org.springframework.beans.TypeConverterSupport.convertIfNecessary(TypeConverterSupport.java:80)\r\n\tat org.springframework.beans.TypeConverterSupport.convertIfNecessary(TypeConverterSupport.java:53)\r\n\tat org.springframework.validation.DataBinder.convertIfNecessary(DataBinder.java:867)\r\n\tat org.springframework.web.method.annotation.AbstractNamedValueMethodArgumentResolver.convertIfNecessary(AbstractNamedValueMethodArgumentResolver.java:293)\r\n\t... 52 common frames omitted\r\n","traceId":"2bf085679bb3d64e0e4ce0791589bb96","spanId":"5bf7cce3b9dcfdda"}
{"@timestamp":"2026-05-17T18:38:09.5220459+02:00","@version":"1","message":"Session Metrics {\n    0 nanoseconds spent acquiring 0 JDBC connections;\n    0 nanoseconds spent releasing 0 JDBC connections;\n    0 nanoseconds spent preparing 0 JDBC statements;\n    0 nanoseconds spent executing 0 JDBC statements;\n    0 nanoseconds spent executing 0 JDBC batches;\n    0 nanoseconds spent performing 0 L2C puts;\n    0 nanoseconds spent performing 0 L2C hits;\n    0 nanoseconds spent performing 0 L2C misses;\n    0 nanoseconds spent executing 0 flushes (flushing a total of 0 entities and 0 collections);\n    0 nanoseconds spent executing 0 pre-partial-flushes;\n    0 nanoseconds spent executing 0 partial-flushes (flushing a total of 0 entities and 0 collections)\n}","logger_name":"org.hibernate.engine.internal.StatisticalLoggingSessionEventListener","thread_name":"http-nio-8080-exec-6","level":"INFO","level_value":20000,"traceId":"2bf085679bb3d64e0e4ce0791589bb96","spanId":"5bf7cce3b9dcfdda"}
{"@timestamp":"2026-05-17T18:38:13.9905098+02:00","@version":"1","message":"Session Metrics {\n    53700 nanoseconds spent acquiring 1 JDBC connections;\n    0 nanoseconds spent releasing 0 JDBC connections;\n    408100 nanoseconds spent preparing 1 JDBC statements;\n    150200 nanoseconds spent executing 1 JDBC statements;\n    0 nanoseconds spent executing 0 JDBC batches;\n    0 nanoseconds spent performing 0 L2C puts;\n    0 nanoseconds spent performing 0 L2C hits;\n    0 nanoseconds spent performing 0 L2C misses;\n    0 nanoseconds spent executing 0 flushes (flushing a total of 0 entities and 0 collections);\n    0 nanoseconds spent executing 0 pre-partial-flushes;\n    0 nanoseconds spent executing 0 partial-flushes (flushing a total of 0 entities and 0 collections)\n}","logger_name":"org.hibernate.engine.internal.StatisticalLoggingSessionEventListener","thread_name":"http-nio-8080-exec-7","level":"INFO","level_value":20000,"traceId":"32c3c5d8ecfc67166b1f0cfba383f791","spanId":"bcc9fca4aa256b56"}
{"@timestamp":"2026-05-17T19:47:22.0653542+02:00","@version":"1","message":"HikariPool-1 - Thread starvation or clock leap detected (housekeeper delta=9m34s580ms483µs800ns).","logger_name":"com.zaxxer.hikari.pool.HikariPool","thread_name":"HikariPool-1:housekeeper","level":"WARN","level_value":30000}
{"@timestamp":"2026-05-17T20:17:21.7342369+02:00","@version":"1","message":"Failed to export spans. The request could not be executed. Full error message: unexpected end of stream on http://localhost:4320/...","logger_name":"io.opentelemetry.exporter.internal.http.HttpExporter","thread_name":"OkHttp http://localhost:4320/...","level":"ERROR","level_value":40000,"stack_trace":"java.io.IOException: unexpected end of stream on http://localhost:4320/...\r\n\tat okhttp3.internal.http1.Http1ExchangeCodec.readResponseHeaders(Http1ExchangeCodec.kt:210)\r\n\tat okhttp3.internal.connection.Exchange.readResponseHeaders(Exchange.kt:110)\r\n\tat okhttp3.internal.http.CallServerInterceptor.intercept(CallServerInterceptor.kt:93)\r\n\tat okhttp3.internal.http.RealInterceptorChain.proceed(RealInterceptorChain.kt:109)\r\n\tat okhttp3.internal.connection.ConnectInterceptor.intercept(ConnectInterceptor.kt:34)\r\n\tat okhttp3.internal.http.RealInterceptorChain.proceed(RealInterceptorChain.kt:109)\r\n\tat okhttp3.internal.cache.CacheInterceptor.intercept(CacheInterceptor.kt:95)\r\n\tat okhttp3.internal.http.RealInterceptorChain.proceed(RealInterceptorChain.kt:109)\r\n\tat okhttp3.internal.http.BridgeInterceptor.intercept(BridgeInterceptor.kt:83)\r\n\tat okhttp3.internal.http.RealInterceptorChain.proceed(RealInterceptorChain.kt:109)\r\n\tat okhttp3.internal.http.RetryAndFollowUpInterceptor.intercept(RetryAndFollowUpInterceptor.kt:76)\r\n\tat okhttp3.internal.http.RealInterceptorChain.proceed(RealInterceptorChain.kt:109)\r\n\tat io.opentelemetry.exporter.sender.okhttp.internal.RetryInterceptor.intercept(RetryInterceptor.java:96)\r\n\tat okhttp3.internal.http.RealInterceptorChain.proceed(RealInterceptorChain.kt:109)\r\n\tat okhttp3.internal.connection.RealCall.getResponseWithInterceptorChain$okhttp(RealCall.kt:201)\r\n\tat okhttp3.internal.connection.RealCall$AsyncCall.run(RealCall.kt:517)\r\n\tat java.base/java.util.concurrent.ThreadPoolExecutor.runWorker(ThreadPoolExecutor.java:1144)\r\n\tat java.base/java.util.concurrent.ThreadPoolExecutor$Worker.run(ThreadPoolExecutor.java:642)\r\n\tat java.base/java.lang.Thread.run(Thread.java:1583)\r\n\tSuppressed: java.io.IOException: unexpected end of stream on http://localhost:4320/...\r\n\t\t... 19 common frames omitted\r\n\tCaused by: java.io.EOFException: \\n not found: limit=0 content=…\r\n\t\tat okio.RealBufferedSource.readUtf8LineStrict(RealBufferedSource.kt:335)\r\n\t\tat okhttp3.internal.http1.HeadersReader.readLine(HeadersReader.kt:29)\r\n\t\tat okhttp3.internal.http1.Http1ExchangeCodec.readResponseHeaders(Http1ExchangeCodec.kt:180)\r\n\t\t... 18 common frames omitted\r\n\tSuppressed: java.io.IOException: unexpected end of stream on http://localhost:4320/...\r\n\t\t... 19 common frames omitted\r\n\tCaused by: java.io.EOFException: \\n not found: limit=0 content=…\r\n\t\tat okio.RealBufferedSource.readUtf8LineStrict(RealBufferedSource.kt:335)\r\n\t\tat okhttp3.internal.http1.HeadersReader.readLine(HeadersReader.kt:29)\r\n\t\tat okhttp3.internal.http1.Http1ExchangeCodec.readResponseHeaders(Http1ExchangeCodec.kt:180)\r\n\t\t... 18 common frames omitted\r\nCaused by: java.io.EOFException: \\n not found: limit=0 content=…\r\n\tat okio.RealBufferedSource.readUtf8LineStrict(RealBufferedSource.kt:335)\r\n\tat okhttp3.internal.http1.HeadersReader.readLine(HeadersReader.kt:29)\r\n\tat okhttp3.internal.http1.Http1ExchangeCodec.readResponseHeaders(Http1ExchangeCodec.kt:180)\r\n\t... 18 common frames omitted\r\n"}
{"@timestamp":"2026-05-17T20:19:52.0692819+02:00","@version":"1","message":"Failed to export spans. The request could not be executed. Full error message: unexpected end of stream on http://localhost:4320/...","logger_name":"io.opentelemetry.exporter.internal.http.HttpExporter","thread_name":"OkHttp http://localhost:4320/...","level":"ERROR","level_value":40000,"stack_trace":"java.io.IOException: unexpected end of stream on http://localhost:4320/...\r\n\tat okhttp3.internal.http1.Http1ExchangeCodec.readResponseHeaders(Http1ExchangeCodec.kt:210)\r\n\tat okhttp3.internal.connection.Exchange.readResponseHeaders(Exchange.kt:110)\r\n\tat okhttp3.internal.http.CallServerInterceptor.intercept(CallServerInterceptor.kt:93)\r\n\tat okhttp3.internal.http.RealInterceptorChain.proceed(RealInterceptorChain.kt:109)\r\n\tat okhttp3.internal.connection.ConnectInterceptor.intercept(ConnectInterceptor.kt:34)\r\n\tat okhttp3.internal.http.RealInterceptorChain.proceed(RealInterceptorChain.kt:109)\r\n\tat okhttp3.internal.cache.CacheInterceptor.intercept(CacheInterceptor.kt:95)\r\n\tat okhttp3.internal.http.RealInterceptorChain.proceed(RealInterceptorChain.kt:109)\r\n\tat okhttp3.internal.http.BridgeInterceptor.intercept(BridgeInterceptor.kt:83)\r\n\tat okhttp3.internal.http.RealInterceptorChain.proceed(RealInterceptorChain.kt:109)\r\n\tat okhttp3.internal.http.RetryAndFollowUpInterceptor.intercept(RetryAndFollowUpInterceptor.kt:76)\r\n\tat okhttp3.internal.http.RealInterceptorChain.proceed(RealInterceptorChain.kt:109)\r\n\tat io.opentelemetry.exporter.sender.okhttp.internal.RetryInterceptor.intercept(RetryInterceptor.java:96)\r\n\tat okhttp3.internal.http.RealInterceptorChain.proceed(RealInterceptorChain.kt:109)\r\n\tat okhttp3.internal.connection.RealCall.getResponseWithInterceptorChain$okhttp(RealCall.kt:201)\r\n\tat okhttp3.internal.connection.RealCall$AsyncCall.run(RealCall.kt:517)\r\n\tat java.base/java.util.concurrent.ThreadPoolExecutor.runWorker(ThreadPoolExecutor.java:1144)\r\n\tat java.base/java.util.concurrent.ThreadPoolExecutor$Worker.run(ThreadPoolExecutor.java:642)\r\n\tat java.base/java.lang.Thread.run(Thread.java:1583)\r\n\tSuppressed: java.io.IOException: unexpected end of stream on http://localhost:4320/...\r\n\t\t... 19 common frames omitted\r\n\tCaused by: java.io.EOFException: \\n not found: limit=0 content=…\r\n\t\tat okio.RealBufferedSource.readUtf8LineStrict(RealBufferedSource.kt:335)\r\n\t\tat okhttp3.internal.http1.HeadersReader.readLine(HeadersReader.kt:29)\r\n\t\tat okhttp3.internal.http1.Http1ExchangeCodec.readResponseHeaders(Http1ExchangeCodec.kt:180)\r\n\t\t... 18 common frames omitted\r\n\tSuppressed: java.io.IOException: unexpected end of stream on http://localhost:4320/...\r\n\t\t... 19 common frames omitted\r\n\tCaused by: java.io.EOFException: \\n not found: limit=0 content=…\r\n\t\tat okio.RealBufferedSource.readUtf8LineStrict(RealBufferedSource.kt:335)\r\n\t\tat okhttp3.internal.http1.HeadersReader.readLine(HeadersReader.kt:29)\r\n\t\tat okhttp3.internal.http1.Http1ExchangeCodec.readResponseHeaders(Http1ExchangeCodec.kt:180)\r\n\t\t... 18 common frames omitted\r\nCaused by: java.io.EOFException: \\n not found: limit=0 content=…\r\n\tat okio.RealBufferedSource.readUtf8LineStrict(RealBufferedSource.kt:335)\r\n\tat okhttp3.internal.http1.HeadersReader.readLine(HeadersReader.kt:29)\r\n\tat okhttp3.internal.http1.Http1ExchangeCodec.readResponseHeaders(Http1ExchangeCodec.kt:180)\r\n\t... 18 common frames omitted\r\n"}
{"@timestamp":"2026-05-17T20:20:46.7251818+02:00","@version":"1","message":"Session Metrics {\n    228300 nanoseconds spent acquiring 1 JDBC connections;\n    0 nanoseconds spent releasing 0 JDBC connections;\n    1207500 nanoseconds spent preparing 1 JDBC statements;\n    1073300 nanoseconds spent executing 1 JDBC statements;\n    0 nanoseconds spent executing 0 JDBC batches;\n    0 nanoseconds spent performing 0 L2C puts;\n    0 nanoseconds spent performing 0 L2C hits;\n    0 nanoseconds spent performing 0 L2C misses;\n    0 nanoseconds spent executing 0 flushes (flushing a total of 0 entities and 0 collections);\n    0 nanoseconds spent executing 0 pre-partial-flushes;\n    0 nanoseconds spent executing 0 partial-flushes (flushing a total of 0 entities and 0 collections)\n}","logger_name":"org.hibernate.engine.internal.StatisticalLoggingSessionEventListener","thread_name":"http-nio-8080-exec-10","level":"INFO","level_value":20000,"traceId":"ac730dd468eb2c53e02956cc693bd882","spanId":"8fed43dbbaddb058"}
{"@timestamp":"2026-05-17T20:20:50.4131853+02:00","@version":"1","message":"Session Metrics {\n    31400 nanoseconds spent acquiring 1 JDBC connections;\n    0 nanoseconds spent releasing 0 JDBC connections;\n    75100 nanoseconds spent preparing 1 JDBC statements;\n    291200 nanoseconds spent executing 1 JDBC statements;\n    0 nanoseconds spent executing 0 JDBC batches;\n    0 nanoseconds spent performing 0 L2C puts;\n    0 nanoseconds spent performing 0 L2C hits;\n    0 nanoseconds spent performing 0 L2C misses;\n    0 nanoseconds spent executing 0 flushes (flushing a total of 0 entities and 0 collections);\n    0 nanoseconds spent executing 0 pre-partial-flushes;\n    0 nanoseconds spent executing 0 partial-flushes (flushing a total of 0 entities and 0 collections)\n}","logger_name":"org.hibernate.engine.internal.StatisticalLoggingSessionEventListener","thread_name":"http-nio-8080-exec-8","level":"INFO","level_value":20000,"traceId":"49ef1088926b106cf00fcba6a78ffb92","spanId":"7f594589068a4ad1"}
{"@timestamp":"2026-05-17T20:21:02.5940129+02:00","@version":"1","message":"Job: [SimpleJob: [name=paymentImportJob]] launched with the following parameters: [{'filePath':'{value=C:\\Users\\piotr\\AppData\\Local\\Temp\\payments-6377683405894488524.csv, type=class java.lang.String, identifying=true}','time':'{value=1779042062576, type=class java.lang.Long, identifying=true}'}]","logger_name":"org.springframework.batch.core.launch.support.TaskExecutorJobLauncher","thread_name":"http-nio-8080-exec-4","level":"INFO","level_value":20000,"traceId":"0fbbccc1311dbadc0f8882a6c9cd4fbf","spanId":"21feee6ecf5d3d46"}
{"@timestamp":"2026-05-17T20:21:02.60293+02:00","@version":"1","message":"Executing step: [paymentImportStep]","logger_name":"org.springframework.batch.core.job.SimpleStepHandler","thread_name":"http-nio-8080-exec-4","level":"INFO","level_value":20000,"traceId":"0fbbccc1311dbadc0f8882a6c9cd4fbf","spanId":"23240ba6f1b7e24f"}
{"@timestamp":"2026-05-17T20:21:03.8824034+02:00","@version":"1","message":"Step: [paymentImportStep] executed in 1s278ms","logger_name":"org.springframework.batch.core.step.AbstractStep","thread_name":"http-nio-8080-exec-4","level":"INFO","level_value":20000,"traceId":"0fbbccc1311dbadc0f8882a6c9cd4fbf","spanId":"23240ba6f1b7e24f"}
{"@timestamp":"2026-05-17T20:21:03.889923+02:00","@version":"1","message":"Job: [SimpleJob: [name=paymentImportJob]] completed with the following parameters: [{'filePath':'{value=C:\\Users\\piotr\\AppData\\Local\\Temp\\payments-6377683405894488524.csv, type=class java.lang.String, identifying=true}','time':'{value=1779042062576, type=class java.lang.Long, identifying=true}'}] and the following status: [COMPLETED] in 1s293ms","logger_name":"org.springframework.batch.core.launch.support.TaskExecutorJobLauncher","thread_name":"http-nio-8080-exec-4","level":"INFO","level_value":20000,"traceId":"0fbbccc1311dbadc0f8882a6c9cd4fbf","spanId":"21feee6ecf5d3d46"}
{"@timestamp":"2026-05-17T20:21:03.8927698+02:00","@version":"1","message":"Session Metrics {\n    38800 nanoseconds spent acquiring 1 JDBC connections;\n    0 nanoseconds spent releasing 0 JDBC connections;\n    4818500 nanoseconds spent preparing 210 JDBC statements;\n    16908000 nanoseconds spent executing 200 JDBC statements;\n    103513000 nanoseconds spent executing 10 JDBC batches;\n    0 nanoseconds spent performing 0 L2C puts;\n    0 nanoseconds spent performing 0 L2C hits;\n    0 nanoseconds spent performing 0 L2C misses;\n    544002300 nanoseconds spent executing 10 flushes (flushing a total of 10000 entities and 0 collections);\n    0 nanoseconds spent executing 0 pre-partial-flushes;\n    0 nanoseconds spent executing 0 partial-flushes (flushing a total of 0 entities and 0 collections)\n}","logger_name":"org.hibernate.engine.internal.StatisticalLoggingSessionEventListener","thread_name":"http-nio-8080-exec-4","level":"INFO","level_value":20000,"traceId":"0fbbccc1311dbadc0f8882a6c9cd4fbf","spanId":"21feee6ecf5d3d46"}
{"@timestamp":"2026-05-17T20:22:00.9017709+02:00","@version":"1","message":"Unexpected error","logger_name":"com.phyriak.exceptions.ExceptionHandler","thread_name":"http-nio-8080-exec-7","level":"ERROR","level_value":40000,"stack_trace":"org.springframework.http.converter.HttpMessageNotReadableException: JSON parse error: Illegal unquoted character ((CTRL-CHAR, code 10)): has to be escaped using backslash to be included in string value\r\n\tat org.springframework.http.converter.json.AbstractJackson2HttpMessageConverter.readJavaType(AbstractJackson2HttpMessageConverter.java:408)\r\n\tat org.springframework.http.converter.json.AbstractJackson2HttpMessageConverter.read(AbstractJackson2HttpMessageConverter.java:356)\r\n\tat org.springframework.web.servlet.mvc.method.annotation.AbstractMessageConverterMethodArgumentResolver.readWithMessageConverters(AbstractMessageConverterMethodArgumentResolver.java:204)\r\n\tat org.springframework.web.servlet.mvc.method.annotation.RequestResponseBodyMethodProcessor.readWithMessageConverters(RequestResponseBodyMethodProcessor.java:176)\r\n\tat org.springframework.web.servlet.mvc.method.annotation.RequestResponseBodyMethodProcessor.resolveArgument(RequestResponseBodyMethodProcessor.java:150)\r\n\tat org.springframework.web.method.support.HandlerMethodArgumentResolverComposite.resolveArgument(HandlerMethodArgumentResolverComposite.java:122)\r\n\tat org.springframework.web.method.support.InvocableHandlerMethod.getMethodArgumentValues(InvocableHandlerMethod.java:227)\r\n\tat org.springframework.web.method.support.InvocableHandlerMethod.invokeForRequest(InvocableHandlerMethod.java:181)\r\n\tat org.springframework.web.servlet.mvc.method.annotation.ServletInvocableHandlerMethod.invokeAndHandle(ServletInvocableHandlerMethod.java:118)\r\n\tat org.springframework.web.servlet.mvc.method.annotation.RequestMappingHandlerAdapter.invokeHandlerMethod(RequestMappingHandlerAdapter.java:991)\r\n\tat org.springframework.web.servlet.mvc.method.annotation.RequestMappingHandlerAdapter.handleInternal(RequestMappingHandlerAdapter.java:896)\r\n\tat org.springframework.web.servlet.mvc.method.AbstractHandlerMethodAdapter.handle(AbstractHandlerMethodAdapter.java:87)\r\n\tat org.springframework.web.servlet.DispatcherServlet.doDispatch(DispatcherServlet.java:1089)\r\n\tat org.springframework.web.servlet.DispatcherServlet.doService(DispatcherServlet.java:979)\r\n\tat org.springframework.web.servlet.FrameworkServlet.processRequest(FrameworkServlet.java:1014)\r\n\tat org.springframework.web.servlet.FrameworkServlet.doPost(FrameworkServlet.java:914)\r\n\tat jakarta.servlet.http.HttpServlet.service(HttpServlet.java:590)\r\n\tat org.springframework.web.servlet.FrameworkServlet.service(FrameworkServlet.java:885)\r\n\tat jakarta.servlet.http.HttpServlet.service(HttpServlet.java:658)\r\n\tat org.apache.catalina.core.ApplicationFilterChain.internalDoFilter(ApplicationFilterChain.java:193)\r\n\tat org.apache.catalina.core.ApplicationFilterChain.doFilter(ApplicationFilterChain.java:138)\r\n\tat org.apache.tomcat.websocket.server.WsFilter.doFilter(WsFilter.java:51)\r\n\tat org.apache.catalina.core.ApplicationFilterChain.internalDoFilter(ApplicationFilterChain.java:162)\r\n\tat org.apache.catalina.core.ApplicationFilterChain.doFilter(ApplicationFilterChain.java:138)\r\n\tat org.springframework.web.filter.RequestContextFilter.doFilterInternal(RequestContextFilter.java:100)\r\n\tat org.springframework.web.filter.OncePerRequestFilter.doFilter(OncePerRequestFilter.java:116)\r\n\tat org.apache.catalina.core.ApplicationFilterChain.internalDoFilter(ApplicationFilterChain.java:162)\r\n\tat org.apache.catalina.core.ApplicationFilterChain.doFilter(ApplicationFilterChain.java:138)\r\n\tat org.springframework.web.filter.FormContentFilter.doFilterInternal(FormContentFilter.java:93)\r\n\tat org.springframework.web.filter.OncePerRequestFilter.doFilter(OncePerRequestFilter.java:116)\r\n\tat org.apache.catalina.core.ApplicationFilterChain.internalDoFilter(ApplicationFilterChain.java:162)\r\n\tat org.apache.catalina.core.ApplicationFilterChain.doFilter(ApplicationFilterChain.java:138)\r\n\tat org.springframework.web.filter.ServerHttpObservationFilter.doFilterInternal(ServerHttpObservationFilter.java:110)\r\n\tat org.springframework.web.filter.OncePerRequestFilter.doFilter(OncePerRequestFilter.java:116)\r\n\tat org.apache.catalina.core.ApplicationFilterChain.internalDoFilter(ApplicationFilterChain.java:162)\r\n\tat org.apache.catalina.core.ApplicationFilterChain.doFilter(ApplicationFilterChain.java:138)\r\n\tat org.springframework.web.filter.CharacterEncodingFilter.doFilterInternal(CharacterEncodingFilter.java:201)\r\n\tat org.springframework.web.filter.OncePerRequestFilter.doFilter(OncePerRequestFilter.java:116)\r\n\tat org.apache.catalina.core.ApplicationFilterChain.internalDoFilter(ApplicationFilterChain.java:162)\r\n\tat org.apache.catalina.core.ApplicationFilterChain.doFilter(ApplicationFilterChain.java:138)\r\n\tat org.apache.catalina.core.StandardWrapperValve.invoke(StandardWrapperValve.java:165)\r\n\tat org.apache.catalina.core.StandardContextValve.invoke(StandardContextValve.java:88)\r\n\tat org.apache.catalina.authenticator.AuthenticatorBase.invoke(AuthenticatorBase.java:482)\r\n\tat org.apache.catalina.core.StandardHostValve.invoke(StandardHostValve.java:113)\r\n\tat org.apache.catalina.valves.ErrorReportValve.invoke(ErrorReportValve.java:83)\r\n\tat org.apache.catalina.core.StandardEngineValve.invoke(StandardEngineValve.java:72)\r\n\tat org.apache.catalina.connector.CoyoteAdapter.service(CoyoteAdapter.java:342)\r\n\tat org.apache.coyote.http11.Http11Processor.service(Http11Processor.java:399)\r\n\tat org.apache.coyote.AbstractProcessorLight.process(AbstractProcessorLight.java:63)\r\n\tat org.apache.coyote.AbstractProtocol$ConnectionHandler.process(AbstractProtocol.java:903)\r\n\tat org.apache.tomcat.util.net.NioEndpoint$SocketProcessor.doRun(NioEndpoint.java:1774)\r\n\tat org.apache.tomcat.util.net.SocketProcessorBase.run(SocketProcessorBase.java:52)\r\n\tat org.apache.tomcat.util.threads.ThreadPoolExecutor.runWorker(ThreadPoolExecutor.java:973)\r\n\tat org.apache.tomcat.util.threads.ThreadPoolExecutor$Worker.run(ThreadPoolExecutor.java:491)\r\n\tat org.apache.tomcat.util.threads.TaskThread$WrappingRunnable.run(TaskThread.java:63)\r\n\tat java.base/java.lang.Thread.run(Thread.java:1583)\r\nCaused by: com.fasterxml.jackson.databind.JsonMappingException: Illegal unquoted character ((CTRL-CHAR, code 10)): has to be escaped using backslash to be included in string value\n at [Source: REDACTED (`StreamReadFeature.INCLUDE_SOURCE_IN_LOCATION` disabled); line: 5, column: 23] (through reference chain: com.phyriak.dto.PaymentRequest[\"paymentType\"])\r\n\tat com.fasterxml.jackson.databind.JsonMappingException.wrapWithPath(JsonMappingException.java:400)\r\n\tat com.fasterxml.jackson.databind.JsonMappingException.wrapWithPath(JsonMappingException.java:359)\r\n\tat com.fasterxml.jackson.databind.deser.BeanDeserializerBase.wrapAndThrow(BeanDeserializerBase.java:1966)\r\n\tat com.fasterxml.jackson.databind.deser.BeanDeserializer._deserializeWithErrorWrapping(BeanDeserializer.java:589)\r\n\tat com.fasterxml.jackson.databind.deser.BeanDeserializer._deserializeUsingPropertyBased(BeanDeserializer.java:440)\r\n\tat com.fasterxml.jackson.databind.deser.BeanDeserializerBase.deserializeFromObjectUsingNonDefault(BeanDeserializerBase.java:1499)\r\n\tat com.fasterxml.jackson.databind.deser.BeanDeserializer.deserializeFromObject(BeanDeserializer.java:340)\r\n\tat com.fasterxml.jackson.databind.deser.BeanDeserializer.deserialize(BeanDeserializer.java:177)\r\n\tat com.fasterxml.jackson.databind.deser.DefaultDeserializationContext.readRootValue(DefaultDeserializationContext.java:342)\r\n\tat com.fasterxml.jackson.databind.ObjectReader._bindAndClose(ObjectReader.java:2130)\r\n\tat com.fasterxml.jackson.databind.ObjectReader.readValue(ObjectReader.java:1500)\r\n\tat org.springframework.http.converter.json.AbstractJackson2HttpMessageConverter.readJavaType(AbstractJackson2HttpMessageConverter.java:397)\r\n\t... 55 common frames omitted\r\nCaused by: com.fasterxml.jackson.core.JsonParseException: Illegal unquoted character ((CTRL-CHAR, code 10)): has to be escaped using backslash to be included in string value\n at [Source: REDACTED (`StreamReadFeature.INCLUDE_SOURCE_IN_LOCATION` disabled); line: 5, column: 23]\r\n\tat com.fasterxml.jackson.core.JsonParser._constructReadException(JsonParser.java:2672)\r\n\tat com.fasterxml.jackson.core.base.ParserBase._throwUnquotedSpace(ParserBase.java:1430)\r\n\tat com.fasterxml.jackson.core.json.UTF8StreamJsonParser._finishString2(UTF8StreamJsonParser.java:2593)\r\n\tat com.fasterxml.jackson.core.json.UTF8StreamJsonParser._finishAndReturnString(UTF8StreamJsonParser.java:2520)\r\n\tat com.fasterxml.jackson.core.json.UTF8StreamJsonParser.getText(UTF8StreamJsonParser.java:294)\r\n\tat com.fasterxml.jackson.databind.deser.std.EnumDeserializer.deserialize(EnumDeserializer.java:272)\r\n\tat com.fasterxml.jackson.databind.deser.SettableBeanProperty.deserialize(SettableBeanProperty.java:543)\r\n\tat com.fasterxml.jackson.databind.deser.BeanDeserializer._deserializeWithErrorWrapping(BeanDeserializer.java:587)\r\n\t... 63 common frames omitted\r\n","traceId":"bad0cd649782a70110c25192cd63a52d","spanId":"570264600cdb3e83"}
{"@timestamp":"2026-05-17T20:22:00.9037906+02:00","@version":"1","message":"Session Metrics {\n    0 nanoseconds spent acquiring 0 JDBC connections;\n    0 nanoseconds spent releasing 0 JDBC connections;\n    0 nanoseconds spent preparing 0 JDBC statements;\n    0 nanoseconds spent executing 0 JDBC statements;\n    0 nanoseconds spent executing 0 JDBC batches;\n    0 nanoseconds spent performing 0 L2C puts;\n    0 nanoseconds spent performing 0 L2C hits;\n    0 nanoseconds spent performing 0 L2C misses;\n    0 nanoseconds spent executing 0 flushes (flushing a total of 0 entities and 0 collections);\n    0 nanoseconds spent executing 0 pre-partial-flushes;\n    0 nanoseconds spent executing 0 partial-flushes (flushing a total of 0 entities and 0 collections)\n}","logger_name":"org.hibernate.engine.internal.StatisticalLoggingSessionEventListener","thread_name":"http-nio-8080-exec-7","level":"INFO","level_value":20000,"traceId":"bad0cd649782a70110c25192cd63a52d","spanId":"570264600cdb3e83"}
{"@timestamp":"2026-05-17T20:22:01.9686023+02:00","@version":"1","message":"Unexpected error","logger_name":"com.phyriak.exceptions.ExceptionHandler","thread_name":"http-nio-8080-exec-10","level":"ERROR","level_value":40000,"stack_trace":"org.springframework.http.converter.HttpMessageNotReadableException: JSON parse error: Illegal unquoted character ((CTRL-CHAR, code 10)): has to be escaped using backslash to be included in string value\r\n\tat org.springframework.http.converter.json.AbstractJackson2HttpMessageConverter.readJavaType(AbstractJackson2HttpMessageConverter.java:408)\r\n\tat org.springframework.http.converter.json.AbstractJackson2HttpMessageConverter.read(AbstractJackson2HttpMessageConverter.java:356)\r\n\tat org.springframework.web.servlet.mvc.method.annotation.AbstractMessageConverterMethodArgumentResolver.readWithMessageConverters(AbstractMessageConverterMethodArgumentResolver.java:204)\r\n\tat org.springframework.web.servlet.mvc.method.annotation.RequestResponseBodyMethodProcessor.readWithMessageConverters(RequestResponseBodyMethodProcessor.java:176)\r\n\tat org.springframework.web.servlet.mvc.method.annotation.RequestResponseBodyMethodProcessor.resolveArgument(RequestResponseBodyMethodProcessor.java:150)\r\n\tat org.springframework.web.method.support.HandlerMethodArgumentResolverComposite.resolveArgument(HandlerMethodArgumentResolverComposite.java:122)\r\n\tat org.springframework.web.method.support.InvocableHandlerMethod.getMethodArgumentValues(InvocableHandlerMethod.java:227)\r\n\tat org.springframework.web.method.support.InvocableHandlerMethod.invokeForRequest(InvocableHandlerMethod.java:181)\r\n\tat org.springframework.web.servlet.mvc.method.annotation.ServletInvocableHandlerMethod.invokeAndHandle(ServletInvocableHandlerMethod.java:118)\r\n\tat org.springframework.web.servlet.mvc.method.annotation.RequestMappingHandlerAdapter.invokeHandlerMethod(RequestMappingHandlerAdapter.java:991)\r\n\tat org.springframework.web.servlet.mvc.method.annotation.RequestMappingHandlerAdapter.handleInternal(RequestMappingHandlerAdapter.java:896)\r\n\tat org.springframework.web.servlet.mvc.method.AbstractHandlerMethodAdapter.handle(AbstractHandlerMethodAdapter.java:87)\r\n\tat org.springframework.web.servlet.DispatcherServlet.doDispatch(DispatcherServlet.java:1089)\r\n\tat org.springframework.web.servlet.DispatcherServlet.doService(DispatcherServlet.java:979)\r\n\tat org.springframework.web.servlet.FrameworkServlet.processRequest(FrameworkServlet.java:1014)\r\n\tat org.springframework.web.servlet.FrameworkServlet.doPost(FrameworkServlet.java:914)\r\n\tat jakarta.servlet.http.HttpServlet.service(HttpServlet.java:590)\r\n\tat org.springframework.web.servlet.FrameworkServlet.service(FrameworkServlet.java:885)\r\n\tat jakarta.servlet.http.HttpServlet.service(HttpServlet.java:658)\r\n\tat org.apache.catalina.core.ApplicationFilterChain.internalDoFilter(ApplicationFilterChain.java:193)\r\n\tat org.apache.catalina.core.ApplicationFilterChain.doFilter(ApplicationFilterChain.java:138)\r\n\tat org.apache.tomcat.websocket.server.WsFilter.doFilter(WsFilter.java:51)\r\n\tat org.apache.catalina.core.ApplicationFilterChain.internalDoFilter(ApplicationFilterChain.java:162)\r\n\tat org.apache.catalina.core.ApplicationFilterChain.doFilter(ApplicationFilterChain.java:138)\r\n\tat org.springframework.web.filter.RequestContextFilter.doFilterInternal(RequestContextFilter.java:100)\r\n\tat org.springframework.web.filter.OncePerRequestFilter.doFilter(OncePerRequestFilter.java:116)\r\n\tat org.apache.catalina.core.ApplicationFilterChain.internalDoFilter(ApplicationFilterChain.java:162)\r\n\tat org.apache.catalina.core.ApplicationFilterChain.doFilter(ApplicationFilterChain.java:138)\r\n\tat org.springframework.web.filter.FormContentFilter.doFilterInternal(FormContentFilter.java:93)\r\n\tat org.springframework.web.filter.OncePerRequestFilter.doFilter(OncePerRequestFilter.java:116)\r\n\tat org.apache.catalina.core.ApplicationFilterChain.internalDoFilter(ApplicationFilterChain.java:162)\r\n\tat org.apache.catalina.core.ApplicationFilterChain.doFilter(ApplicationFilterChain.java:138)\r\n\tat org.springframework.web.filter.ServerHttpObservationFilter.doFilterInternal(ServerHttpObservationFilter.java:110)\r\n\tat org.springframework.web.filter.OncePerRequestFilter.doFilter(OncePerRequestFilter.java:116)\r\n\tat org.apache.catalina.core.ApplicationFilterChain.internalDoFilter(ApplicationFilterChain.java:162)\r\n\tat org.apache.catalina.core.ApplicationFilterChain.doFilter(ApplicationFilterChain.java:138)\r\n\tat org.springframework.web.filter.CharacterEncodingFilter.doFilterInternal(CharacterEncodingFilter.java:201)\r\n\tat org.springframework.web.filter.OncePerRequestFilter.doFilter(OncePerRequestFilter.java:116)\r\n\tat org.apache.catalina.core.ApplicationFilterChain.internalDoFilter(ApplicationFilterChain.java:162)\r\n\tat org.apache.catalina.core.ApplicationFilterChain.doFilter(ApplicationFilterChain.java:138)\r\n\tat org.apache.catalina.core.StandardWrapperValve.invoke(StandardWrapperValve.java:165)\r\n\tat org.apache.catalina.core.StandardContextValve.invoke(StandardContextValve.java:88)\r\n\tat org.apache.catalina.authenticator.AuthenticatorBase.invoke(AuthenticatorBase.java:482)\r\n\tat org.apache.catalina.core.StandardHostValve.invoke(StandardHostValve.java:113)\r\n\tat org.apache.catalina.valves.ErrorReportValve.invoke(ErrorReportValve.java:83)\r\n\tat org.apache.catalina.core.StandardEngineValve.invoke(StandardEngineValve.java:72)\r\n\tat org.apache.catalina.connector.CoyoteAdapter.service(CoyoteAdapter.java:342)\r\n\tat org.apache.coyote.http11.Http11Processor.service(Http11Processor.java:399)\r\n\tat org.apache.coyote.AbstractProcessorLight.process(AbstractProcessorLight.java:63)\r\n\tat org.apache.coyote.AbstractProtocol$ConnectionHandler.process(AbstractProtocol.java:903)\r\n\tat org.apache.tomcat.util.net.NioEndpoint$SocketProcessor.doRun(NioEndpoint.java:1774)\r\n\tat org.apache.tomcat.util.net.SocketProcessorBase.run(SocketProcessorBase.java:52)\r\n\tat org.apache.tomcat.util.threads.ThreadPoolExecutor.runWorker(ThreadPoolExecutor.java:973)\r\n\tat org.apache.tomcat.util.threads.ThreadPoolExecutor$Worker.run(ThreadPoolExecutor.java:491)\r\n\tat org.apache.tomcat.util.threads.TaskThread$WrappingRunnable.run(TaskThread.java:63)\r\n\tat java.base/java.lang.Thread.run(Thread.java:1583)\r\nCaused by: com.fasterxml.jackson.databind.JsonMappingException: Illegal unquoted character ((CTRL-CHAR, code 10)): has to be escaped using backslash to be included in string value\n at [Source: REDACTED (`StreamReadFeature.INCLUDE_SOURCE_IN_LOCATION` disabled); line: 5, column: 23] (through reference chain: com.phyriak.dto.PaymentRequest[\"paymentType\"])\r\n\tat com.fasterxml.jackson.databind.JsonMappingException.wrapWithPath(JsonMappingException.java:400)\r\n\tat com.fasterxml.jackson.databind.JsonMappingException.wrapWithPath(JsonMappingException.java:359)\r\n\tat com.fasterxml.jackson.databind.deser.BeanDeserializerBase.wrapAndThrow(BeanDeserializerBase.java:1966)\r\n\tat com.fasterxml.jackson.databind.deser.BeanDeserializer._deserializeWithErrorWrapping(BeanDeserializer.java:589)\r\n\tat com.fasterxml.jackson.databind.deser.BeanDeserializer._deserializeUsingPropertyBased(BeanDeserializer.java:440)\r\n\tat com.fasterxml.jackson.databind.deser.BeanDeserializerBase.deserializeFromObjectUsingNonDefault(BeanDeserializerBase.java:1499)\r\n\tat com.fasterxml.jackson.databind.deser.BeanDeserializer.deserializeFromObject(BeanDeserializer.java:340)\r\n\tat com.fasterxml.jackson.databind.deser.BeanDeserializer.deserialize(BeanDeserializer.java:177)\r\n\tat com.fasterxml.jackson.databind.deser.DefaultDeserializationContext.readRootValue(DefaultDeserializationContext.java:342)\r\n\tat com.fasterxml.jackson.databind.ObjectReader._bindAndClose(ObjectReader.java:2130)\r\n\tat com.fasterxml.jackson.databind.ObjectReader.readValue(ObjectReader.java:1500)\r\n\tat org.springframework.http.converter.json.AbstractJackson2HttpMessageConverter.readJavaType(AbstractJackson2HttpMessageConverter.java:397)\r\n\t... 55 common frames omitted\r\nCaused by: com.fasterxml.jackson.core.JsonParseException: Illegal unquoted character ((CTRL-CHAR, code 10)): has to be escaped using backslash to be included in string value\n at [Source: REDACTED (`StreamReadFeature.INCLUDE_SOURCE_IN_LOCATION` disabled); line: 5, column: 23]\r\n\tat com.fasterxml.jackson.core.JsonParser._constructReadException(JsonParser.java:2672)\r\n\tat com.fasterxml.jackson.core.base.ParserBase._throwUnquotedSpace(ParserBase.java:1430)\r\n\tat com.fasterxml.jackson.core.json.UTF8StreamJsonParser._finishString2(UTF8StreamJsonParser.java:2593)\r\n\tat com.fasterxml.jackson.core.json.UTF8StreamJsonParser._finishAndReturnString(UTF8StreamJsonParser.java:2520)\r\n\tat com.fasterxml.jackson.core.json.UTF8StreamJsonParser.getText(UTF8StreamJsonParser.java:294)\r\n\tat com.fasterxml.jackson.databind.deser.std.EnumDeserializer.deserialize(EnumDeserializer.java:272)\r\n\tat com.fasterxml.jackson.databind.deser.SettableBeanProperty.deserialize(SettableBeanProperty.java:543)\r\n\tat com.fasterxml.jackson.databind.deser.BeanDeserializer._deserializeWithErrorWrapping(BeanDeserializer.java:587)\r\n\t... 63 common frames omitted\r\n","traceId":"6ab55ebd2bd19de8553b467d9c18b5e4","spanId":"a74b58530615f1a4"}
{"@timestamp":"2026-05-17T20:22:01.970603+02:00","@version":"1","message":"Session Metrics {\n    0 nanoseconds spent acquiring 0 JDBC connections;\n    0 nanoseconds spent releasing 0 JDBC connections;\n    0 nanoseconds spent preparing 0 JDBC statements;\n    0 nanoseconds spent executing 0 JDBC statements;\n    0 nanoseconds spent executing 0 JDBC batches;\n    0 nanoseconds spent performing 0 L2C puts;\n    0 nanoseconds spent performing 0 L2C hits;\n    0 nanoseconds spent performing 0 L2C misses;\n    0 nanoseconds spent executing 0 flushes (flushing a total of 0 entities and 0 collections);\n    0 nanoseconds spent executing 0 pre-partial-flushes;\n    0 nanoseconds spent executing 0 partial-flushes (flushing a total of 0 entities and 0 collections)\n}","logger_name":"org.hibernate.engine.internal.StatisticalLoggingSessionEventListener","thread_name":"http-nio-8080-exec-10","level":"INFO","level_value":20000,"traceId":"6ab55ebd2bd19de8553b467d9c18b5e4","spanId":"a74b58530615f1a4"}
{"@timestamp":"2026-05-17T20:22:02.9787163+02:00","@version":"1","message":"Unexpected error","logger_name":"com.phyriak.exceptions.ExceptionHandler","thread_name":"http-nio-8080-exec-1","level":"ERROR","level_value":40000,"stack_trace":"org.springframework.http.converter.HttpMessageNotReadableException: JSON parse error: Illegal unquoted character ((CTRL-CHAR, code 10)): has to be escaped using backslash to be included in string value\r\n\tat org.springframework.http.converter.json.AbstractJackson2HttpMessageConverter.readJavaType(AbstractJackson2HttpMessageConverter.java:408)\r\n\tat org.springframework.http.converter.json.AbstractJackson2HttpMessageConverter.read(AbstractJackson2HttpMessageConverter.java:356)\r\n\tat org.springframework.web.servlet.mvc.method.annotation.AbstractMessageConverterMethodArgumentResolver.readWithMessageConverters(AbstractMessageConverterMethodArgumentResolver.java:204)\r\n\tat org.springframework.web.servlet.mvc.method.annotation.RequestResponseBodyMethodProcessor.readWithMessageConverters(RequestResponseBodyMethodProcessor.java:176)\r\n\tat org.springframework.web.servlet.mvc.method.annotation.RequestResponseBodyMethodProcessor.resolveArgument(RequestResponseBodyMethodProcessor.java:150)\r\n\tat org.springframework.web.method.support.HandlerMethodArgumentResolverComposite.resolveArgument(HandlerMethodArgumentResolverComposite.java:122)\r\n\tat org.springframework.web.method.support.InvocableHandlerMethod.getMethodArgumentValues(InvocableHandlerMethod.java:227)\r\n\tat org.springframework.web.method.support.InvocableHandlerMethod.invokeForRequest(InvocableHandlerMethod.java:181)\r\n\tat org.springframework.web.servlet.mvc.method.annotation.ServletInvocableHandlerMethod.invokeAndHandle(ServletInvocableHandlerMethod.java:118)\r\n\tat org.springframework.web.servlet.mvc.method.annotation.RequestMappingHandlerAdapter.invokeHandlerMethod(RequestMappingHandlerAdapter.java:991)\r\n\tat org.springframework.web.servlet.mvc.method.annotation.RequestMappingHandlerAdapter.handleInternal(RequestMappingHandlerAdapter.java:896)\r\n\tat org.springframework.web.servlet.mvc.method.AbstractHandlerMethodAdapter.handle(AbstractHandlerMethodAdapter.java:87)\r\n\tat org.springframework.web.servlet.DispatcherServlet.doDispatch(DispatcherServlet.java:1089)\r\n\tat org.springframework.web.servlet.DispatcherServlet.doService(DispatcherServlet.java:979)\r\n\tat org.springframework.web.servlet.FrameworkServlet.processRequest(FrameworkServlet.java:1014)\r\n\tat org.springframework.web.servlet.FrameworkServlet.doPost(FrameworkServlet.java:914)\r\n\tat jakarta.servlet.http.HttpServlet.service(HttpServlet.java:590)\r\n\tat org.springframework.web.servlet.FrameworkServlet.service(FrameworkServlet.java:885)\r\n\tat jakarta.servlet.http.HttpServlet.service(HttpServlet.java:658)\r\n\tat org.apache.catalina.core.ApplicationFilterChain.internalDoFilter(ApplicationFilterChain.java:193)\r\n\tat org.apache.catalina.core.ApplicationFilterChain.doFilter(ApplicationFilterChain.java:138)\r\n\tat org.apache.tomcat.websocket.server.WsFilter.doFilter(WsFilter.java:51)\r\n\tat org.apache.catalina.core.ApplicationFilterChain.internalDoFilter(ApplicationFilterChain.java:162)\r\n\tat org.apache.catalina.core.ApplicationFilterChain.doFilter(ApplicationFilterChain.java:138)\r\n\tat org.springframework.web.filter.RequestContextFilter.doFilterInternal(RequestContextFilter.java:100)\r\n\tat org.springframework.web.filter.OncePerRequestFilter.doFilter(OncePerRequestFilter.java:116)\r\n\tat org.apache.catalina.core.ApplicationFilterChain.internalDoFilter(ApplicationFilterChain.java:162)\r\n\tat org.apache.catalina.core.ApplicationFilterChain.doFilter(ApplicationFilterChain.java:138)\r\n\tat org.springframework.web.filter.FormContentFilter.doFilterInternal(FormContentFilter.java:93)\r\n\tat org.springframework.web.filter.OncePerRequestFilter.doFilter(OncePerRequestFilter.java:116)\r\n\tat org.apache.catalina.core.ApplicationFilterChain.internalDoFilter(ApplicationFilterChain.java:162)\r\n\tat org.apache.catalina.core.ApplicationFilterChain.doFilter(ApplicationFilterChain.java:138)\r\n\tat org.springframework.web.filter.ServerHttpObservationFilter.doFilterInternal(ServerHttpObservationFilter.java:110)\r\n\tat org.springframework.web.filter.OncePerRequestFilter.doFilter(OncePerRequestFilter.java:116)\r\n\tat org.apache.catalina.core.ApplicationFilterChain.internalDoFilter(ApplicationFilterChain.java:162)\r\n\tat org.apache.catalina.core.ApplicationFilterChain.doFilter(ApplicationFilterChain.java:138)\r\n\tat org.springframework.web.filter.CharacterEncodingFilter.doFilterInternal(CharacterEncodingFilter.java:201)\r\n\tat org.springframework.web.filter.OncePerRequestFilter.doFilter(OncePerRequestFilter.java:116)\r\n\tat org.apache.catalina.core.ApplicationFilterChain.internalDoFilter(ApplicationFilterChain.java:162)\r\n\tat org.apache.catalina.core.ApplicationFilterChain.doFilter(ApplicationFilterChain.java:138)\r\n\tat org.apache.catalina.core.StandardWrapperValve.invoke(StandardWrapperValve.java:165)\r\n\tat org.apache.catalina.core.StandardContextValve.invoke(StandardContextValve.java:88)\r\n\tat org.apache.catalina.authenticator.AuthenticatorBase.invoke(AuthenticatorBase.java:482)\r\n\tat org.apache.catalina.core.StandardHostValve.invoke(StandardHostValve.java:113)\r\n\tat org.apache.catalina.valves.ErrorReportValve.invoke(ErrorReportValve.java:83)\r\n\tat org.apache.catalina.core.StandardEngineValve.invoke(StandardEngineValve.java:72)\r\n\tat org.apache.catalina.connector.CoyoteAdapter.service(CoyoteAdapter.java:342)\r\n\tat org.apache.coyote.http11.Http11Processor.service(Http11Processor.java:399)\r\n\tat org.apache.coyote.AbstractProcessorLight.process(AbstractProcessorLight.java:63)\r\n\tat org.apache.coyote.AbstractProtocol$ConnectionHandler.process(AbstractProtocol.java:903)\r\n\tat org.apache.tomcat.util.net.NioEndpoint$SocketProcessor.doRun(NioEndpoint.java:1774)\r\n\tat org.apache.tomcat.util.net.SocketProcessorBase.run(SocketProcessorBase.java:52)\r\n\tat org.apache.tomcat.util.threads.ThreadPoolExecutor.runWorker(ThreadPoolExecutor.java:973)\r\n\tat org.apache.tomcat.util.threads.ThreadPoolExecutor$Worker.run(ThreadPoolExecutor.java:491)\r\n\tat org.apache.tomcat.util.threads.TaskThread$WrappingRunnable.run(TaskThread.java:63)\r\n\tat java.base/java.lang.Thread.run(Thread.java:1583)\r\nCaused by: com.fasterxml.jackson.databind.JsonMappingException: Illegal unquoted character ((CTRL-CHAR, code 10)): has to be escaped using backslash to be included in string value\n at [Source: REDACTED (`StreamReadFeature.INCLUDE_SOURCE_IN_LOCATION` disabled); line: 5, column: 23] (through reference chain: com.phyriak.dto.PaymentRequest[\"paymentType\"])\r\n\tat com.fasterxml.jackson.databind.JsonMappingException.wrapWithPath(JsonMappingException.java:400)\r\n\tat com.fasterxml.jackson.databind.JsonMappingException.wrapWithPath(JsonMappingException.java:359)\r\n\tat com.fasterxml.jackson.databind.deser.BeanDeserializerBase.wrapAndThrow(BeanDeserializerBase.java:1966)\r\n\tat com.fasterxml.jackson.databind.deser.BeanDeserializer._deserializeWithErrorWrapping(BeanDeserializer.java:589)\r\n\tat com.fasterxml.jackson.databind.deser.BeanDeserializer._deserializeUsingPropertyBased(BeanDeserializer.java:440)\r\n\tat com.fasterxml.jackson.databind.deser.BeanDeserializerBase.deserializeFromObjectUsingNonDefault(BeanDeserializerBase.java:1499)\r\n\tat com.fasterxml.jackson.databind.deser.BeanDeserializer.deserializeFromObject(BeanDeserializer.java:340)\r\n\tat com.fasterxml.jackson.databind.deser.BeanDeserializer.deserialize(BeanDeserializer.java:177)\r\n\tat com.fasterxml.jackson.databind.deser.DefaultDeserializationContext.readRootValue(DefaultDeserializationContext.java:342)\r\n\tat com.fasterxml.jackson.databind.ObjectReader._bindAndClose(ObjectReader.java:2130)\r\n\tat com.fasterxml.jackson.databind.ObjectReader.readValue(ObjectReader.java:1500)\r\n\tat org.springframework.http.converter.json.AbstractJackson2HttpMessageConverter.readJavaType(AbstractJackson2HttpMessageConverter.java:397)\r\n\t... 55 common frames omitted\r\nCaused by: com.fasterxml.jackson.core.JsonParseException: Illegal unquoted character ((CTRL-CHAR, code 10)): has to be escaped using backslash to be included in string value\n at [Source: REDACTED (`StreamReadFeature.INCLUDE_SOURCE_IN_LOCATION` disabled); line: 5, column: 23]\r\n\tat com.fasterxml.jackson.core.JsonParser._constructReadException(JsonParser.java:2672)\r\n\tat com.fasterxml.jackson.core.base.ParserBase._throwUnquotedSpace(ParserBase.java:1430)\r\n\tat com.fasterxml.jackson.core.json.UTF8StreamJsonParser._finishString2(UTF8StreamJsonParser.java:2593)\r\n\tat com.fasterxml.jackson.core.json.UTF8StreamJsonParser._finishAndReturnString(UTF8StreamJsonParser.java:2520)\r\n\tat com.fasterxml.jackson.core.json.UTF8StreamJsonParser.getText(UTF8StreamJsonParser.java:294)\r\n\tat com.fasterxml.jackson.databind.deser.std.EnumDeserializer.deserialize(EnumDeserializer.java:272)\r\n\tat com.fasterxml.jackson.databind.deser.SettableBeanProperty.deserialize(SettableBeanProperty.java:543)\r\n\tat com.fasterxml.jackson.databind.deser.BeanDeserializer._deserializeWithErrorWrapping(BeanDeserializer.java:587)\r\n\t... 63 common frames omitted\r\n","traceId":"2526b9be1c96ebe54420aa2f6add6244","spanId":"098fe6f7156f733f"}
{"@timestamp":"2026-05-17T20:22:02.9808019+02:00","@version":"1","message":"Session Metrics {\n    0 nanoseconds spent acquiring 0 JDBC connections;\n    0 nanoseconds spent releasing 0 JDBC connections;\n    0 nanoseconds spent preparing 0 JDBC statements;\n    0 nanoseconds spent executing 0 JDBC statements;\n    0 nanoseconds spent executing 0 JDBC batches;\n    0 nanoseconds spent performing 0 L2C puts;\n    0 nanoseconds spent performing 0 L2C hits;\n    0 nanoseconds spent performing 0 L2C misses;\n    0 nanoseconds spent executing 0 flushes (flushing a total of 0 entities and 0 collections);\n    0 nanoseconds spent executing 0 pre-partial-flushes;\n    0 nanoseconds spent executing 0 partial-flushes (flushing a total of 0 entities and 0 collections)\n}","logger_name":"org.hibernate.engine.internal.StatisticalLoggingSessionEventListener","thread_name":"http-nio-8080-exec-1","level":"INFO","level_value":20000,"traceId":"2526b9be1c96ebe54420aa2f6add6244","spanId":"098fe6f7156f733f"}
{"@timestamp":"2026-05-17T20:22:03.9629203+02:00","@version":"1","message":"Unexpected error","logger_name":"com.phyriak.exceptions.ExceptionHandler","thread_name":"http-nio-8080-exec-3","level":"ERROR","level_value":40000,"stack_trace":"org.springframework.http.converter.HttpMessageNotReadableException: JSON parse error: Illegal unquoted character ((CTRL-CHAR, code 10)): has to be escaped using backslash to be included in string value\r\n\tat org.springframework.http.converter.json.AbstractJackson2HttpMessageConverter.readJavaType(AbstractJackson2HttpMessageConverter.java:408)\r\n\tat org.springframework.http.converter.json.AbstractJackson2HttpMessageConverter.read(AbstractJackson2HttpMessageConverter.java:356)\r\n\tat org.springframework.web.servlet.mvc.method.annotation.AbstractMessageConverterMethodArgumentResolver.readWithMessageConverters(AbstractMessageConverterMethodArgumentResolver.java:204)\r\n\tat org.springframework.web.servlet.mvc.method.annotation.RequestResponseBodyMethodProcessor.readWithMessageConverters(RequestResponseBodyMethodProcessor.java:176)\r\n\tat org.springframework.web.servlet.mvc.method.annotation.RequestResponseBodyMethodProcessor.resolveArgument(RequestResponseBodyMethodProcessor.java:150)\r\n\tat org.springframework.web.method.support.HandlerMethodArgumentResolverComposite.resolveArgument(HandlerMethodArgumentResolverComposite.java:122)\r\n\tat org.springframework.web.method.support.InvocableHandlerMethod.getMethodArgumentValues(InvocableHandlerMethod.java:227)\r\n\tat org.springframework.web.method.support.InvocableHandlerMethod.invokeForRequest(InvocableHandlerMethod.java:181)\r\n\tat org.springframework.web.servlet.mvc.method.annotation.ServletInvocableHandlerMethod.invokeAndHandle(ServletInvocableHandlerMethod.java:118)\r\n\tat org.springframework.web.servlet.mvc.method.annotation.RequestMappingHandlerAdapter.invokeHandlerMethod(RequestMappingHandlerAdapter.java:991)\r\n\tat org.springframework.web.servlet.mvc.method.annotation.RequestMappingHandlerAdapter.handleInternal(RequestMappingHandlerAdapter.java:896)\r\n\tat org.springframework.web.servlet.mvc.method.AbstractHandlerMethodAdapter.handle(AbstractHandlerMethodAdapter.java:87)\r\n\tat org.springframework.web.servlet.DispatcherServlet.doDispatch(DispatcherServlet.java:1089)\r\n\tat org.springframework.web.servlet.DispatcherServlet.doService(DispatcherServlet.java:979)\r\n\tat org.springframework.web.servlet.FrameworkServlet.processRequest(FrameworkServlet.java:1014)\r\n\tat org.springframework.web.servlet.FrameworkServlet.doPost(FrameworkServlet.java:914)\r\n\tat jakarta.servlet.http.HttpServlet.service(HttpServlet.java:590)\r\n\tat org.springframework.web.servlet.FrameworkServlet.service(FrameworkServlet.java:885)\r\n\tat jakarta.servlet.http.HttpServlet.service(HttpServlet.java:658)\r\n\tat org.apache.catalina.core.ApplicationFilterChain.internalDoFilter(ApplicationFilterChain.java:193)\r\n\tat org.apache.catalina.core.ApplicationFilterChain.doFilter(ApplicationFilterChain.java:138)\r\n\tat org.apache.tomcat.websocket.server.WsFilter.doFilter(WsFilter.java:51)\r\n\tat org.apache.catalina.core.ApplicationFilterChain.internalDoFilter(ApplicationFilterChain.java:162)\r\n\tat org.apache.catalina.core.ApplicationFilterChain.doFilter(ApplicationFilterChain.java:138)\r\n\tat org.springframework.web.filter.RequestContextFilter.doFilterInternal(RequestContextFilter.java:100)\r\n\tat org.springframework.web.filter.OncePerRequestFilter.doFilter(OncePerRequestFilter.java:116)\r\n\tat org.apache.catalina.core.ApplicationFilterChain.internalDoFilter(ApplicationFilterChain.java:162)\r\n\tat org.apache.catalina.core.ApplicationFilterChain.doFilter(ApplicationFilterChain.java:138)\r\n\tat org.springframework.web.filter.FormContentFilter.doFilterInternal(FormContentFilter.java:93)\r\n\tat org.springframework.web.filter.OncePerRequestFilter.doFilter(OncePerRequestFilter.java:116)\r\n\tat org.apache.catalina.core.ApplicationFilterChain.internalDoFilter(ApplicationFilterChain.java:162)\r\n\tat org.apache.catalina.core.ApplicationFilterChain.doFilter(ApplicationFilterChain.java:138)\r\n\tat org.springframework.web.filter.ServerHttpObservationFilter.doFilterInternal(ServerHttpObservationFilter.java:110)\r\n\tat org.springframework.web.filter.OncePerRequestFilter.doFilter(OncePerRequestFilter.java:116)\r\n\tat org.apache.catalina.core.ApplicationFilterChain.internalDoFilter(ApplicationFilterChain.java:162)\r\n\tat org.apache.catalina.core.ApplicationFilterChain.doFilter(ApplicationFilterChain.java:138)\r\n\tat org.springframework.web.filter.CharacterEncodingFilter.doFilterInternal(CharacterEncodingFilter.java:201)\r\n\tat org.springframework.web.filter.OncePerRequestFilter.doFilter(OncePerRequestFilter.java:116)\r\n\tat org.apache.catalina.core.ApplicationFilterChain.internalDoFilter(ApplicationFilterChain.java:162)\r\n\tat org.apache.catalina.core.ApplicationFilterChain.doFilter(ApplicationFilterChain.java:138)\r\n\tat org.apache.catalina.core.StandardWrapperValve.invoke(StandardWrapperValve.java:165)\r\n\tat org.apache.catalina.core.StandardContextValve.invoke(StandardContextValve.java:88)\r\n\tat org.apache.catalina.authenticator.AuthenticatorBase.invoke(AuthenticatorBase.java:482)\r\n\tat org.apache.catalina.core.StandardHostValve.invoke(StandardHostValve.java:113)\r\n\tat org.apache.catalina.valves.ErrorReportValve.invoke(ErrorReportValve.java:83)\r\n\tat org.apache.catalina.core.StandardEngineValve.invoke(StandardEngineValve.java:72)\r\n\tat org.apache.catalina.connector.CoyoteAdapter.service(CoyoteAdapter.java:342)\r\n\tat org.apache.coyote.http11.Http11Processor.service(Http11Processor.java:399)\r\n\tat org.apache.coyote.AbstractProcessorLight.process(AbstractProcessorLight.java:63)\r\n\tat org.apache.coyote.AbstractProtocol$ConnectionHandler.process(AbstractProtocol.java:903)\r\n\tat org.apache.tomcat.util.net.NioEndpoint$SocketProcessor.doRun(NioEndpoint.java:1774)\r\n\tat org.apache.tomcat.util.net.SocketProcessorBase.run(SocketProcessorBase.java:52)\r\n\tat org.apache.tomcat.util.threads.ThreadPoolExecutor.runWorker(ThreadPoolExecutor.java:973)\r\n\tat org.apache.tomcat.util.threads.ThreadPoolExecutor$Worker.run(ThreadPoolExecutor.java:491)\r\n\tat org.apache.tomcat.util.threads.TaskThread$WrappingRunnable.run(TaskThread.java:63)\r\n\tat java.base/java.lang.Thread.run(Thread.java:1583)\r\nCaused by: com.fasterxml.jackson.databind.JsonMappingException: Illegal unquoted character ((CTRL-CHAR, code 10)): has to be escaped using backslash to be included in string value\n at [Source: REDACTED (`StreamReadFeature.INCLUDE_SOURCE_IN_LOCATION` disabled); line: 5, column: 23] (through reference chain: com.phyriak.dto.PaymentRequest[\"paymentType\"])\r\n\tat com.fasterxml.jackson.databind.JsonMappingException.wrapWithPath(JsonMappingException.java:400)\r\n\tat com.fasterxml.jackson.databind.JsonMappingException.wrapWithPath(JsonMappingException.java:359)\r\n\tat com.fasterxml.jackson.databind.deser.BeanDeserializerBase.wrapAndThrow(BeanDeserializerBase.java:1966)\r\n\tat com.fasterxml.jackson.databind.deser.BeanDeserializer._deserializeWithErrorWrapping(BeanDeserializer.java:589)\r\n\tat com.fasterxml.jackson.databind.deser.BeanDeserializer._deserializeUsingPropertyBased(BeanDeserializer.java:440)\r\n\tat com.fasterxml.jackson.databind.deser.BeanDeserializerBase.deserializeFromObjectUsingNonDefault(BeanDeserializerBase.java:1499)\r\n\tat com.fasterxml.jackson.databind.deser.BeanDeserializer.deserializeFromObject(BeanDeserializer.java:340)\r\n\tat com.fasterxml.jackson.databind.deser.BeanDeserializer.deserialize(BeanDeserializer.java:177)\r\n\tat com.fasterxml.jackson.databind.deser.DefaultDeserializationContext.readRootValue(DefaultDeserializationContext.java:342)\r\n\tat com.fasterxml.jackson.databind.ObjectReader._bindAndClose(ObjectReader.java:2130)\r\n\tat com.fasterxml.jackson.databind.ObjectReader.readValue(ObjectReader.java:1500)\r\n\tat org.springframework.http.converter.json.AbstractJackson2HttpMessageConverter.readJavaType(AbstractJackson2HttpMessageConverter.java:397)\r\n\t... 55 common frames omitted\r\nCaused by: com.fasterxml.jackson.core.JsonParseException: Illegal unquoted character ((CTRL-CHAR, code 10)): has to be escaped using backslash to be included in string value\n at [Source: REDACTED (`StreamReadFeature.INCLUDE_SOURCE_IN_LOCATION` disabled); line: 5, column: 23]\r\n\tat com.fasterxml.jackson.core.JsonParser._constructReadException(JsonParser.java:2672)\r\n\tat com.fasterxml.jackson.core.base.ParserBase._throwUnquotedSpace(ParserBase.java:1430)\r\n\tat com.fasterxml.jackson.core.json.UTF8StreamJsonParser._finishString2(UTF8StreamJsonParser.java:2593)\r\n\tat com.fasterxml.jackson.core.json.UTF8StreamJsonParser._finishAndReturnString(UTF8StreamJsonParser.java:2520)\r\n\tat com.fasterxml.jackson.core.json.UTF8StreamJsonParser.getText(UTF8StreamJsonParser.java:294)\r\n\tat com.fasterxml.jackson.databind.deser.std.EnumDeserializer.deserialize(EnumDeserializer.java:272)\r\n\tat com.fasterxml.jackson.databind.deser.SettableBeanProperty.deserialize(SettableBeanProperty.java:543)\r\n\tat com.fasterxml.jackson.databind.deser.BeanDeserializer._deserializeWithErrorWrapping(BeanDeserializer.java:587)\r\n\t... 63 common frames omitted\r\n","traceId":"2dda253f9014e72b5ab6b6c5669f8201","spanId":"28845ebe28dafd39"}
{"@timestamp":"2026-05-17T20:22:03.9639171+02:00","@version":"1","message":"Session Metrics {\n    0 nanoseconds spent acquiring 0 JDBC connections;\n    0 nanoseconds spent releasing 0 JDBC connections;\n    0 nanoseconds spent preparing 0 JDBC statements;\n    0 nanoseconds spent executing 0 JDBC statements;\n    0 nanoseconds spent executing 0 JDBC batches;\n    0 nanoseconds spent performing 0 L2C puts;\n    0 nanoseconds spent performing 0 L2C hits;\n    0 nanoseconds spent performing 0 L2C misses;\n    0 nanoseconds spent executing 0 flushes (flushing a total of 0 entities and 0 collections);\n    0 nanoseconds spent executing 0 pre-partial-flushes;\n    0 nanoseconds spent executing 0 partial-flushes (flushing a total of 0 entities and 0 collections)\n}","logger_name":"org.hibernate.engine.internal.StatisticalLoggingSessionEventListener","thread_name":"http-nio-8080-exec-3","level":"INFO","level_value":20000,"traceId":"2dda253f9014e72b5ab6b6c5669f8201","spanId":"28845ebe28dafd39"}
{"@timestamp":"2026-05-17T20:22:04.780453+02:00","@version":"1","message":"Unexpected error","logger_name":"com.phyriak.exceptions.ExceptionHandler","thread_name":"http-nio-8080-exec-4","level":"ERROR","level_value":40000,"stack_trace":"org.springframework.http.converter.HttpMessageNotReadableException: JSON parse error: Illegal unquoted character ((CTRL-CHAR, code 10)): has to be escaped using backslash to be included in string value\r\n\tat org.springframework.http.converter.json.AbstractJackson2HttpMessageConverter.readJavaType(AbstractJackson2HttpMessageConverter.java:408)\r\n\tat org.springframework.http.converter.json.AbstractJackson2HttpMessageConverter.read(AbstractJackson2HttpMessageConverter.java:356)\r\n\tat org.springframework.web.servlet.mvc.method.annotation.AbstractMessageConverterMethodArgumentResolver.readWithMessageConverters(AbstractMessageConverterMethodArgumentResolver.java:204)\r\n\tat org.springframework.web.servlet.mvc.method.annotation.RequestResponseBodyMethodProcessor.readWithMessageConverters(RequestResponseBodyMethodProcessor.java:176)\r\n\tat org.springframework.web.servlet.mvc.method.annotation.RequestResponseBodyMethodProcessor.resolveArgument(RequestResponseBodyMethodProcessor.java:150)\r\n\tat org.springframework.web.method.support.HandlerMethodArgumentResolverComposite.resolveArgument(HandlerMethodArgumentResolverComposite.java:122)\r\n\tat org.springframework.web.method.support.InvocableHandlerMethod.getMethodArgumentValues(InvocableHandlerMethod.java:227)\r\n\tat org.springframework.web.method.support.InvocableHandlerMethod.invokeForRequest(InvocableHandlerMethod.java:181)\r\n\tat org.springframework.web.servlet.mvc.method.annotation.ServletInvocableHandlerMethod.invokeAndHandle(ServletInvocableHandlerMethod.java:118)\r\n\tat org.springframework.web.servlet.mvc.method.annotation.RequestMappingHandlerAdapter.invokeHandlerMethod(RequestMappingHandlerAdapter.java:991)\r\n\tat org.springframework.web.servlet.mvc.method.annotation.RequestMappingHandlerAdapter.handleInternal(RequestMappingHandlerAdapter.java:896)\r\n\tat org.springframework.web.servlet.mvc.method.AbstractHandlerMethodAdapter.handle(AbstractHandlerMethodAdapter.java:87)\r\n\tat org.springframework.web.servlet.DispatcherServlet.doDispatch(DispatcherServlet.java:1089)\r\n\tat org.springframework.web.servlet.DispatcherServlet.doService(DispatcherServlet.java:979)\r\n\tat org.springframework.web.servlet.FrameworkServlet.processRequest(FrameworkServlet.java:1014)\r\n\tat org.springframework.web.servlet.FrameworkServlet.doPost(FrameworkServlet.java:914)\r\n\tat jakarta.servlet.http.HttpServlet.service(HttpServlet.java:590)\r\n\tat org.springframework.web.servlet.FrameworkServlet.service(FrameworkServlet.java:885)\r\n\tat jakarta.servlet.http.HttpServlet.service(HttpServlet.java:658)\r\n\tat org.apache.catalina.core.ApplicationFilterChain.internalDoFilter(ApplicationFilterChain.java:193)\r\n\tat org.apache.catalina.core.ApplicationFilterChain.doFilter(ApplicationFilterChain.java:138)\r\n\tat org.apache.tomcat.websocket.server.WsFilter.doFilter(WsFilter.java:51)\r\n\tat org.apache.catalina.core.ApplicationFilterChain.internalDoFilter(ApplicationFilterChain.java:162)\r\n\tat org.apache.catalina.core.ApplicationFilterChain.doFilter(ApplicationFilterChain.java:138)\r\n\tat org.springframework.web.filter.RequestContextFilter.doFilterInternal(RequestContextFilter.java:100)\r\n\tat org.springframework.web.filter.OncePerRequestFilter.doFilter(OncePerRequestFilter.java:116)\r\n\tat org.apache.catalina.core.ApplicationFilterChain.internalDoFilter(ApplicationFilterChain.java:162)\r\n\tat org.apache.catalina.core.ApplicationFilterChain.doFilter(ApplicationFilterChain.java:138)\r\n\tat org.springframework.web.filter.FormContentFilter.doFilterInternal(FormContentFilter.java:93)\r\n\tat org.springframework.web.filter.OncePerRequestFilter.doFilter(OncePerRequestFilter.java:116)\r\n\tat org.apache.catalina.core.ApplicationFilterChain.internalDoFilter(ApplicationFilterChain.java:162)\r\n\tat org.apache.catalina.core.ApplicationFilterChain.doFilter(ApplicationFilterChain.java:138)\r\n\tat org.springframework.web.filter.ServerHttpObservationFilter.doFilterInternal(ServerHttpObservationFilter.java:110)\r\n\tat org.springframework.web.filter.OncePerRequestFilter.doFilter(OncePerRequestFilter.java:116)\r\n\tat org.apache.catalina.core.ApplicationFilterChain.internalDoFilter(ApplicationFilterChain.java:162)\r\n\tat org.apache.catalina.core.ApplicationFilterChain.doFilter(ApplicationFilterChain.java:138)\r\n\tat org.springframework.web.filter.CharacterEncodingFilter.doFilterInternal(CharacterEncodingFilter.java:201)\r\n\tat org.springframework.web.filter.OncePerRequestFilter.doFilter(OncePerRequestFilter.java:116)\r\n\tat org.apache.catalina.core.ApplicationFilterChain.internalDoFilter(ApplicationFilterChain.java:162)\r\n\tat org.apache.catalina.core.ApplicationFilterChain.doFilter(ApplicationFilterChain.java:138)\r\n\tat org.apache.catalina.core.StandardWrapperValve.invoke(StandardWrapperValve.java:165)\r\n\tat org.apache.catalina.core.StandardContextValve.invoke(StandardContextValve.java:88)\r\n\tat org.apache.catalina.authenticator.AuthenticatorBase.invoke(AuthenticatorBase.java:482)\r\n\tat org.apache.catalina.core.StandardHostValve.invoke(StandardHostValve.java:113)\r\n\tat org.apache.catalina.valves.ErrorReportValve.invoke(ErrorReportValve.java:83)\r\n\tat org.apache.catalina.core.StandardEngineValve.invoke(StandardEngineValve.java:72)\r\n\tat org.apache.catalina.connector.CoyoteAdapter.service(CoyoteAdapter.java:342)\r\n\tat org.apache.coyote.http11.Http11Processor.service(Http11Processor.java:399)\r\n\tat org.apache.coyote.AbstractProcessorLight.process(AbstractProcessorLight.java:63)\r\n\tat org.apache.coyote.AbstractProtocol$ConnectionHandler.process(AbstractProtocol.java:903)\r\n\tat org.apache.tomcat.util.net.NioEndpoint$SocketProcessor.doRun(NioEndpoint.java:1774)\r\n\tat org.apache.tomcat.util.net.SocketProcessorBase.run(SocketProcessorBase.java:52)\r\n\tat org.apache.tomcat.util.threads.ThreadPoolExecutor.runWorker(ThreadPoolExecutor.java:973)\r\n\tat org.apache.tomcat.util.threads.ThreadPoolExecutor$Worker.run(ThreadPoolExecutor.java:491)\r\n\tat org.apache.tomcat.util.threads.TaskThread$WrappingRunnable.run(TaskThread.java:63)\r\n\tat java.base/java.lang.Thread.run(Thread.java:1583)\r\nCaused by: com.fasterxml.jackson.databind.JsonMappingException: Illegal unquoted character ((CTRL-CHAR, code 10)): has to be escaped using backslash to be included in string value\n at [Source: REDACTED (`StreamReadFeature.INCLUDE_SOURCE_IN_LOCATION` disabled); line: 5, column: 23] (through reference chain: com.phyriak.dto.PaymentRequest[\"paymentType\"])\r\n\tat com.fasterxml.jackson.databind.JsonMappingException.wrapWithPath(JsonMappingException.java:400)\r\n\tat com.fasterxml.jackson.databind.JsonMappingException.wrapWithPath(JsonMappingException.java:359)\r\n\tat com.fasterxml.jackson.databind.deser.BeanDeserializerBase.wrapAndThrow(BeanDeserializerBase.java:1966)\r\n\tat com.fasterxml.jackson.databind.deser.BeanDeserializer._deserializeWithErrorWrapping(BeanDeserializer.java:589)\r\n\tat com.fasterxml.jackson.databind.deser.BeanDeserializer._deserializeUsingPropertyBased(BeanDeserializer.java:440)\r\n\tat com.fasterxml.jackson.databind.deser.BeanDeserializerBase.deserializeFromObjectUsingNonDefault(BeanDeserializerBase.java:1499)\r\n\tat com.fasterxml.jackson.databind.deser.BeanDeserializer.deserializeFromObject(BeanDeserializer.java:340)\r\n\tat com.fasterxml.jackson.databind.deser.BeanDeserializer.deserialize(BeanDeserializer.java:177)\r\n\tat com.fasterxml.jackson.databind.deser.DefaultDeserializationContext.readRootValue(DefaultDeserializationContext.java:342)\r\n\tat com.fasterxml.jackson.databind.ObjectReader._bindAndClose(ObjectReader.java:2130)\r\n\tat com.fasterxml.jackson.databind.ObjectReader.readValue(ObjectReader.java:1500)\r\n\tat org.springframework.http.converter.json.AbstractJackson2HttpMessageConverter.readJavaType(AbstractJackson2HttpMessageConverter.java:397)\r\n\t... 55 common frames omitted\r\nCaused by: com.fasterxml.jackson.core.JsonParseException: Illegal unquoted character ((CTRL-CHAR, code 10)): has to be escaped using backslash to be included in string value\n at [Source: REDACTED (`StreamReadFeature.INCLUDE_SOURCE_IN_LOCATION` disabled); line: 5, column: 23]\r\n\tat com.fasterxml.jackson.core.JsonParser._constructReadException(JsonParser.java:2672)\r\n\tat com.fasterxml.jackson.core.base.ParserBase._throwUnquotedSpace(ParserBase.java:1430)\r\n\tat com.fasterxml.jackson.core.json.UTF8StreamJsonParser._finishString2(UTF8StreamJsonParser.java:2593)\r\n\tat com.fasterxml.jackson.core.json.UTF8StreamJsonParser._finishAndReturnString(UTF8StreamJsonParser.java:2520)\r\n\tat com.fasterxml.jackson.core.json.UTF8StreamJsonParser.getText(UTF8StreamJsonParser.java:294)\r\n\tat com.fasterxml.jackson.databind.deser.std.EnumDeserializer.deserialize(EnumDeserializer.java:272)\r\n\tat com.fasterxml.jackson.databind.deser.SettableBeanProperty.deserialize(SettableBeanProperty.java:543)\r\n\tat com.fasterxml.jackson.databind.deser.BeanDeserializer._deserializeWithErrorWrapping(BeanDeserializer.java:587)\r\n\t... 63 common frames omitted\r\n","traceId":"82bfa4228de8530d552e5fba3866bcb4","spanId":"72d1e423f826c187"}
{"@timestamp":"2026-05-17T20:22:04.7814545+02:00","@version":"1","message":"Session Metrics {\n    0 nanoseconds spent acquiring 0 JDBC connections;\n    0 nanoseconds spent releasing 0 JDBC connections;\n    0 nanoseconds spent preparing 0 JDBC statements;\n    0 nanoseconds spent executing 0 JDBC statements;\n    0 nanoseconds spent executing 0 JDBC batches;\n    0 nanoseconds spent performing 0 L2C puts;\n    0 nanoseconds spent performing 0 L2C hits;\n    0 nanoseconds spent performing 0 L2C misses;\n    0 nanoseconds spent executing 0 flushes (flushing a total of 0 entities and 0 collections);\n    0 nanoseconds spent executing 0 pre-partial-flushes;\n    0 nanoseconds spent executing 0 partial-flushes (flushing a total of 0 entities and 0 collections)\n}","logger_name":"org.hibernate.engine.internal.StatisticalLoggingSessionEventListener","thread_name":"http-nio-8080-exec-4","level":"INFO","level_value":20000,"traceId":"82bfa4228de8530d552e5fba3866bcb4","spanId":"72d1e423f826c187"}
{"@timestamp":"2026-05-17T20:22:05.6181934+02:00","@version":"1","message":"Unexpected error","logger_name":"com.phyriak.exceptions.ExceptionHandler","thread_name":"http-nio-8080-exec-9","level":"ERROR","level_value":40000,"stack_trace":"org.springframework.http.converter.HttpMessageNotReadableException: JSON parse error: Illegal unquoted character ((CTRL-CHAR, code 10)): has to be escaped using backslash to be included in string value\r\n\tat org.springframework.http.converter.json.AbstractJackson2HttpMessageConverter.readJavaType(AbstractJackson2HttpMessageConverter.java:408)\r\n\tat org.springframework.http.converter.json.AbstractJackson2HttpMessageConverter.read(AbstractJackson2HttpMessageConverter.java:356)\r\n\tat org.springframework.web.servlet.mvc.method.annotation.AbstractMessageConverterMethodArgumentResolver.readWithMessageConverters(AbstractMessageConverterMethodArgumentResolver.java:204)\r\n\tat org.springframework.web.servlet.mvc.method.annotation.RequestResponseBodyMethodProcessor.readWithMessageConverters(RequestResponseBodyMethodProcessor.java:176)\r\n\tat org.springframework.web.servlet.mvc.method.annotation.RequestResponseBodyMethodProcessor.resolveArgument(RequestResponseBodyMethodProcessor.java:150)\r\n\tat org.springframework.web.method.support.HandlerMethodArgumentResolverComposite.resolveArgument(HandlerMethodArgumentResolverComposite.java:122)\r\n\tat org.springframework.web.method.support.InvocableHandlerMethod.getMethodArgumentValues(InvocableHandlerMethod.java:227)\r\n\tat org.springframework.web.method.support.InvocableHandlerMethod.invokeForRequest(InvocableHandlerMethod.java:181)\r\n\tat org.springframework.web.servlet.mvc.method.annotation.ServletInvocableHandlerMethod.invokeAndHandle(ServletInvocableHandlerMethod.java:118)\r\n\tat org.springframework.web.servlet.mvc.method.annotation.RequestMappingHandlerAdapter.invokeHandlerMethod(RequestMappingHandlerAdapter.java:991)\r\n\tat org.springframework.web.servlet.mvc.method.annotation.RequestMappingHandlerAdapter.handleInternal(RequestMappingHandlerAdapter.java:896)\r\n\tat org.springframework.web.servlet.mvc.method.AbstractHandlerMethodAdapter.handle(AbstractHandlerMethodAdapter.java:87)\r\n\tat org.springframework.web.servlet.DispatcherServlet.doDispatch(DispatcherServlet.java:1089)\r\n\tat org.springframework.web.servlet.DispatcherServlet.doService(DispatcherServlet.java:979)\r\n\tat org.springframework.web.servlet.FrameworkServlet.processRequest(FrameworkServlet.java:1014)\r\n\tat org.springframework.web.servlet.FrameworkServlet.doPost(FrameworkServlet.java:914)\r\n\tat jakarta.servlet.http.HttpServlet.service(HttpServlet.java:590)\r\n\tat org.springframework.web.servlet.FrameworkServlet.service(FrameworkServlet.java:885)\r\n\tat jakarta.servlet.http.HttpServlet.service(HttpServlet.java:658)\r\n\tat org.apache.catalina.core.ApplicationFilterChain.internalDoFilter(ApplicationFilterChain.java:193)\r\n\tat org.apache.catalina.core.ApplicationFilterChain.doFilter(ApplicationFilterChain.java:138)\r\n\tat org.apache.tomcat.websocket.server.WsFilter.doFilter(WsFilter.java:51)\r\n\tat org.apache.catalina.core.ApplicationFilterChain.internalDoFilter(ApplicationFilterChain.java:162)\r\n\tat org.apache.catalina.core.ApplicationFilterChain.doFilter(ApplicationFilterChain.java:138)\r\n\tat org.springframework.web.filter.RequestContextFilter.doFilterInternal(RequestContextFilter.java:100)\r\n\tat org.springframework.web.filter.OncePerRequestFilter.doFilter(OncePerRequestFilter.java:116)\r\n\tat org.apache.catalina.core.ApplicationFilterChain.internalDoFilter(ApplicationFilterChain.java:162)\r\n\tat org.apache.catalina.core.ApplicationFilterChain.doFilter(ApplicationFilterChain.java:138)\r\n\tat org.springframework.web.filter.FormContentFilter.doFilterInternal(FormContentFilter.java:93)\r\n\tat org.springframework.web.filter.OncePerRequestFilter.doFilter(OncePerRequestFilter.java:116)\r\n\tat org.apache.catalina.core.ApplicationFilterChain.internalDoFilter(ApplicationFilterChain.java:162)\r\n\tat org.apache.catalina.core.ApplicationFilterChain.doFilter(ApplicationFilterChain.java:138)\r\n\tat org.springframework.web.filter.ServerHttpObservationFilter.doFilterInternal(ServerHttpObservationFilter.java:110)\r\n\tat org.springframework.web.filter.OncePerRequestFilter.doFilter(OncePerRequestFilter.java:116)\r\n\tat org.apache.catalina.core.ApplicationFilterChain.internalDoFilter(ApplicationFilterChain.java:162)\r\n\tat org.apache.catalina.core.ApplicationFilterChain.doFilter(ApplicationFilterChain.java:138)\r\n\tat org.springframework.web.filter.CharacterEncodingFilter.doFilterInternal(CharacterEncodingFilter.java:201)\r\n\tat org.springframework.web.filter.OncePerRequestFilter.doFilter(OncePerRequestFilter.java:116)\r\n\tat org.apache.catalina.core.ApplicationFilterChain.internalDoFilter(ApplicationFilterChain.java:162)\r\n\tat org.apache.catalina.core.ApplicationFilterChain.doFilter(ApplicationFilterChain.java:138)\r\n\tat org.apache.catalina.core.StandardWrapperValve.invoke(StandardWrapperValve.java:165)\r\n\tat org.apache.catalina.core.StandardContextValve.invoke(StandardContextValve.java:88)\r\n\tat org.apache.catalina.authenticator.AuthenticatorBase.invoke(AuthenticatorBase.java:482)\r\n\tat org.apache.catalina.core.StandardHostValve.invoke(StandardHostValve.java:113)\r\n\tat org.apache.catalina.valves.ErrorReportValve.invoke(ErrorReportValve.java:83)\r\n\tat org.apache.catalina.core.StandardEngineValve.invoke(StandardEngineValve.java:72)\r\n\tat org.apache.catalina.connector.CoyoteAdapter.service(CoyoteAdapter.java:342)\r\n\tat org.apache.coyote.http11.Http11Processor.service(Http11Processor.java:399)\r\n\tat org.apache.coyote.AbstractProcessorLight.process(AbstractProcessorLight.java:63)\r\n\tat org.apache.coyote.AbstractProtocol$ConnectionHandler.process(AbstractProtocol.java:903)\r\n\tat org.apache.tomcat.util.net.NioEndpoint$SocketProcessor.doRun(NioEndpoint.java:1774)\r\n\tat org.apache.tomcat.util.net.SocketProcessorBase.run(SocketProcessorBase.java:52)\r\n\tat org.apache.tomcat.util.threads.ThreadPoolExecutor.runWorker(ThreadPoolExecutor.java:973)\r\n\tat org.apache.tomcat.util.threads.ThreadPoolExecutor$Worker.run(ThreadPoolExecutor.java:491)\r\n\tat org.apache.tomcat.util.threads.TaskThread$WrappingRunnable.run(TaskThread.java:63)\r\n\tat java.base/java.lang.Thread.run(Thread.java:1583)\r\nCaused by: com.fasterxml.jackson.databind.JsonMappingException: Illegal unquoted character ((CTRL-CHAR, code 10)): has to be escaped using backslash to be included in string value\n at [Source: REDACTED (`StreamReadFeature.INCLUDE_SOURCE_IN_LOCATION` disabled); line: 5, column: 23] (through reference chain: com.phyriak.dto.PaymentRequest[\"paymentType\"])\r\n\tat com.fasterxml.jackson.databind.JsonMappingException.wrapWithPath(JsonMappingException.java:400)\r\n\tat com.fasterxml.jackson.databind.JsonMappingException.wrapWithPath(JsonMappingException.java:359)\r\n\tat com.fasterxml.jackson.databind.deser.BeanDeserializerBase.wrapAndThrow(BeanDeserializerBase.java:1966)\r\n\tat com.fasterxml.jackson.databind.deser.BeanDeserializer._deserializeWithErrorWrapping(BeanDeserializer.java:589)\r\n\tat com.fasterxml.jackson.databind.deser.BeanDeserializer._deserializeUsingPropertyBased(BeanDeserializer.java:440)\r\n\tat com.fasterxml.jackson.databind.deser.BeanDeserializerBase.deserializeFromObjectUsingNonDefault(BeanDeserializerBase.java:1499)\r\n\tat com.fasterxml.jackson.databind.deser.BeanDeserializer.deserializeFromObject(BeanDeserializer.java:340)\r\n\tat com.fasterxml.jackson.databind.deser.BeanDeserializer.deserialize(BeanDeserializer.java:177)\r\n\tat com.fasterxml.jackson.databind.deser.DefaultDeserializationContext.readRootValue(DefaultDeserializationContext.java:342)\r\n\tat com.fasterxml.jackson.databind.ObjectReader._bindAndClose(ObjectReader.java:2130)\r\n\tat com.fasterxml.jackson.databind.ObjectReader.readValue(ObjectReader.java:1500)\r\n\tat org.springframework.http.converter.json.AbstractJackson2HttpMessageConverter.readJavaType(AbstractJackson2HttpMessageConverter.java:397)\r\n\t... 55 common frames omitted\r\nCaused by: com.fasterxml.jackson.core.JsonParseException: Illegal unquoted character ((CTRL-CHAR, code 10)): has to be escaped using backslash to be included in string value\n at [Source: REDACTED (`StreamReadFeature.INCLUDE_SOURCE_IN_LOCATION` disabled); line: 5, column: 23]\r\n\tat com.fasterxml.jackson.core.JsonParser._constructReadException(JsonParser.java:2672)\r\n\tat com.fasterxml.jackson.core.base.ParserBase._throwUnquotedSpace(ParserBase.java:1430)\r\n\tat com.fasterxml.jackson.core.json.UTF8StreamJsonParser._finishString2(UTF8StreamJsonParser.java:2593)\r\n\tat com.fasterxml.jackson.core.json.UTF8StreamJsonParser._finishAndReturnString(UTF8StreamJsonParser.java:2520)\r\n\tat com.fasterxml.jackson.core.json.UTF8StreamJsonParser.getText(UTF8StreamJsonParser.java:294)\r\n\tat com.fasterxml.jackson.databind.deser.std.EnumDeserializer.deserialize(EnumDeserializer.java:272)\r\n\tat com.fasterxml.jackson.databind.deser.SettableBeanProperty.deserialize(SettableBeanProperty.java:543)\r\n\tat com.fasterxml.jackson.databind.deser.BeanDeserializer._deserializeWithErrorWrapping(BeanDeserializer.java:587)\r\n\t... 63 common frames omitted\r\n","traceId":"1a3d7f5ef1fa2d5379c0586dcf7694ed","spanId":"55b8b9fc5aeabeec"}
{"@timestamp":"2026-05-17T20:22:05.6210984+02:00","@version":"1","message":"Session Metrics {\n    0 nanoseconds spent acquiring 0 JDBC connections;\n    0 nanoseconds spent releasing 0 JDBC connections;\n    0 nanoseconds spent preparing 0 JDBC statements;\n    0 nanoseconds spent executing 0 JDBC statements;\n    0 nanoseconds spent executing 0 JDBC batches;\n    0 nanoseconds spent performing 0 L2C puts;\n    0 nanoseconds spent performing 0 L2C hits;\n    0 nanoseconds spent performing 0 L2C misses;\n    0 nanoseconds spent executing 0 flushes (flushing a total of 0 entities and 0 collections);\n    0 nanoseconds spent executing 0 pre-partial-flushes;\n    0 nanoseconds spent executing 0 partial-flushes (flushing a total of 0 entities and 0 collections)\n}","logger_name":"org.hibernate.engine.internal.StatisticalLoggingSessionEventListener","thread_name":"http-nio-8080-exec-9","level":"INFO","level_value":20000,"traceId":"1a3d7f5ef1fa2d5379c0586dcf7694ed","spanId":"55b8b9fc5aeabeec"}
{"@timestamp":"2026-05-17T20:22:14.6335923+02:00","@version":"1","message":"Unexpected error","logger_name":"com.phyriak.exceptions.ExceptionHandler","thread_name":"http-nio-8080-exec-1","level":"ERROR","level_value":40000,"stack_trace":"java.lang.IllegalArgumentException: No enum constant com.phyriak.repository.model.Currency.EURa\r\n\tat java.base/java.lang.Enum.valueOf(Enum.java:293)\r\n\tat com.phyriak.mapper.PaymentMapperImpl.paymentRequestToEntity(PaymentMapperImpl.java:28)\r\n\tat com.phyriak.service.PaymentService.pay(PaymentService.java:48)\r\n\tat java.base/jdk.internal.reflect.DirectMethodHandleAccessor.invoke(DirectMethodHandleAccessor.java:103)\r\n\tat java.base/java.lang.reflect.Method.invoke(Method.java:580)\r\n\tat org.springframework.aop.support.AopUtils.invokeJoinpointUsingReflection(AopUtils.java:360)\r\n\tat org.springframework.aop.framework.ReflectiveMethodInvocation.invokeJoinpoint(ReflectiveMethodInvocation.java:196)\r\n\tat org.springframework.aop.framework.ReflectiveMethodInvocation.proceed(ReflectiveMethodInvocation.java:163)\r\n\tat org.springframework.transaction.interceptor.TransactionAspectSupport.invokeWithinTransaction(TransactionAspectSupport.java:380)\r\n\tat org.springframework.transaction.interceptor.TransactionInterceptor.invoke(TransactionInterceptor.java:119)\r\n\tat org.springframework.aop.framework.ReflectiveMethodInvocation.proceed(ReflectiveMethodInvocation.java:184)\r\n\tat org.springframework.retry.interceptor.RetryOperationsInterceptor$1.doWithRetry(RetryOperationsInterceptor.java:114)\r\n\tat org.springframework.retry.support.RetryTemplate.doExecute(RetryTemplate.java:357)\r\n\tat org.springframework.retry.support.RetryTemplate.execute(RetryTemplate.java:246)\r\n\tat org.springframework.retry.interceptor.RetryOperationsInterceptor.invoke(RetryOperationsInterceptor.java:135)\r\n\tat org.springframework.retry.annotation.AnnotationAwareRetryOperationsInterceptor.invoke(AnnotationAwareRetryOperationsInterceptor.java:162)\r\n\tat org.springframework.aop.framework.ReflectiveMethodInvocation.proceed(ReflectiveMethodInvocation.java:184)\r\n\tat org.springframework.aop.framework.CglibAopProxy$DynamicAdvisedInterceptor.intercept(CglibAopProxy.java:728)\r\n\tat com.phyriak.service.PaymentService$$SpringCGLIB$$0.pay(<generated>)\r\n\tat com.phyriak.controller.PaymentControllerImpl.pay(PaymentControllerImpl.java:46)\r\n\tat java.base/jdk.internal.reflect.DirectMethodHandleAccessor.invoke(DirectMethodHandleAccessor.java:103)\r\n\tat java.base/java.lang.reflect.Method.invoke(Method.java:580)\r\n\tat org.springframework.web.method.support.InvocableHandlerMethod.doInvoke(InvocableHandlerMethod.java:258)\r\n\tat org.springframework.web.method.support.InvocableHandlerMethod.invokeForRequest(InvocableHandlerMethod.java:191)\r\n\tat org.springframework.web.servlet.mvc.method.annotation.ServletInvocableHandlerMethod.invokeAndHandle(ServletInvocableHandlerMethod.java:118)\r\n\tat org.springframework.web.servlet.mvc.method.annotation.RequestMappingHandlerAdapter.invokeHandlerMethod(RequestMappingHandlerAdapter.java:991)\r\n\tat org.springframework.web.servlet.mvc.method.annotation.RequestMappingHandlerAdapter.handleInternal(RequestMappingHandlerAdapter.java:896)\r\n\tat org.springframework.web.servlet.mvc.method.AbstractHandlerMethodAdapter.handle(AbstractHandlerMethodAdapter.java:87)\r\n\tat org.springframework.web.servlet.DispatcherServlet.doDispatch(DispatcherServlet.java:1089)\r\n\tat org.springframework.web.servlet.DispatcherServlet.doService(DispatcherServlet.java:979)\r\n\tat org.springframework.web.servlet.FrameworkServlet.processRequest(FrameworkServlet.java:1014)\r\n\tat org.springframework.web.servlet.FrameworkServlet.doPost(FrameworkServlet.java:914)\r\n\tat jakarta.servlet.http.HttpServlet.service(HttpServlet.java:590)\r\n\tat org.springframework.web.servlet.FrameworkServlet.service(FrameworkServlet.java:885)\r\n\tat jakarta.servlet.http.HttpServlet.service(HttpServlet.java:658)\r\n\tat org.apache.catalina.core.ApplicationFilterChain.internalDoFilter(ApplicationFilterChain.java:193)\r\n\tat org.apache.catalina.core.ApplicationFilterChain.doFilter(ApplicationFilterChain.java:138)\r\n\tat org.apache.tomcat.websocket.server.WsFilter.doFilter(WsFilter.java:51)\r\n\tat org.apache.catalina.core.ApplicationFilterChain.internalDoFilter(ApplicationFilterChain.java:162)\r\n\tat org.apache.catalina.core.ApplicationFilterChain.doFilter(ApplicationFilterChain.java:138)\r\n\tat org.springframework.web.filter.RequestContextFilter.doFilterInternal(RequestContextFilter.java:100)\r\n\tat org.springframework.web.filter.OncePerRequestFilter.doFilter(OncePerRequestFilter.java:116)\r\n\tat org.apache.catalina.core.ApplicationFilterChain.internalDoFilter(ApplicationFilterChain.java:162)\r\n\tat org.apache.catalina.core.ApplicationFilterChain.doFilter(ApplicationFilterChain.java:138)\r\n\tat org.springframework.web.filter.FormContentFilter.doFilterInternal(FormContentFilter.java:93)\r\n\tat org.springframework.web.filter.OncePerRequestFilter.doFilter(OncePerRequestFilter.java:116)\r\n\tat org.apache.catalina.core.ApplicationFilterChain.internalDoFilter(ApplicationFilterChain.java:162)\r\n\tat org.apache.catalina.core.ApplicationFilterChain.doFilter(ApplicationFilterChain.java:138)\r\n\tat org.springframework.web.filter.ServerHttpObservationFilter.doFilterInternal(ServerHttpObservationFilter.java:110)\r\n\tat org.springframework.web.filter.OncePerRequestFilter.doFilter(OncePerRequestFilter.java:116)\r\n\tat org.apache.catalina.core.ApplicationFilterChain.internalDoFilter(ApplicationFilterChain.java:162)\r\n\tat org.apache.catalina.core.ApplicationFilterChain.doFilter(ApplicationFilterChain.java:138)\r\n\tat org.springframework.web.filter.CharacterEncodingFilter.doFilterInternal(CharacterEncodingFilter.java:201)\r\n\tat org.springframework.web.filter.OncePerRequestFilter.doFilter(OncePerRequestFilter.java:116)\r\n\tat org.apache.catalina.core.ApplicationFilterChain.internalDoFilter(ApplicationFilterChain.java:162)\r\n\tat org.apache.catalina.core.ApplicationFilterChain.doFilter(ApplicationFilterChain.java:138)\r\n\tat org.apache.catalina.core.StandardWrapperValve.invoke(StandardWrapperValve.java:165)\r\n\tat org.apache.catalina.core.StandardContextValve.invoke(StandardContextValve.java:88)\r\n\tat org.apache.catalina.authenticator.AuthenticatorBase.invoke(AuthenticatorBase.java:482)\r\n\tat org.apache.catalina.core.StandardHostValve.invoke(StandardHostValve.java:113)\r\n\tat org.apache.catalina.valves.ErrorReportValve.invoke(ErrorReportValve.java:83)\r\n\tat org.apache.catalina.core.StandardEngineValve.invoke(StandardEngineValve.java:72)\r\n\tat org.apache.catalina.connector.CoyoteAdapter.service(CoyoteAdapter.java:342)\r\n\tat org.apache.coyote.http11.Http11Processor.service(Http11Processor.java:399)\r\n\tat org.apache.coyote.AbstractProcessorLight.process(AbstractProcessorLight.java:63)\r\n\tat org.apache.coyote.AbstractProtocol$ConnectionHandler.process(AbstractProtocol.java:903)\r\n\tat org.apache.tomcat.util.net.NioEndpoint$SocketProcessor.doRun(NioEndpoint.java:1774)\r\n\tat org.apache.tomcat.util.net.SocketProcessorBase.run(SocketProcessorBase.java:52)\r\n\tat org.apache.tomcat.util.threads.ThreadPoolExecutor.runWorker(ThreadPoolExecutor.java:973)\r\n\tat org.apache.tomcat.util.threads.ThreadPoolExecutor$Worker.run(ThreadPoolExecutor.java:491)\r\n\tat org.apache.tomcat.util.threads.TaskThread$WrappingRunnable.run(TaskThread.java:63)\r\n\tat java.base/java.lang.Thread.run(Thread.java:1583)\r\n","traceId":"bdac78d2d59cd1db27c80e755fb132df","spanId":"eb552734726f1a8e"}
{"@timestamp":"2026-05-17T20:22:14.6346011+02:00","@version":"1","message":"Session Metrics {\n    62300 nanoseconds spent acquiring 1 JDBC connections;\n    0 nanoseconds spent releasing 0 JDBC connections;\n    0 nanoseconds spent preparing 0 JDBC statements;\n    0 nanoseconds spent executing 0 JDBC statements;\n    0 nanoseconds spent executing 0 JDBC batches;\n    0 nanoseconds spent performing 0 L2C puts;\n    0 nanoseconds spent performing 0 L2C hits;\n    0 nanoseconds spent performing 0 L2C misses;\n    0 nanoseconds spent executing 0 flushes (flushing a total of 0 entities and 0 collections);\n    0 nanoseconds spent executing 0 pre-partial-flushes;\n    0 nanoseconds spent executing 0 partial-flushes (flushing a total of 0 entities and 0 collections)\n}","logger_name":"org.hibernate.engine.internal.StatisticalLoggingSessionEventListener","thread_name":"http-nio-8080-exec-1","level":"INFO","level_value":20000,"traceId":"bdac78d2d59cd1db27c80e755fb132df","spanId":"eb552734726f1a8e"}
{"@timestamp":"2026-05-17T20:22:15.6634748+02:00","@version":"1","message":"Unexpected error","logger_name":"com.phyriak.exceptions.ExceptionHandler","thread_name":"http-nio-8080-exec-6","level":"ERROR","level_value":40000,"stack_trace":"java.lang.IllegalArgumentException: No enum constant com.phyriak.repository.model.Currency.EURa\r\n\tat java.base/java.lang.Enum.valueOf(Enum.java:293)\r\n\tat com.phyriak.mapper.PaymentMapperImpl.paymentRequestToEntity(PaymentMapperImpl.java:28)\r\n\tat com.phyriak.service.PaymentService.pay(PaymentService.java:48)\r\n\tat java.base/jdk.internal.reflect.DirectMethodHandleAccessor.invoke(DirectMethodHandleAccessor.java:103)\r\n\tat java.base/java.lang.reflect.Method.invoke(Method.java:580)\r\n\tat org.springframework.aop.support.AopUtils.invokeJoinpointUsingReflection(AopUtils.java:360)\r\n\tat org.springframework.aop.framework.ReflectiveMethodInvocation.invokeJoinpoint(ReflectiveMethodInvocation.java:196)\r\n\tat org.springframework.aop.framework.ReflectiveMethodInvocation.proceed(ReflectiveMethodInvocation.java:163)\r\n\tat org.springframework.transaction.interceptor.TransactionAspectSupport.invokeWithinTransaction(TransactionAspectSupport.java:380)\r\n\tat org.springframework.transaction.interceptor.TransactionInterceptor.invoke(TransactionInterceptor.java:119)\r\n\tat org.springframework.aop.framework.ReflectiveMethodInvocation.proceed(ReflectiveMethodInvocation.java:184)\r\n\tat org.springframework.retry.interceptor.RetryOperationsInterceptor$1.doWithRetry(RetryOperationsInterceptor.java:114)\r\n\tat org.springframework.retry.support.RetryTemplate.doExecute(RetryTemplate.java:357)\r\n\tat org.springframework.retry.support.RetryTemplate.execute(RetryTemplate.java:246)\r\n\tat org.springframework.retry.interceptor.RetryOperationsInterceptor.invoke(RetryOperationsInterceptor.java:135)\r\n\tat org.springframework.retry.annotation.AnnotationAwareRetryOperationsInterceptor.invoke(AnnotationAwareRetryOperationsInterceptor.java:162)\r\n\tat org.springframework.aop.framework.ReflectiveMethodInvocation.proceed(ReflectiveMethodInvocation.java:184)\r\n\tat org.springframework.aop.framework.CglibAopProxy$DynamicAdvisedInterceptor.intercept(CglibAopProxy.java:728)\r\n\tat com.phyriak.service.PaymentService$$SpringCGLIB$$0.pay(<generated>)\r\n\tat com.phyriak.controller.PaymentControllerImpl.pay(PaymentControllerImpl.java:46)\r\n\tat java.base/jdk.internal.reflect.DirectMethodHandleAccessor.invoke(DirectMethodHandleAccessor.java:103)\r\n\tat java.base/java.lang.reflect.Method.invoke(Method.java:580)\r\n\tat org.springframework.web.method.support.InvocableHandlerMethod.doInvoke(InvocableHandlerMethod.java:258)\r\n\tat org.springframework.web.method.support.InvocableHandlerMethod.invokeForRequest(InvocableHandlerMethod.java:191)\r\n\tat org.springframework.web.servlet.mvc.method.annotation.ServletInvocableHandlerMethod.invokeAndHandle(ServletInvocableHandlerMethod.java:118)\r\n\tat org.springframework.web.servlet.mvc.method.annotation.RequestMappingHandlerAdapter.invokeHandlerMethod(RequestMappingHandlerAdapter.java:991)\r\n\tat org.springframework.web.servlet.mvc.method.annotation.RequestMappingHandlerAdapter.handleInternal(RequestMappingHandlerAdapter.java:896)\r\n\tat org.springframework.web.servlet.mvc.method.AbstractHandlerMethodAdapter.handle(AbstractHandlerMethodAdapter.java:87)\r\n\tat org.springframework.web.servlet.DispatcherServlet.doDispatch(DispatcherServlet.java:1089)\r\n\tat org.springframework.web.servlet.DispatcherServlet.doService(DispatcherServlet.java:979)\r\n\tat org.springframework.web.servlet.FrameworkServlet.processRequest(FrameworkServlet.java:1014)\r\n\tat org.springframework.web.servlet.FrameworkServlet.doPost(FrameworkServlet.java:914)\r\n\tat jakarta.servlet.http.HttpServlet.service(HttpServlet.java:590)\r\n\tat org.springframework.web.servlet.FrameworkServlet.service(FrameworkServlet.java:885)\r\n\tat jakarta.servlet.http.HttpServlet.service(HttpServlet.java:658)\r\n\tat org.apache.catalina.core.ApplicationFilterChain.internalDoFilter(ApplicationFilterChain.java:193)\r\n\tat org.apache.catalina.core.ApplicationFilterChain.doFilter(ApplicationFilterChain.java:138)\r\n\tat org.apache.tomcat.websocket.server.WsFilter.doFilter(WsFilter.java:51)\r\n\tat org.apache.catalina.core.ApplicationFilterChain.internalDoFilter(ApplicationFilterChain.java:162)\r\n\tat org.apache.catalina.core.ApplicationFilterChain.doFilter(ApplicationFilterChain.java:138)\r\n\tat org.springframework.web.filter.RequestContextFilter.doFilterInternal(RequestContextFilter.java:100)\r\n\tat org.springframework.web.filter.OncePerRequestFilter.doFilter(OncePerRequestFilter.java:116)\r\n\tat org.apache.catalina.core.ApplicationFilterChain.internalDoFilter(ApplicationFilterChain.java:162)\r\n\tat org.apache.catalina.core.ApplicationFilterChain.doFilter(ApplicationFilterChain.java:138)\r\n\tat org.springframework.web.filter.FormContentFilter.doFilterInternal(FormContentFilter.java:93)\r\n\tat org.springframework.web.filter.OncePerRequestFilter.doFilter(OncePerRequestFilter.java:116)\r\n\tat org.apache.catalina.core.ApplicationFilterChain.internalDoFilter(ApplicationFilterChain.java:162)\r\n\tat org.apache.catalina.core.ApplicationFilterChain.doFilter(ApplicationFilterChain.java:138)\r\n\tat org.springframework.web.filter.ServerHttpObservationFilter.doFilterInternal(ServerHttpObservationFilter.java:110)\r\n\tat org.springframework.web.filter.OncePerRequestFilter.doFilter(OncePerRequestFilter.java:116)\r\n\tat org.apache.catalina.core.ApplicationFilterChain.internalDoFilter(ApplicationFilterChain.java:162)\r\n\tat org.apache.catalina.core.ApplicationFilterChain.doFilter(ApplicationFilterChain.java:138)\r\n\tat org.springframework.web.filter.CharacterEncodingFilter.doFilterInternal(CharacterEncodingFilter.java:201)\r\n\tat org.springframework.web.filter.OncePerRequestFilter.doFilter(OncePerRequestFilter.java:116)\r\n\tat org.apache.catalina.core.ApplicationFilterChain.internalDoFilter(ApplicationFilterChain.java:162)\r\n\tat org.apache.catalina.core.ApplicationFilterChain.doFilter(ApplicationFilterChain.java:138)\r\n\tat org.apache.catalina.core.StandardWrapperValve.invoke(StandardWrapperValve.java:165)\r\n\tat org.apache.catalina.core.StandardContextValve.invoke(StandardContextValve.java:88)\r\n\tat org.apache.catalina.authenticator.AuthenticatorBase.invoke(AuthenticatorBase.java:482)\r\n\tat org.apache.catalina.core.StandardHostValve.invoke(StandardHostValve.java:113)\r\n\tat org.apache.catalina.valves.ErrorReportValve.invoke(ErrorReportValve.java:83)\r\n\tat org.apache.catalina.core.StandardEngineValve.invoke(StandardEngineValve.java:72)\r\n\tat org.apache.catalina.connector.CoyoteAdapter.service(CoyoteAdapter.java:342)\r\n\tat org.apache.coyote.http11.Http11Processor.service(Http11Processor.java:399)\r\n\tat org.apache.coyote.AbstractProcessorLight.process(AbstractProcessorLight.java:63)\r\n\tat org.apache.coyote.AbstractProtocol$ConnectionHandler.process(AbstractProtocol.java:903)\r\n\tat org.apache.tomcat.util.net.NioEndpoint$SocketProcessor.doRun(NioEndpoint.java:1774)\r\n\tat org.apache.tomcat.util.net.SocketProcessorBase.run(SocketProcessorBase.java:52)\r\n\tat org.apache.tomcat.util.threads.ThreadPoolExecutor.runWorker(ThreadPoolExecutor.java:973)\r\n\tat org.apache.tomcat.util.threads.ThreadPoolExecutor$Worker.run(ThreadPoolExecutor.java:491)\r\n\tat org.apache.tomcat.util.threads.TaskThread$WrappingRunnable.run(TaskThread.java:63)\r\n\tat java.base/java.lang.Thread.run(Thread.java:1583)\r\n","traceId":"6d6c31dbb05ee86d1fe59a92b43a7403","spanId":"a0eca60ea81d879f"}
{"@timestamp":"2026-05-17T20:22:15.6644747+02:00","@version":"1","message":"Session Metrics {\n    24000 nanoseconds spent acquiring 1 JDBC connections;\n    0 nanoseconds spent releasing 0 JDBC connections;\n    0 nanoseconds spent preparing 0 JDBC statements;\n    0 nanoseconds spent executing 0 JDBC statements;\n    0 nanoseconds spent executing 0 JDBC batches;\n    0 nanoseconds spent performing 0 L2C puts;\n    0 nanoseconds spent performing 0 L2C hits;\n    0 nanoseconds spent performing 0 L2C misses;\n    0 nanoseconds spent executing 0 flushes (flushing a total of 0 entities and 0 collections);\n    0 nanoseconds spent executing 0 pre-partial-flushes;\n    0 nanoseconds spent executing 0 partial-flushes (flushing a total of 0 entities and 0 collections)\n}","logger_name":"org.hibernate.engine.internal.StatisticalLoggingSessionEventListener","thread_name":"http-nio-8080-exec-6","level":"INFO","level_value":20000,"traceId":"6d6c31dbb05ee86d1fe59a92b43a7403","spanId":"a0eca60ea81d879f"}
{"@timestamp":"2026-05-17T20:22:16.697415+02:00","@version":"1","message":"Unexpected error","logger_name":"com.phyriak.exceptions.ExceptionHandler","thread_name":"http-nio-8080-exec-5","level":"ERROR","level_value":40000,"stack_trace":"java.lang.IllegalArgumentException: No enum constant com.phyriak.repository.model.Currency.EURa\r\n\tat java.base/java.lang.Enum.valueOf(Enum.java:293)\r\n\tat com.phyriak.mapper.PaymentMapperImpl.paymentRequestToEntity(PaymentMapperImpl.java:28)\r\n\tat com.phyriak.service.PaymentService.pay(PaymentService.java:48)\r\n\tat java.base/jdk.internal.reflect.DirectMethodHandleAccessor.invoke(DirectMethodHandleAccessor.java:103)\r\n\tat java.base/java.lang.reflect.Method.invoke(Method.java:580)\r\n\tat org.springframework.aop.support.AopUtils.invokeJoinpointUsingReflection(AopUtils.java:360)\r\n\tat org.springframework.aop.framework.ReflectiveMethodInvocation.invokeJoinpoint(ReflectiveMethodInvocation.java:196)\r\n\tat org.springframework.aop.framework.ReflectiveMethodInvocation.proceed(ReflectiveMethodInvocation.java:163)\r\n\tat org.springframework.transaction.interceptor.TransactionAspectSupport.invokeWithinTransaction(TransactionAspectSupport.java:380)\r\n\tat org.springframework.transaction.interceptor.TransactionInterceptor.invoke(TransactionInterceptor.java:119)\r\n\tat org.springframework.aop.framework.ReflectiveMethodInvocation.proceed(ReflectiveMethodInvocation.java:184)\r\n\tat org.springframework.retry.interceptor.RetryOperationsInterceptor$1.doWithRetry(RetryOperationsInterceptor.java:114)\r\n\tat org.springframework.retry.support.RetryTemplate.doExecute(RetryTemplate.java:357)\r\n\tat org.springframework.retry.support.RetryTemplate.execute(RetryTemplate.java:246)\r\n\tat org.springframework.retry.interceptor.RetryOperationsInterceptor.invoke(RetryOperationsInterceptor.java:135)\r\n\tat org.springframework.retry.annotation.AnnotationAwareRetryOperationsInterceptor.invoke(AnnotationAwareRetryOperationsInterceptor.java:162)\r\n\tat org.springframework.aop.framework.ReflectiveMethodInvocation.proceed(ReflectiveMethodInvocation.java:184)\r\n\tat org.springframework.aop.framework.CglibAopProxy$DynamicAdvisedInterceptor.intercept(CglibAopProxy.java:728)\r\n\tat com.phyriak.service.PaymentService$$SpringCGLIB$$0.pay(<generated>)\r\n\tat com.phyriak.controller.PaymentControllerImpl.pay(PaymentControllerImpl.java:46)\r\n\tat java.base/jdk.internal.reflect.DirectMethodHandleAccessor.invoke(DirectMethodHandleAccessor.java:103)\r\n\tat java.base/java.lang.reflect.Method.invoke(Method.java:580)\r\n\tat org.springframework.web.method.support.InvocableHandlerMethod.doInvoke(InvocableHandlerMethod.java:258)\r\n\tat org.springframework.web.method.support.InvocableHandlerMethod.invokeForRequest(InvocableHandlerMethod.java:191)\r\n\tat org.springframework.web.servlet.mvc.method.annotation.ServletInvocableHandlerMethod.invokeAndHandle(ServletInvocableHandlerMethod.java:118)\r\n\tat org.springframework.web.servlet.mvc.method.annotation.RequestMappingHandlerAdapter.invokeHandlerMethod(RequestMappingHandlerAdapter.java:991)\r\n\tat org.springframework.web.servlet.mvc.method.annotation.RequestMappingHandlerAdapter.handleInternal(RequestMappingHandlerAdapter.java:896)\r\n\tat org.springframework.web.servlet.mvc.method.AbstractHandlerMethodAdapter.handle(AbstractHandlerMethodAdapter.java:87)\r\n\tat org.springframework.web.servlet.DispatcherServlet.doDispatch(DispatcherServlet.java:1089)\r\n\tat org.springframework.web.servlet.DispatcherServlet.doService(DispatcherServlet.java:979)\r\n\tat org.springframework.web.servlet.FrameworkServlet.processRequest(FrameworkServlet.java:1014)\r\n\tat org.springframework.web.servlet.FrameworkServlet.doPost(FrameworkServlet.java:914)\r\n\tat jakarta.servlet.http.HttpServlet.service(HttpServlet.java:590)\r\n\tat org.springframework.web.servlet.FrameworkServlet.service(FrameworkServlet.java:885)\r\n\tat jakarta.servlet.http.HttpServlet.service(HttpServlet.java:658)\r\n\tat org.apache.catalina.core.ApplicationFilterChain.internalDoFilter(ApplicationFilterChain.java:193)\r\n\tat org.apache.catalina.core.ApplicationFilterChain.doFilter(ApplicationFilterChain.java:138)\r\n\tat org.apache.tomcat.websocket.server.WsFilter.doFilter(WsFilter.java:51)\r\n\tat org.apache.catalina.core.ApplicationFilterChain.internalDoFilter(ApplicationFilterChain.java:162)\r\n\tat org.apache.catalina.core.ApplicationFilterChain.doFilter(ApplicationFilterChain.java:138)\r\n\tat org.springframework.web.filter.RequestContextFilter.doFilterInternal(RequestContextFilter.java:100)\r\n\tat org.springframework.web.filter.OncePerRequestFilter.doFilter(OncePerRequestFilter.java:116)\r\n\tat org.apache.catalina.core.ApplicationFilterChain.internalDoFilter(ApplicationFilterChain.java:162)\r\n\tat org.apache.catalina.core.ApplicationFilterChain.doFilter(ApplicationFilterChain.java:138)\r\n\tat org.springframework.web.filter.FormContentFilter.doFilterInternal(FormContentFilter.java:93)\r\n\tat org.springframework.web.filter.OncePerRequestFilter.doFilter(OncePerRequestFilter.java:116)\r\n\tat org.apache.catalina.core.ApplicationFilterChain.internalDoFilter(ApplicationFilterChain.java:162)\r\n\tat org.apache.catalina.core.ApplicationFilterChain.doFilter(ApplicationFilterChain.java:138)\r\n\tat org.springframework.web.filter.ServerHttpObservationFilter.doFilterInternal(ServerHttpObservationFilter.java:110)\r\n\tat org.springframework.web.filter.OncePerRequestFilter.doFilter(OncePerRequestFilter.java:116)\r\n\tat org.apache.catalina.core.ApplicationFilterChain.internalDoFilter(ApplicationFilterChain.java:162)\r\n\tat org.apache.catalina.core.ApplicationFilterChain.doFilter(ApplicationFilterChain.java:138)\r\n\tat org.springframework.web.filter.CharacterEncodingFilter.doFilterInternal(CharacterEncodingFilter.java:201)\r\n\tat org.springframework.web.filter.OncePerRequestFilter.doFilter(OncePerRequestFilter.java:116)\r\n\tat org.apache.catalina.core.ApplicationFilterChain.internalDoFilter(ApplicationFilterChain.java:162)\r\n\tat org.apache.catalina.core.ApplicationFilterChain.doFilter(ApplicationFilterChain.java:138)\r\n\tat org.apache.catalina.core.StandardWrapperValve.invoke(StandardWrapperValve.java:165)\r\n\tat org.apache.catalina.core.StandardContextValve.invoke(StandardContextValve.java:88)\r\n\tat org.apache.catalina.authenticator.AuthenticatorBase.invoke(AuthenticatorBase.java:482)\r\n\tat org.apache.catalina.core.StandardHostValve.invoke(StandardHostValve.java:113)\r\n\tat org.apache.catalina.valves.ErrorReportValve.invoke(ErrorReportValve.java:83)\r\n\tat org.apache.catalina.core.StandardEngineValve.invoke(StandardEngineValve.java:72)\r\n\tat org.apache.catalina.connector.CoyoteAdapter.service(CoyoteAdapter.java:342)\r\n\tat org.apache.coyote.http11.Http11Processor.service(Http11Processor.java:399)\r\n\tat org.apache.coyote.AbstractProcessorLight.process(AbstractProcessorLight.java:63)\r\n\tat org.apache.coyote.AbstractProtocol$ConnectionHandler.process(AbstractProtocol.java:903)\r\n\tat org.apache.tomcat.util.net.NioEndpoint$SocketProcessor.doRun(NioEndpoint.java:1774)\r\n\tat org.apache.tomcat.util.net.SocketProcessorBase.run(SocketProcessorBase.java:52)\r\n\tat org.apache.tomcat.util.threads.ThreadPoolExecutor.runWorker(ThreadPoolExecutor.java:973)\r\n\tat org.apache.tomcat.util.threads.ThreadPoolExecutor$Worker.run(ThreadPoolExecutor.java:491)\r\n\tat org.apache.tomcat.util.threads.TaskThread$WrappingRunnable.run(TaskThread.java:63)\r\n\tat java.base/java.lang.Thread.run(Thread.java:1583)\r\n","traceId":"a84c9bae71edc0550e076587259c5d4e","spanId":"9ea8817bd395eb1a"}
{"@timestamp":"2026-05-17T20:22:16.6994378+02:00","@version":"1","message":"Session Metrics {\n    20200 nanoseconds spent acquiring 1 JDBC connections;\n    0 nanoseconds spent releasing 0 JDBC connections;\n    0 nanoseconds spent preparing 0 JDBC statements;\n    0 nanoseconds spent executing 0 JDBC statements;\n    0 nanoseconds spent executing 0 JDBC batches;\n    0 nanoseconds spent performing 0 L2C puts;\n    0 nanoseconds spent performing 0 L2C hits;\n    0 nanoseconds spent performing 0 L2C misses;\n    0 nanoseconds spent executing 0 flushes (flushing a total of 0 entities and 0 collections);\n    0 nanoseconds spent executing 0 pre-partial-flushes;\n    0 nanoseconds spent executing 0 partial-flushes (flushing a total of 0 entities and 0 collections)\n}","logger_name":"org.hibernate.engine.internal.StatisticalLoggingSessionEventListener","thread_name":"http-nio-8080-exec-5","level":"INFO","level_value":20000,"traceId":"a84c9bae71edc0550e076587259c5d4e","spanId":"9ea8817bd395eb1a"}
{"@timestamp":"2026-05-17T20:22:17.4957655+02:00","@version":"1","message":"Unexpected error","logger_name":"com.phyriak.exceptions.ExceptionHandler","thread_name":"http-nio-8080-exec-9","level":"ERROR","level_value":40000,"stack_trace":"java.lang.IllegalArgumentException: No enum constant com.phyriak.repository.model.Currency.EURa\r\n\tat java.base/java.lang.Enum.valueOf(Enum.java:293)\r\n\tat com.phyriak.mapper.PaymentMapperImpl.paymentRequestToEntity(PaymentMapperImpl.java:28)\r\n\tat com.phyriak.service.PaymentService.pay(PaymentService.java:48)\r\n\tat java.base/jdk.internal.reflect.DirectMethodHandleAccessor.invoke(DirectMethodHandleAccessor.java:103)\r\n\tat java.base/java.lang.reflect.Method.invoke(Method.java:580)\r\n\tat org.springframework.aop.support.AopUtils.invokeJoinpointUsingReflection(AopUtils.java:360)\r\n\tat org.springframework.aop.framework.ReflectiveMethodInvocation.invokeJoinpoint(ReflectiveMethodInvocation.java:196)\r\n\tat org.springframework.aop.framework.ReflectiveMethodInvocation.proceed(ReflectiveMethodInvocation.java:163)\r\n\tat org.springframework.transaction.interceptor.TransactionAspectSupport.invokeWithinTransaction(TransactionAspectSupport.java:380)\r\n\tat org.springframework.transaction.interceptor.TransactionInterceptor.invoke(TransactionInterceptor.java:119)\r\n\tat org.springframework.aop.framework.ReflectiveMethodInvocation.proceed(ReflectiveMethodInvocation.java:184)\r\n\tat org.springframework.retry.interceptor.RetryOperationsInterceptor$1.doWithRetry(RetryOperationsInterceptor.java:114)\r\n\tat org.springframework.retry.support.RetryTemplate.doExecute(RetryTemplate.java:357)\r\n\tat org.springframework.retry.support.RetryTemplate.execute(RetryTemplate.java:246)\r\n\tat org.springframework.retry.interceptor.RetryOperationsInterceptor.invoke(RetryOperationsInterceptor.java:135)\r\n\tat org.springframework.retry.annotation.AnnotationAwareRetryOperationsInterceptor.invoke(AnnotationAwareRetryOperationsInterceptor.java:162)\r\n\tat org.springframework.aop.framework.ReflectiveMethodInvocation.proceed(ReflectiveMethodInvocation.java:184)\r\n\tat org.springframework.aop.framework.CglibAopProxy$DynamicAdvisedInterceptor.intercept(CglibAopProxy.java:728)\r\n\tat com.phyriak.service.PaymentService$$SpringCGLIB$$0.pay(<generated>)\r\n\tat com.phyriak.controller.PaymentControllerImpl.pay(PaymentControllerImpl.java:46)\r\n\tat java.base/jdk.internal.reflect.DirectMethodHandleAccessor.invoke(DirectMethodHandleAccessor.java:103)\r\n\tat java.base/java.lang.reflect.Method.invoke(Method.java:580)\r\n\tat org.springframework.web.method.support.InvocableHandlerMethod.doInvoke(InvocableHandlerMethod.java:258)\r\n\tat org.springframework.web.method.support.InvocableHandlerMethod.invokeForRequest(InvocableHandlerMethod.java:191)\r\n\tat org.springframework.web.servlet.mvc.method.annotation.ServletInvocableHandlerMethod.invokeAndHandle(ServletInvocableHandlerMethod.java:118)\r\n\tat org.springframework.web.servlet.mvc.method.annotation.RequestMappingHandlerAdapter.invokeHandlerMethod(RequestMappingHandlerAdapter.java:991)\r\n\tat org.springframework.web.servlet.mvc.method.annotation.RequestMappingHandlerAdapter.handleInternal(RequestMappingHandlerAdapter.java:896)\r\n\tat org.springframework.web.servlet.mvc.method.AbstractHandlerMethodAdapter.handle(AbstractHandlerMethodAdapter.java:87)\r\n\tat org.springframework.web.servlet.DispatcherServlet.doDispatch(DispatcherServlet.java:1089)\r\n\tat org.springframework.web.servlet.DispatcherServlet.doService(DispatcherServlet.java:979)\r\n\tat org.springframework.web.servlet.FrameworkServlet.processRequest(FrameworkServlet.java:1014)\r\n\tat org.springframework.web.servlet.FrameworkServlet.doPost(FrameworkServlet.java:914)\r\n\tat jakarta.servlet.http.HttpServlet.service(HttpServlet.java:590)\r\n\tat org.springframework.web.servlet.FrameworkServlet.service(FrameworkServlet.java:885)\r\n\tat jakarta.servlet.http.HttpServlet.service(HttpServlet.java:658)\r\n\tat org.apache.catalina.core.ApplicationFilterChain.internalDoFilter(ApplicationFilterChain.java:193)\r\n\tat org.apache.catalina.core.ApplicationFilterChain.doFilter(ApplicationFilterChain.java:138)\r\n\tat org.apache.tomcat.websocket.server.WsFilter.doFilter(WsFilter.java:51)\r\n\tat org.apache.catalina.core.ApplicationFilterChain.internalDoFilter(ApplicationFilterChain.java:162)\r\n\tat org.apache.catalina.core.ApplicationFilterChain.doFilter(ApplicationFilterChain.java:138)\r\n\tat org.springframework.web.filter.RequestContextFilter.doFilterInternal(RequestContextFilter.java:100)\r\n\tat org.springframework.web.filter.OncePerRequestFilter.doFilter(OncePerRequestFilter.java:116)\r\n\tat org.apache.catalina.core.ApplicationFilterChain.internalDoFilter(ApplicationFilterChain.java:162)\r\n\tat org.apache.catalina.core.ApplicationFilterChain.doFilter(ApplicationFilterChain.java:138)\r\n\tat org.springframework.web.filter.FormContentFilter.doFilterInternal(FormContentFilter.java:93)\r\n\tat org.springframework.web.filter.OncePerRequestFilter.doFilter(OncePerRequestFilter.java:116)\r\n\tat org.apache.catalina.core.ApplicationFilterChain.internalDoFilter(ApplicationFilterChain.java:162)\r\n\tat org.apache.catalina.core.ApplicationFilterChain.doFilter(ApplicationFilterChain.java:138)\r\n\tat org.springframework.web.filter.ServerHttpObservationFilter.doFilterInternal(ServerHttpObservationFilter.java:110)\r\n\tat org.springframework.web.filter.OncePerRequestFilter.doFilter(OncePerRequestFilter.java:116)\r\n\tat org.apache.catalina.core.ApplicationFilterChain.internalDoFilter(ApplicationFilterChain.java:162)\r\n\tat org.apache.catalina.core.ApplicationFilterChain.doFilter(ApplicationFilterChain.java:138)\r\n\tat org.springframework.web.filter.CharacterEncodingFilter.doFilterInternal(CharacterEncodingFilter.java:201)\r\n\tat org.springframework.web.filter.OncePerRequestFilter.doFilter(OncePerRequestFilter.java:116)\r\n\tat org.apache.catalina.core.ApplicationFilterChain.internalDoFilter(ApplicationFilterChain.java:162)\r\n\tat org.apache.catalina.core.ApplicationFilterChain.doFilter(ApplicationFilterChain.java:138)\r\n\tat org.apache.catalina.core.StandardWrapperValve.invoke(StandardWrapperValve.java:165)\r\n\tat org.apache.catalina.core.StandardContextValve.invoke(StandardContextValve.java:88)\r\n\tat org.apache.catalina.authenticator.AuthenticatorBase.invoke(AuthenticatorBase.java:482)\r\n\tat org.apache.catalina.core.StandardHostValve.invoke(StandardHostValve.java:113)\r\n\tat org.apache.catalina.valves.ErrorReportValve.invoke(ErrorReportValve.java:83)\r\n\tat org.apache.catalina.core.StandardEngineValve.invoke(StandardEngineValve.java:72)\r\n\tat org.apache.catalina.connector.CoyoteAdapter.service(CoyoteAdapter.java:342)\r\n\tat org.apache.coyote.http11.Http11Processor.service(Http11Processor.java:399)\r\n\tat org.apache.coyote.AbstractProcessorLight.process(AbstractProcessorLight.java:63)\r\n\tat org.apache.coyote.AbstractProtocol$ConnectionHandler.process(AbstractProtocol.java:903)\r\n\tat org.apache.tomcat.util.net.NioEndpoint$SocketProcessor.doRun(NioEndpoint.java:1774)\r\n\tat org.apache.tomcat.util.net.SocketProcessorBase.run(SocketProcessorBase.java:52)\r\n\tat org.apache.tomcat.util.threads.ThreadPoolExecutor.runWorker(ThreadPoolExecutor.java:973)\r\n\tat org.apache.tomcat.util.threads.ThreadPoolExecutor$Worker.run(ThreadPoolExecutor.java:491)\r\n\tat org.apache.tomcat.util.threads.TaskThread$WrappingRunnable.run(TaskThread.java:63)\r\n\tat java.base/java.lang.Thread.run(Thread.java:1583)\r\n","traceId":"b609b44a518198eed7ae9b7b4e531506","spanId":"a6ab096ae869152e"}
{"@timestamp":"2026-05-17T20:22:17.4967644+02:00","@version":"1","message":"Session Metrics {\n    22600 nanoseconds spent acquiring 1 JDBC connections;\n    0 nanoseconds spent releasing 0 JDBC connections;\n    0 nanoseconds spent preparing 0 JDBC statements;\n    0 nanoseconds spent executing 0 JDBC statements;\n    0 nanoseconds spent executing 0 JDBC batches;\n    0 nanoseconds spent performing 0 L2C puts;\n    0 nanoseconds spent performing 0 L2C hits;\n    0 nanoseconds spent performing 0 L2C misses;\n    0 nanoseconds spent executing 0 flushes (flushing a total of 0 entities and 0 collections);\n    0 nanoseconds spent executing 0 pre-partial-flushes;\n    0 nanoseconds spent executing 0 partial-flushes (flushing a total of 0 entities and 0 collections)\n}","logger_name":"org.hibernate.engine.internal.StatisticalLoggingSessionEventListener","thread_name":"http-nio-8080-exec-9","level":"INFO","level_value":20000,"traceId":"b609b44a518198eed7ae9b7b4e531506","spanId":"a6ab096ae869152e"}
{"@timestamp":"2026-05-17T20:22:18.4809396+02:00","@version":"1","message":"Unexpected error","logger_name":"com.phyriak.exceptions.ExceptionHandler","thread_name":"http-nio-8080-exec-8","level":"ERROR","level_value":40000,"stack_trace":"java.lang.IllegalArgumentException: No enum constant com.phyriak.repository.model.Currency.EURa\r\n\tat java.base/java.lang.Enum.valueOf(Enum.java:293)\r\n\tat com.phyriak.mapper.PaymentMapperImpl.paymentRequestToEntity(PaymentMapperImpl.java:28)\r\n\tat com.phyriak.service.PaymentService.pay(PaymentService.java:48)\r\n\tat java.base/jdk.internal.reflect.DirectMethodHandleAccessor.invoke(DirectMethodHandleAccessor.java:103)\r\n\tat java.base/java.lang.reflect.Method.invoke(Method.java:580)\r\n\tat org.springframework.aop.support.AopUtils.invokeJoinpointUsingReflection(AopUtils.java:360)\r\n\tat org.springframework.aop.framework.ReflectiveMethodInvocation.invokeJoinpoint(ReflectiveMethodInvocation.java:196)\r\n\tat org.springframework.aop.framework.ReflectiveMethodInvocation.proceed(ReflectiveMethodInvocation.java:163)\r\n\tat org.springframework.transaction.interceptor.TransactionAspectSupport.invokeWithinTransaction(TransactionAspectSupport.java:380)\r\n\tat org.springframework.transaction.interceptor.TransactionInterceptor.invoke(TransactionInterceptor.java:119)\r\n\tat org.springframework.aop.framework.ReflectiveMethodInvocation.proceed(ReflectiveMethodInvocation.java:184)\r\n\tat org.springframework.retry.interceptor.RetryOperationsInterceptor$1.doWithRetry(RetryOperationsInterceptor.java:114)\r\n\tat org.springframework.retry.support.RetryTemplate.doExecute(RetryTemplate.java:357)\r\n\tat org.springframework.retry.support.RetryTemplate.execute(RetryTemplate.java:246)\r\n\tat org.springframework.retry.interceptor.RetryOperationsInterceptor.invoke(RetryOperationsInterceptor.java:135)\r\n\tat org.springframework.retry.annotation.AnnotationAwareRetryOperationsInterceptor.invoke(AnnotationAwareRetryOperationsInterceptor.java:162)\r\n\tat org.springframework.aop.framework.ReflectiveMethodInvocation.proceed(ReflectiveMethodInvocation.java:184)\r\n\tat org.springframework.aop.framework.CglibAopProxy$DynamicAdvisedInterceptor.intercept(CglibAopProxy.java:728)\r\n\tat com.phyriak.service.PaymentService$$SpringCGLIB$$0.pay(<generated>)\r\n\tat com.phyriak.controller.PaymentControllerImpl.pay(PaymentControllerImpl.java:46)\r\n\tat java.base/jdk.internal.reflect.DirectMethodHandleAccessor.invoke(DirectMethodHandleAccessor.java:103)\r\n\tat java.base/java.lang.reflect.Method.invoke(Method.java:580)\r\n\tat org.springframework.web.method.support.InvocableHandlerMethod.doInvoke(InvocableHandlerMethod.java:258)\r\n\tat org.springframework.web.method.support.InvocableHandlerMethod.invokeForRequest(InvocableHandlerMethod.java:191)\r\n\tat org.springframework.web.servlet.mvc.method.annotation.ServletInvocableHandlerMethod.invokeAndHandle(ServletInvocableHandlerMethod.java:118)\r\n\tat org.springframework.web.servlet.mvc.method.annotation.RequestMappingHandlerAdapter.invokeHandlerMethod(RequestMappingHandlerAdapter.java:991)\r\n\tat org.springframework.web.servlet.mvc.method.annotation.RequestMappingHandlerAdapter.handleInternal(RequestMappingHandlerAdapter.java:896)\r\n\tat org.springframework.web.servlet.mvc.method.AbstractHandlerMethodAdapter.handle(AbstractHandlerMethodAdapter.java:87)\r\n\tat org.springframework.web.servlet.DispatcherServlet.doDispatch(DispatcherServlet.java:1089)\r\n\tat org.springframework.web.servlet.DispatcherServlet.doService(DispatcherServlet.java:979)\r\n\tat org.springframework.web.servlet.FrameworkServlet.processRequest(FrameworkServlet.java:1014)\r\n\tat org.springframework.web.servlet.FrameworkServlet.doPost(FrameworkServlet.java:914)\r\n\tat jakarta.servlet.http.HttpServlet.service(HttpServlet.java:590)\r\n\tat org.springframework.web.servlet.FrameworkServlet.service(FrameworkServlet.java:885)\r\n\tat jakarta.servlet.http.HttpServlet.service(HttpServlet.java:658)\r\n\tat org.apache.catalina.core.ApplicationFilterChain.internalDoFilter(ApplicationFilterChain.java:193)\r\n\tat org.apache.catalina.core.ApplicationFilterChain.doFilter(ApplicationFilterChain.java:138)\r\n\tat org.apache.tomcat.websocket.server.WsFilter.doFilter(WsFilter.java:51)\r\n\tat org.apache.catalina.core.ApplicationFilterChain.internalDoFilter(ApplicationFilterChain.java:162)\r\n\tat org.apache.catalina.core.ApplicationFilterChain.doFilter(ApplicationFilterChain.java:138)\r\n\tat org.springframework.web.filter.RequestContextFilter.doFilterInternal(RequestContextFilter.java:100)\r\n\tat org.springframework.web.filter.OncePerRequestFilter.doFilter(OncePerRequestFilter.java:116)\r\n\tat org.apache.catalina.core.ApplicationFilterChain.internalDoFilter(ApplicationFilterChain.java:162)\r\n\tat org.apache.catalina.core.ApplicationFilterChain.doFilter(ApplicationFilterChain.java:138)\r\n\tat org.springframework.web.filter.FormContentFilter.doFilterInternal(FormContentFilter.java:93)\r\n\tat org.springframework.web.filter.OncePerRequestFilter.doFilter(OncePerRequestFilter.java:116)\r\n\tat org.apache.catalina.core.ApplicationFilterChain.internalDoFilter(ApplicationFilterChain.java:162)\r\n\tat org.apache.catalina.core.ApplicationFilterChain.doFilter(ApplicationFilterChain.java:138)\r\n\tat org.springframework.web.filter.ServerHttpObservationFilter.doFilterInternal(ServerHttpObservationFilter.java:110)\r\n\tat org.springframework.web.filter.OncePerRequestFilter.doFilter(OncePerRequestFilter.java:116)\r\n\tat org.apache.catalina.core.ApplicationFilterChain.internalDoFilter(ApplicationFilterChain.java:162)\r\n\tat org.apache.catalina.core.ApplicationFilterChain.doFilter(ApplicationFilterChain.java:138)\r\n\tat org.springframework.web.filter.CharacterEncodingFilter.doFilterInternal(CharacterEncodingFilter.java:201)\r\n\tat org.springframework.web.filter.OncePerRequestFilter.doFilter(OncePerRequestFilter.java:116)\r\n\tat org.apache.catalina.core.ApplicationFilterChain.internalDoFilter(ApplicationFilterChain.java:162)\r\n\tat org.apache.catalina.core.ApplicationFilterChain.doFilter(ApplicationFilterChain.java:138)\r\n\tat org.apache.catalina.core.StandardWrapperValve.invoke(StandardWrapperValve.java:165)\r\n\tat org.apache.catalina.core.StandardContextValve.invoke(StandardContextValve.java:88)\r\n\tat org.apache.catalina.authenticator.AuthenticatorBase.invoke(AuthenticatorBase.java:482)\r\n\tat org.apache.catalina.core.StandardHostValve.invoke(StandardHostValve.java:113)\r\n\tat org.apache.catalina.valves.ErrorReportValve.invoke(ErrorReportValve.java:83)\r\n\tat org.apache.catalina.core.StandardEngineValve.invoke(StandardEngineValve.java:72)\r\n\tat org.apache.catalina.connector.CoyoteAdapter.service(CoyoteAdapter.java:342)\r\n\tat org.apache.coyote.http11.Http11Processor.service(Http11Processor.java:399)\r\n\tat org.apache.coyote.AbstractProcessorLight.process(AbstractProcessorLight.java:63)\r\n\tat org.apache.coyote.AbstractProtocol$ConnectionHandler.process(AbstractProtocol.java:903)\r\n\tat org.apache.tomcat.util.net.NioEndpoint$SocketProcessor.doRun(NioEndpoint.java:1774)\r\n\tat org.apache.tomcat.util.net.SocketProcessorBase.run(SocketProcessorBase.java:52)\r\n\tat org.apache.tomcat.util.threads.ThreadPoolExecutor.runWorker(ThreadPoolExecutor.java:973)\r\n\tat org.apache.tomcat.util.threads.ThreadPoolExecutor$Worker.run(ThreadPoolExecutor.java:491)\r\n\tat org.apache.tomcat.util.threads.TaskThread$WrappingRunnable.run(TaskThread.java:63)\r\n\tat java.base/java.lang.Thread.run(Thread.java:1583)\r\n","traceId":"1a83e99f1c75af7dd7d09043f739a1ed","spanId":"7ca1f4057d1ed8df"}
{"@timestamp":"2026-05-17T20:22:18.4819442+02:00","@version":"1","message":"Session Metrics {\n    24200 nanoseconds spent acquiring 1 JDBC connections;\n    0 nanoseconds spent releasing 0 JDBC connections;\n    0 nanoseconds spent preparing 0 JDBC statements;\n    0 nanoseconds spent executing 0 JDBC statements;\n    0 nanoseconds spent executing 0 JDBC batches;\n    0 nanoseconds spent performing 0 L2C puts;\n    0 nanoseconds spent performing 0 L2C hits;\n    0 nanoseconds spent performing 0 L2C misses;\n    0 nanoseconds spent executing 0 flushes (flushing a total of 0 entities and 0 collections);\n    0 nanoseconds spent executing 0 pre-partial-flushes;\n    0 nanoseconds spent executing 0 partial-flushes (flushing a total of 0 entities and 0 collections)\n}","logger_name":"org.hibernate.engine.internal.StatisticalLoggingSessionEventListener","thread_name":"http-nio-8080-exec-8","level":"INFO","level_value":20000,"traceId":"1a83e99f1c75af7dd7d09043f739a1ed","spanId":"7ca1f4057d1ed8df"}
{"@timestamp":"2026-05-17T20:22:59.9795548+02:00","@version":"1","message":"Processing payment for userId: 22345, amount: 150.75, currency: EUR","logger_name":"com.phyriak.service.PaymentService","thread_name":"http-nio-8080-exec-8","level":"INFO","level_value":20000,"traceId":"4bfaa1768782e4b791a9d4612247c351","spanId":"a1a11dc3424c31bf"}
{"@timestamp":"2026-05-17T20:22:59.9822272+02:00","@version":"1","message":"Processing async payment 50002","logger_name":"com.phyriak.service.PaymentService","thread_name":"virtual-181","level":"INFO","level_value":20000}
{"@timestamp":"2026-05-17T20:22:59.9842354+02:00","@version":"1","message":"Session Metrics {\n    52400 nanoseconds spent acquiring 1 JDBC connections;\n    0 nanoseconds spent releasing 0 JDBC connections;\n    372800 nanoseconds spent preparing 2 JDBC statements;\n    146400 nanoseconds spent executing 1 JDBC statements;\n    334100 nanoseconds spent executing 1 JDBC batches;\n    0 nanoseconds spent performing 0 L2C puts;\n    0 nanoseconds spent performing 0 L2C hits;\n    0 nanoseconds spent performing 0 L2C misses;\n    1509700 nanoseconds spent executing 1 flushes (flushing a total of 1 entities and 0 collections);\n    0 nanoseconds spent executing 0 pre-partial-flushes;\n    0 nanoseconds spent executing 0 partial-flushes (flushing a total of 0 entities and 0 collections)\n}","logger_name":"org.hibernate.engine.internal.StatisticalLoggingSessionEventListener","thread_name":"http-nio-8080-exec-8","level":"INFO","level_value":20000,"traceId":"4bfaa1768782e4b791a9d4612247c351","spanId":"a1a11dc3424c31bf"}
{"@timestamp":"2026-05-17T20:22:59.9884036+02:00","@version":"1","message":"Session Metrics {\n    35300 nanoseconds spent acquiring 1 JDBC connections;\n    0 nanoseconds spent releasing 0 JDBC connections;\n    658900 nanoseconds spent preparing 1 JDBC statements;\n    307300 nanoseconds spent executing 1 JDBC statements;\n    0 nanoseconds spent executing 0 JDBC batches;\n    0 nanoseconds spent performing 0 L2C puts;\n    0 nanoseconds spent performing 0 L2C hits;\n    0 nanoseconds spent performing 0 L2C misses;\n    0 nanoseconds spent executing 0 flushes (flushing a total of 0 entities and 0 collections);\n    0 nanoseconds spent executing 0 pre-partial-flushes;\n    0 nanoseconds spent executing 0 partial-flushes (flushing a total of 0 entities and 0 collections)\n}","logger_name":"org.hibernate.engine.internal.StatisticalLoggingSessionEventListener","thread_name":"virtual-181","level":"INFO","level_value":20000}
{"@timestamp":"2026-05-17T20:22:59.9922364+02:00","@version":"1","message":"Session Metrics {\n    15100 nanoseconds spent acquiring 1 JDBC connections;\n    0 nanoseconds spent releasing 0 JDBC connections;\n    291300 nanoseconds spent preparing 2 JDBC statements;\n    75800 nanoseconds spent executing 1 JDBC statements;\n    350000 nanoseconds spent executing 1 JDBC batches;\n    0 nanoseconds spent performing 0 L2C puts;\n    0 nanoseconds spent performing 0 L2C hits;\n    0 nanoseconds spent performing 0 L2C misses;\n    1911200 nanoseconds spent executing 1 flushes (flushing a total of 1 entities and 0 collections);\n    0 nanoseconds spent executing 0 pre-partial-flushes;\n    0 nanoseconds spent executing 0 partial-flushes (flushing a total of 0 entities and 0 collections)\n}","logger_name":"org.hibernate.engine.internal.StatisticalLoggingSessionEventListener","thread_name":"virtual-181","level":"INFO","level_value":20000}
{"@timestamp":"2026-05-17T20:23:01.0000842+02:00","@version":"1","message":"Processing payment for userId: 22345, amount: 150.75, currency: EUR","logger_name":"com.phyriak.service.PaymentService","thread_name":"http-nio-8080-exec-2","level":"INFO","level_value":20000,"traceId":"2f3d1dc46af84a38ebf9dc57a412dc8e","spanId":"c0a2f06d11f2e7fc"}
{"@timestamp":"2026-05-17T20:23:01.0010871+02:00","@version":"1","message":"Processing async payment 50003","logger_name":"com.phyriak.service.PaymentService","thread_name":"virtual-185","level":"INFO","level_value":20000}
{"@timestamp":"2026-05-17T20:23:01.003099+02:00","@version":"1","message":"Session Metrics {\n    21300 nanoseconds spent acquiring 1 JDBC connections;\n    0 nanoseconds spent releasing 0 JDBC connections;\n    11500 nanoseconds spent preparing 1 JDBC statements;\n    0 nanoseconds spent executing 0 JDBC statements;\n    158000 nanoseconds spent executing 1 JDBC batches;\n    0 nanoseconds spent performing 0 L2C puts;\n    0 nanoseconds spent performing 0 L2C hits;\n    0 nanoseconds spent performing 0 L2C misses;\n    734100 nanoseconds spent executing 1 flushes (flushing a total of 1 entities and 0 collections);\n    0 nanoseconds spent executing 0 pre-partial-flushes;\n    0 nanoseconds spent executing 0 partial-flushes (flushing a total of 0 entities and 0 collections)\n}","logger_name":"org.hibernate.engine.internal.StatisticalLoggingSessionEventListener","thread_name":"http-nio-8080-exec-2","level":"INFO","level_value":20000,"traceId":"2f3d1dc46af84a38ebf9dc57a412dc8e","spanId":"c0a2f06d11f2e7fc"}
{"@timestamp":"2026-05-17T20:23:01.0051871+02:00","@version":"1","message":"Session Metrics {\n    53200 nanoseconds spent acquiring 1 JDBC connections;\n    0 nanoseconds spent releasing 0 JDBC connections;\n    577000 nanoseconds spent preparing 1 JDBC statements;\n    143900 nanoseconds spent executing 1 JDBC statements;\n    0 nanoseconds spent executing 0 JDBC batches;\n    0 nanoseconds spent performing 0 L2C puts;\n    0 nanoseconds spent performing 0 L2C hits;\n    0 nanoseconds spent performing 0 L2C misses;\n    0 nanoseconds spent executing 0 flushes (flushing a total of 0 entities and 0 collections);\n    0 nanoseconds spent executing 0 pre-partial-flushes;\n    0 nanoseconds spent executing 0 partial-flushes (flushing a total of 0 entities and 0 collections)\n}","logger_name":"org.hibernate.engine.internal.StatisticalLoggingSessionEventListener","thread_name":"virtual-185","level":"INFO","level_value":20000}
{"@timestamp":"2026-05-17T20:23:01.00819+02:00","@version":"1","message":"Session Metrics {\n    14600 nanoseconds spent acquiring 1 JDBC connections;\n    0 nanoseconds spent releasing 0 JDBC connections;\n    250500 nanoseconds spent preparing 2 JDBC statements;\n    71300 nanoseconds spent executing 1 JDBC statements;\n    236300 nanoseconds spent executing 1 JDBC batches;\n    0 nanoseconds spent performing 0 L2C puts;\n    0 nanoseconds spent performing 0 L2C hits;\n    0 nanoseconds spent performing 0 L2C misses;\n    1033200 nanoseconds spent executing 1 flushes (flushing a total of 1 entities and 0 collections);\n    0 nanoseconds spent executing 0 pre-partial-flushes;\n    0 nanoseconds spent executing 0 partial-flushes (flushing a total of 0 entities and 0 collections)\n}","logger_name":"org.hibernate.engine.internal.StatisticalLoggingSessionEventListener","thread_name":"virtual-185","level":"INFO","level_value":20000}
{"@timestamp":"2026-05-17T20:35:05.4753792+02:00","@version":"1","message":"Session Metrics {\n    100100 nanoseconds spent acquiring 1 JDBC connections;\n    0 nanoseconds spent releasing 0 JDBC connections;\n    33400 nanoseconds spent preparing 1 JDBC statements;\n    366100 nanoseconds spent executing 1 JDBC statements;\n    0 nanoseconds spent executing 0 JDBC batches;\n    0 nanoseconds spent performing 0 L2C puts;\n    0 nanoseconds spent performing 0 L2C hits;\n    0 nanoseconds spent performing 0 L2C misses;\n    0 nanoseconds spent executing 0 flushes (flushing a total of 0 entities and 0 collections);\n    0 nanoseconds spent executing 0 pre-partial-flushes;\n    0 nanoseconds spent executing 0 partial-flushes (flushing a total of 0 entities and 0 collections)\n}","logger_name":"org.hibernate.engine.internal.StatisticalLoggingSessionEventListener","thread_name":"http-nio-8080-exec-10","level":"INFO","level_value":20000,"traceId":"5c927586e88573898813f3a223e35161","spanId":"d47786b2814f6d6c"}
{"@timestamp":"2026-05-17T20:35:06.4946826+02:00","@version":"1","message":"Session Metrics {\n    33400 nanoseconds spent acquiring 1 JDBC connections;\n    0 nanoseconds spent releasing 0 JDBC connections;\n    7600 nanoseconds spent preparing 1 JDBC statements;\n    48500 nanoseconds spent executing 1 JDBC statements;\n    0 nanoseconds spent executing 0 JDBC batches;\n    0 nanoseconds spent performing 0 L2C puts;\n    0 nanoseconds spent performing 0 L2C hits;\n    0 nanoseconds spent performing 0 L2C misses;\n    0 nanoseconds spent executing 0 flushes (flushing a total of 0 entities and 0 collections);\n    0 nanoseconds spent executing 0 pre-partial-flushes;\n    0 nanoseconds spent executing 0 partial-flushes (flushing a total of 0 entities and 0 collections)\n}","logger_name":"org.hibernate.engine.internal.StatisticalLoggingSessionEventListener","thread_name":"http-nio-8080-exec-1","level":"INFO","level_value":20000,"traceId":"8a53f00eb6e1ef658cc57d8ee53bdedc","spanId":"1b5a1102f1573a91"}
{"@timestamp":"2026-05-17T20:35:10.7871212+02:00","@version":"1","message":"Unexpected error","logger_name":"com.phyriak.exceptions.ExceptionHandler","thread_name":"http-nio-8080-exec-3","level":"ERROR","level_value":40000,"stack_trace":"org.springframework.web.servlet.resource.NoResourceFoundException: No static resource api/v1/payments/update/status.\r\n\tat org.springframework.web.servlet.resource.ResourceHttpRequestHandler.handleRequest(ResourceHttpRequestHandler.java:585)\r\n\tat org.springframework.web.servlet.mvc.HttpRequestHandlerAdapter.handle(HttpRequestHandlerAdapter.java:52)\r\n\tat org.springframework.web.servlet.DispatcherServlet.doDispatch(DispatcherServlet.java:1089)\r\n\tat org.springframework.web.servlet.DispatcherServlet.doService(DispatcherServlet.java:979)\r\n\tat org.springframework.web.servlet.FrameworkServlet.processRequest(FrameworkServlet.java:1014)\r\n\tat org.springframework.web.servlet.FrameworkServlet.doPost(FrameworkServlet.java:914)\r\n\tat jakarta.servlet.http.HttpServlet.service(HttpServlet.java:590)\r\n\tat org.springframework.web.servlet.FrameworkServlet.service(FrameworkServlet.java:885)\r\n\tat jakarta.servlet.http.HttpServlet.service(HttpServlet.java:658)\r\n\tat org.apache.catalina.core.ApplicationFilterChain.internalDoFilter(ApplicationFilterChain.java:193)\r\n\tat org.apache.catalina.core.ApplicationFilterChain.doFilter(ApplicationFilterChain.java:138)\r\n\tat org.apache.tomcat.websocket.server.WsFilter.doFilter(WsFilter.java:51)\r\n\tat org.apache.catalina.core.ApplicationFilterChain.internalDoFilter(ApplicationFilterChain.java:162)\r\n\tat org.apache.catalina.core.ApplicationFilterChain.doFilter(ApplicationFilterChain.java:138)\r\n\tat org.springframework.web.filter.RequestContextFilter.doFilterInternal(RequestContextFilter.java:100)\r\n\tat org.springframework.web.filter.OncePerRequestFilter.doFilter(OncePerRequestFilter.java:116)\r\n\tat org.apache.catalina.core.ApplicationFilterChain.internalDoFilter(ApplicationFilterChain.java:162)\r\n\tat org.apache.catalina.core.ApplicationFilterChain.doFilter(ApplicationFilterChain.java:138)\r\n\tat org.springframework.web.filter.FormContentFilter.doFilterInternal(FormContentFilter.java:93)\r\n\tat org.springframework.web.filter.OncePerRequestFilter.doFilter(OncePerRequestFilter.java:116)\r\n\tat org.apache.catalina.core.ApplicationFilterChain.internalDoFilter(ApplicationFilterChain.java:162)\r\n\tat org.apache.catalina.core.ApplicationFilterChain.doFilter(ApplicationFilterChain.java:138)\r\n\tat org.springframework.web.filter.ServerHttpObservationFilter.doFilterInternal(ServerHttpObservationFilter.java:110)\r\n\tat org.springframework.web.filter.OncePerRequestFilter.doFilter(OncePerRequestFilter.java:116)\r\n\tat org.apache.catalina.core.ApplicationFilterChain.internalDoFilter(ApplicationFilterChain.java:162)\r\n\tat org.apache.catalina.core.ApplicationFilterChain.doFilter(ApplicationFilterChain.java:138)\r\n\tat org.springframework.web.filter.CharacterEncodingFilter.doFilterInternal(CharacterEncodingFilter.java:201)\r\n\tat org.springframework.web.filter.OncePerRequestFilter.doFilter(OncePerRequestFilter.java:116)\r\n\tat org.apache.catalina.core.ApplicationFilterChain.internalDoFilter(ApplicationFilterChain.java:162)\r\n\tat org.apache.catalina.core.ApplicationFilterChain.doFilter(ApplicationFilterChain.java:138)\r\n\tat org.apache.catalina.core.StandardWrapperValve.invoke(StandardWrapperValve.java:165)\r\n\tat org.apache.catalina.core.StandardContextValve.invoke(StandardContextValve.java:88)\r\n\tat org.apache.catalina.authenticator.AuthenticatorBase.invoke(AuthenticatorBase.java:482)\r\n\tat org.apache.catalina.core.StandardHostValve.invoke(StandardHostValve.java:113)\r\n\tat org.apache.catalina.valves.ErrorReportValve.invoke(ErrorReportValve.java:83)\r\n\tat org.apache.catalina.core.StandardEngineValve.invoke(StandardEngineValve.java:72)\r\n\tat org.apache.catalina.connector.CoyoteAdapter.service(CoyoteAdapter.java:342)\r\n\tat org.apache.coyote.http11.Http11Processor.service(Http11Processor.java:399)\r\n\tat org.apache.coyote.AbstractProcessorLight.process(AbstractProcessorLight.java:63)\r\n\tat org.apache.coyote.AbstractProtocol$ConnectionHandler.process(AbstractProtocol.java:903)\r\n\tat org.apache.tomcat.util.net.NioEndpoint$SocketProcessor.doRun(NioEndpoint.java:1774)\r\n\tat org.apache.tomcat.util.net.SocketProcessorBase.run(SocketProcessorBase.java:52)\r\n\tat org.apache.tomcat.util.threads.ThreadPoolExecutor.runWorker(ThreadPoolExecutor.java:973)\r\n\tat org.apache.tomcat.util.threads.ThreadPoolExecutor$Worker.run(ThreadPoolExecutor.java:491)\r\n\tat org.apache.tomcat.util.threads.TaskThread$WrappingRunnable.run(TaskThread.java:63)\r\n\tat java.base/java.lang.Thread.run(Thread.java:1583)\r\n","traceId":"a136f430b4969657b51297aabf89d7b5","spanId":"e80c56a7126e365e"}
{"@timestamp":"2026-05-17T20:35:10.7886299+02:00","@version":"1","message":"Session Metrics {\n    0 nanoseconds spent acquiring 0 JDBC connections;\n    0 nanoseconds spent releasing 0 JDBC connections;\n    0 nanoseconds spent preparing 0 JDBC statements;\n    0 nanoseconds spent executing 0 JDBC statements;\n    0 nanoseconds spent executing 0 JDBC batches;\n    0 nanoseconds spent performing 0 L2C puts;\n    0 nanoseconds spent performing 0 L2C hits;\n    0 nanoseconds spent performing 0 L2C misses;\n    0 nanoseconds spent executing 0 flushes (flushing a total of 0 entities and 0 collections);\n    0 nanoseconds spent executing 0 pre-partial-flushes;\n    0 nanoseconds spent executing 0 partial-flushes (flushing a total of 0 entities and 0 collections)\n}","logger_name":"org.hibernate.engine.internal.StatisticalLoggingSessionEventListener","thread_name":"http-nio-8080-exec-3","level":"INFO","level_value":20000,"traceId":"a136f430b4969657b51297aabf89d7b5","spanId":"e80c56a7126e365e"}
{"@timestamp":"2026-05-17T20:36:16.4175337+02:00","@version":"1","message":"Unexpected error","logger_name":"com.phyriak.exceptions.ExceptionHandler","thread_name":"http-nio-8080-exec-9","level":"ERROR","level_value":40000,"stack_trace":"org.springframework.web.servlet.resource.NoResourceFoundException: No static resource api/v1/payments/update/status.\r\n\tat org.springframework.web.servlet.resource.ResourceHttpRequestHandler.handleRequest(ResourceHttpRequestHandler.java:585)\r\n\tat org.springframework.web.servlet.mvc.HttpRequestHandlerAdapter.handle(HttpRequestHandlerAdapter.java:52)\r\n\tat org.springframework.web.servlet.DispatcherServlet.doDispatch(DispatcherServlet.java:1089)\r\n\tat org.springframework.web.servlet.DispatcherServlet.doService(DispatcherServlet.java:979)\r\n\tat org.springframework.web.servlet.FrameworkServlet.processRequest(FrameworkServlet.java:1014)\r\n\tat org.springframework.web.servlet.FrameworkServlet.doPost(FrameworkServlet.java:914)\r\n\tat jakarta.servlet.http.HttpServlet.service(HttpServlet.java:590)\r\n\tat org.springframework.web.servlet.FrameworkServlet.service(FrameworkServlet.java:885)\r\n\tat jakarta.servlet.http.HttpServlet.service(HttpServlet.java:658)\r\n\tat org.apache.catalina.core.ApplicationFilterChain.internalDoFilter(ApplicationFilterChain.java:193)\r\n\tat org.apache.catalina.core.ApplicationFilterChain.doFilter(ApplicationFilterChain.java:138)\r\n\tat org.apache.tomcat.websocket.server.WsFilter.doFilter(WsFilter.java:51)\r\n\tat org.apache.catalina.core.ApplicationFilterChain.internalDoFilter(ApplicationFilterChain.java:162)\r\n\tat org.apache.catalina.core.ApplicationFilterChain.doFilter(ApplicationFilterChain.java:138)\r\n\tat org.springframework.web.filter.RequestContextFilter.doFilterInternal(RequestContextFilter.java:100)\r\n\tat org.springframework.web.filter.OncePerRequestFilter.doFilter(OncePerRequestFilter.java:116)\r\n\tat org.apache.catalina.core.ApplicationFilterChain.internalDoFilter(ApplicationFilterChain.java:162)\r\n\tat org.apache.catalina.core.ApplicationFilterChain.doFilter(ApplicationFilterChain.java:138)\r\n\tat org.springframework.web.filter.FormContentFilter.doFilterInternal(FormContentFilter.java:93)\r\n\tat org.springframework.web.filter.OncePerRequestFilter.doFilter(OncePerRequestFilter.java:116)\r\n\tat org.apache.catalina.core.ApplicationFilterChain.internalDoFilter(ApplicationFilterChain.java:162)\r\n\tat org.apache.catalina.core.ApplicationFilterChain.doFilter(ApplicationFilterChain.java:138)\r\n\tat org.springframework.web.filter.ServerHttpObservationFilter.doFilterInternal(ServerHttpObservationFilter.java:110)\r\n\tat org.springframework.web.filter.OncePerRequestFilter.doFilter(OncePerRequestFilter.java:116)\r\n\tat org.apache.catalina.core.ApplicationFilterChain.internalDoFilter(ApplicationFilterChain.java:162)\r\n\tat org.apache.catalina.core.ApplicationFilterChain.doFilter(ApplicationFilterChain.java:138)\r\n\tat org.springframework.web.filter.CharacterEncodingFilter.doFilterInternal(CharacterEncodingFilter.java:201)\r\n\tat org.springframework.web.filter.OncePerRequestFilter.doFilter(OncePerRequestFilter.java:116)\r\n\tat org.apache.catalina.core.ApplicationFilterChain.internalDoFilter(ApplicationFilterChain.java:162)\r\n\tat org.apache.catalina.core.ApplicationFilterChain.doFilter(ApplicationFilterChain.java:138)\r\n\tat org.apache.catalina.core.StandardWrapperValve.invoke(StandardWrapperValve.java:165)\r\n\tat org.apache.catalina.core.StandardContextValve.invoke(StandardContextValve.java:88)\r\n\tat org.apache.catalina.authenticator.AuthenticatorBase.invoke(AuthenticatorBase.java:482)\r\n\tat org.apache.catalina.core.StandardHostValve.invoke(StandardHostValve.java:113)\r\n\tat org.apache.catalina.valves.ErrorReportValve.invoke(ErrorReportValve.java:83)\r\n\tat org.apache.catalina.core.StandardEngineValve.invoke(StandardEngineValve.java:72)\r\n\tat org.apache.catalina.connector.CoyoteAdapter.service(CoyoteAdapter.java:342)\r\n\tat org.apache.coyote.http11.Http11Processor.service(Http11Processor.java:399)\r\n\tat org.apache.coyote.AbstractProcessorLight.process(AbstractProcessorLight.java:63)\r\n\tat org.apache.coyote.AbstractProtocol$ConnectionHandler.process(AbstractProtocol.java:903)\r\n\tat org.apache.tomcat.util.net.NioEndpoint$SocketProcessor.doRun(NioEndpoint.java:1774)\r\n\tat org.apache.tomcat.util.net.SocketProcessorBase.run(SocketProcessorBase.java:52)\r\n\tat org.apache.tomcat.util.threads.ThreadPoolExecutor.runWorker(ThreadPoolExecutor.java:973)\r\n\tat org.apache.tomcat.util.threads.ThreadPoolExecutor$Worker.run(ThreadPoolExecutor.java:491)\r\n\tat org.apache.tomcat.util.threads.TaskThread$WrappingRunnable.run(TaskThread.java:63)\r\n\tat java.base/java.lang.Thread.run(Thread.java:1583)\r\n","traceId":"17e575a25d219bacab6786401d7c2b5d","spanId":"5500d2eb1aa33546"}
{"@timestamp":"2026-05-17T20:36:16.4196926+02:00","@version":"1","message":"Session Metrics {\n    0 nanoseconds spent acquiring 0 JDBC connections;\n    0 nanoseconds spent releasing 0 JDBC connections;\n    0 nanoseconds spent preparing 0 JDBC statements;\n    0 nanoseconds spent executing 0 JDBC statements;\n    0 nanoseconds spent executing 0 JDBC batches;\n    0 nanoseconds spent performing 0 L2C puts;\n    0 nanoseconds spent performing 0 L2C hits;\n    0 nanoseconds spent performing 0 L2C misses;\n    0 nanoseconds spent executing 0 flushes (flushing a total of 0 entities and 0 collections);\n    0 nanoseconds spent executing 0 pre-partial-flushes;\n    0 nanoseconds spent executing 0 partial-flushes (flushing a total of 0 entities and 0 collections)\n}","logger_name":"org.hibernate.engine.internal.StatisticalLoggingSessionEventListener","thread_name":"http-nio-8080-exec-9","level":"INFO","level_value":20000,"traceId":"17e575a25d219bacab6786401d7c2b5d","spanId":"5500d2eb1aa33546"}
{"@timestamp":"2026-05-17T20:36:24.4817884+02:00","@version":"1","message":"Unexpected error","logger_name":"com.phyriak.exceptions.ExceptionHandler","thread_name":"http-nio-8080-exec-8","level":"ERROR","level_value":40000,"stack_trace":"java.lang.IllegalArgumentException: No enum constant com.phyriak.repository.model.Currency.EURx\r\n\tat java.base/java.lang.Enum.valueOf(Enum.java:293)\r\n\tat com.phyriak.mapper.PaymentMapperImpl.paymentRequestToEntity(PaymentMapperImpl.java:28)\r\n\tat com.phyriak.service.PaymentService.pay(PaymentService.java:48)\r\n\tat java.base/jdk.internal.reflect.DirectMethodHandleAccessor.invoke(DirectMethodHandleAccessor.java:103)\r\n\tat java.base/java.lang.reflect.Method.invoke(Method.java:580)\r\n\tat org.springframework.aop.support.AopUtils.invokeJoinpointUsingReflection(AopUtils.java:360)\r\n\tat org.springframework.aop.framework.ReflectiveMethodInvocation.invokeJoinpoint(ReflectiveMethodInvocation.java:196)\r\n\tat org.springframework.aop.framework.ReflectiveMethodInvocation.proceed(ReflectiveMethodInvocation.java:163)\r\n\tat org.springframework.transaction.interceptor.TransactionAspectSupport.invokeWithinTransaction(TransactionAspectSupport.java:380)\r\n\tat org.springframework.transaction.interceptor.TransactionInterceptor.invoke(TransactionInterceptor.java:119)\r\n\tat org.springframework.aop.framework.ReflectiveMethodInvocation.proceed(ReflectiveMethodInvocation.java:184)\r\n\tat org.springframework.retry.interceptor.RetryOperationsInterceptor$1.doWithRetry(RetryOperationsInterceptor.java:114)\r\n\tat org.springframework.retry.support.RetryTemplate.doExecute(RetryTemplate.java:357)\r\n\tat org.springframework.retry.support.RetryTemplate.execute(RetryTemplate.java:246)\r\n\tat org.springframework.retry.interceptor.RetryOperationsInterceptor.invoke(RetryOperationsInterceptor.java:135)\r\n\tat org.springframework.retry.annotation.AnnotationAwareRetryOperationsInterceptor.invoke(AnnotationAwareRetryOperationsInterceptor.java:162)\r\n\tat org.springframework.aop.framework.ReflectiveMethodInvocation.proceed(ReflectiveMethodInvocation.java:184)\r\n\tat org.springframework.aop.framework.CglibAopProxy$DynamicAdvisedInterceptor.intercept(CglibAopProxy.java:728)\r\n\tat com.phyriak.service.PaymentService$$SpringCGLIB$$0.pay(<generated>)\r\n\tat com.phyriak.controller.PaymentControllerImpl.pay(PaymentControllerImpl.java:46)\r\n\tat java.base/jdk.internal.reflect.DirectMethodHandleAccessor.invoke(DirectMethodHandleAccessor.java:103)\r\n\tat java.base/java.lang.reflect.Method.invoke(Method.java:580)\r\n\tat org.springframework.web.method.support.InvocableHandlerMethod.doInvoke(InvocableHandlerMethod.java:258)\r\n\tat org.springframework.web.method.support.InvocableHandlerMethod.invokeForRequest(InvocableHandlerMethod.java:191)\r\n\tat org.springframework.web.servlet.mvc.method.annotation.ServletInvocableHandlerMethod.invokeAndHandle(ServletInvocableHandlerMethod.java:118)\r\n\tat org.springframework.web.servlet.mvc.method.annotation.RequestMappingHandlerAdapter.invokeHandlerMethod(RequestMappingHandlerAdapter.java:991)\r\n\tat org.springframework.web.servlet.mvc.method.annotation.RequestMappingHandlerAdapter.handleInternal(RequestMappingHandlerAdapter.java:896)\r\n\tat org.springframework.web.servlet.mvc.method.AbstractHandlerMethodAdapter.handle(AbstractHandlerMethodAdapter.java:87)\r\n\tat org.springframework.web.servlet.DispatcherServlet.doDispatch(DispatcherServlet.java:1089)\r\n\tat org.springframework.web.servlet.DispatcherServlet.doService(DispatcherServlet.java:979)\r\n\tat org.springframework.web.servlet.FrameworkServlet.processRequest(FrameworkServlet.java:1014)\r\n\tat org.springframework.web.servlet.FrameworkServlet.doPost(FrameworkServlet.java:914)\r\n\tat jakarta.servlet.http.HttpServlet.service(HttpServlet.java:590)\r\n\tat org.springframework.web.servlet.FrameworkServlet.service(FrameworkServlet.java:885)\r\n\tat jakarta.servlet.http.HttpServlet.service(HttpServlet.java:658)\r\n\tat org.apache.catalina.core.ApplicationFilterChain.internalDoFilter(ApplicationFilterChain.java:193)\r\n\tat org.apache.catalina.core.ApplicationFilterChain.doFilter(ApplicationFilterChain.java:138)\r\n\tat org.apache.tomcat.websocket.server.WsFilter.doFilter(WsFilter.java:51)\r\n\tat org.apache.catalina.core.ApplicationFilterChain.internalDoFilter(ApplicationFilterChain.java:162)\r\n\tat org.apache.catalina.core.ApplicationFilterChain.doFilter(ApplicationFilterChain.java:138)\r\n\tat org.springframework.web.filter.RequestContextFilter.doFilterInternal(RequestContextFilter.java:100)\r\n\tat org.springframework.web.filter.OncePerRequestFilter.doFilter(OncePerRequestFilter.java:116)\r\n\tat org.apache.catalina.core.ApplicationFilterChain.internalDoFilter(ApplicationFilterChain.java:162)\r\n\tat org.apache.catalina.core.ApplicationFilterChain.doFilter(ApplicationFilterChain.java:138)\r\n\tat org.springframework.web.filter.FormContentFilter.doFilterInternal(FormContentFilter.java:93)\r\n\tat org.springframework.web.filter.OncePerRequestFilter.doFilter(OncePerRequestFilter.java:116)\r\n\tat org.apache.catalina.core.ApplicationFilterChain.internalDoFilter(ApplicationFilterChain.java:162)\r\n\tat org.apache.catalina.core.ApplicationFilterChain.doFilter(ApplicationFilterChain.java:138)\r\n\tat org.springframework.web.filter.ServerHttpObservationFilter.doFilterInternal(ServerHttpObservationFilter.java:110)\r\n\tat org.springframework.web.filter.OncePerRequestFilter.doFilter(OncePerRequestFilter.java:116)\r\n\tat org.apache.catalina.core.ApplicationFilterChain.internalDoFilter(ApplicationFilterChain.java:162)\r\n\tat org.apache.catalina.core.ApplicationFilterChain.doFilter(ApplicationFilterChain.java:138)\r\n\tat org.springframework.web.filter.CharacterEncodingFilter.doFilterInternal(CharacterEncodingFilter.java:201)\r\n\tat org.springframework.web.filter.OncePerRequestFilter.doFilter(OncePerRequestFilter.java:116)\r\n\tat org.apache.catalina.core.ApplicationFilterChain.internalDoFilter(ApplicationFilterChain.java:162)\r\n\tat org.apache.catalina.core.ApplicationFilterChain.doFilter(ApplicationFilterChain.java:138)\r\n\tat org.apache.catalina.core.StandardWrapperValve.invoke(StandardWrapperValve.java:165)\r\n\tat org.apache.catalina.core.StandardContextValve.invoke(StandardContextValve.java:88)\r\n\tat org.apache.catalina.authenticator.AuthenticatorBase.invoke(AuthenticatorBase.java:482)\r\n\tat org.apache.catalina.core.StandardHostValve.invoke(StandardHostValve.java:113)\r\n\tat org.apache.catalina.valves.ErrorReportValve.invoke(ErrorReportValve.java:83)\r\n\tat org.apache.catalina.core.StandardEngineValve.invoke(StandardEngineValve.java:72)\r\n\tat org.apache.catalina.connector.CoyoteAdapter.service(CoyoteAdapter.java:342)\r\n\tat org.apache.coyote.http11.Http11Processor.service(Http11Processor.java:399)\r\n\tat org.apache.coyote.AbstractProcessorLight.process(AbstractProcessorLight.java:63)\r\n\tat org.apache.coyote.AbstractProtocol$ConnectionHandler.process(AbstractProtocol.java:903)\r\n\tat org.apache.tomcat.util.net.NioEndpoint$SocketProcessor.doRun(NioEndpoint.java:1774)\r\n\tat org.apache.tomcat.util.net.SocketProcessorBase.run(SocketProcessorBase.java:52)\r\n\tat org.apache.tomcat.util.threads.ThreadPoolExecutor.runWorker(ThreadPoolExecutor.java:973)\r\n\tat org.apache.tomcat.util.threads.ThreadPoolExecutor$Worker.run(ThreadPoolExecutor.java:491)\r\n\tat org.apache.tomcat.util.threads.TaskThread$WrappingRunnable.run(TaskThread.java:63)\r\n\tat java.base/java.lang.Thread.run(Thread.java:1583)\r\n","traceId":"81d8d783c77c7defea80f3a7470072f0","spanId":"5e65e745ab7cbca9"}
{"@timestamp":"2026-05-17T20:36:24.4827851+02:00","@version":"1","message":"Session Metrics {\n    44100 nanoseconds spent acquiring 1 JDBC connections;\n    0 nanoseconds spent releasing 0 JDBC connections;\n    0 nanoseconds spent preparing 0 JDBC statements;\n    0 nanoseconds spent executing 0 JDBC statements;\n    0 nanoseconds spent executing 0 JDBC batches;\n    0 nanoseconds spent performing 0 L2C puts;\n    0 nanoseconds spent performing 0 L2C hits;\n    0 nanoseconds spent performing 0 L2C misses;\n    0 nanoseconds spent executing 0 flushes (flushing a total of 0 entities and 0 collections);\n    0 nanoseconds spent executing 0 pre-partial-flushes;\n    0 nanoseconds spent executing 0 partial-flushes (flushing a total of 0 entities and 0 collections)\n}","logger_name":"org.hibernate.engine.internal.StatisticalLoggingSessionEventListener","thread_name":"http-nio-8080-exec-8","level":"INFO","level_value":20000,"traceId":"81d8d783c77c7defea80f3a7470072f0","spanId":"5e65e745ab7cbca9"}
{"@timestamp":"2026-05-17T20:36:33.3918192+02:00","@version":"1","message":"Processing payment for userId: 22345, amount: 150.75, currency: EUR","logger_name":"com.phyriak.service.PaymentService","thread_name":"http-nio-8080-exec-4","level":"INFO","level_value":20000,"traceId":"b0738c1b4da71a4a6c70d136298f28be","spanId":"bdef6b5765c4f29c"}
{"@timestamp":"2026-05-17T20:36:33.3933306+02:00","@version":"1","message":"Processing async payment 50004","logger_name":"com.phyriak.service.PaymentService","thread_name":"virtual-195","level":"INFO","level_value":20000}
{"@timestamp":"2026-05-17T20:36:33.3953396+02:00","@version":"1","message":"Session Metrics {\n    70500 nanoseconds spent acquiring 1 JDBC connections;\n    0 nanoseconds spent releasing 0 JDBC connections;\n    166300 nanoseconds spent preparing 1 JDBC statements;\n    0 nanoseconds spent executing 0 JDBC statements;\n    196900 nanoseconds spent executing 1 JDBC batches;\n    0 nanoseconds spent performing 0 L2C puts;\n    0 nanoseconds spent performing 0 L2C hits;\n    0 nanoseconds spent performing 0 L2C misses;\n    1609400 nanoseconds spent executing 1 flushes (flushing a total of 1 entities and 0 collections);\n    0 nanoseconds spent executing 0 pre-partial-flushes;\n    0 nanoseconds spent executing 0 partial-flushes (flushing a total of 0 entities and 0 collections)\n}","logger_name":"org.hibernate.engine.internal.StatisticalLoggingSessionEventListener","thread_name":"http-nio-8080-exec-4","level":"INFO","level_value":20000,"traceId":"b0738c1b4da71a4a6c70d136298f28be","spanId":"bdef6b5765c4f29c"}
{"@timestamp":"2026-05-17T20:36:33.3963466+02:00","@version":"1","message":"Session Metrics {\n    37200 nanoseconds spent acquiring 1 JDBC connections;\n    0 nanoseconds spent releasing 0 JDBC connections;\n    445400 nanoseconds spent preparing 1 JDBC statements;\n    65600 nanoseconds spent executing 1 JDBC statements;\n    0 nanoseconds spent executing 0 JDBC batches;\n    0 nanoseconds spent performing 0 L2C puts;\n    0 nanoseconds spent performing 0 L2C hits;\n    0 nanoseconds spent performing 0 L2C misses;\n    0 nanoseconds spent executing 0 flushes (flushing a total of 0 entities and 0 collections);\n    0 nanoseconds spent executing 0 pre-partial-flushes;\n    0 nanoseconds spent executing 0 partial-flushes (flushing a total of 0 entities and 0 collections)\n}","logger_name":"org.hibernate.engine.internal.StatisticalLoggingSessionEventListener","thread_name":"virtual-195","level":"INFO","level_value":20000}
{"@timestamp":"2026-05-17T20:36:33.4004392+02:00","@version":"1","message":"Session Metrics {\n    23500 nanoseconds spent acquiring 1 JDBC connections;\n    0 nanoseconds spent releasing 0 JDBC connections;\n    314800 nanoseconds spent preparing 2 JDBC statements;\n    84600 nanoseconds spent executing 1 JDBC statements;\n    519500 nanoseconds spent executing 1 JDBC batches;\n    0 nanoseconds spent performing 0 L2C puts;\n    0 nanoseconds spent performing 0 L2C hits;\n    0 nanoseconds spent performing 0 L2C misses;\n    1611400 nanoseconds spent executing 1 flushes (flushing a total of 1 entities and 0 collections);\n    0 nanoseconds spent executing 0 pre-partial-flushes;\n    0 nanoseconds spent executing 0 partial-flushes (flushing a total of 0 entities and 0 collections)\n}","logger_name":"org.hibernate.engine.internal.StatisticalLoggingSessionEventListener","thread_name":"virtual-195","level":"INFO","level_value":20000}
{"@timestamp":"2026-05-17T20:36:35.6450552+02:00","@version":"1","message":"Session Metrics {\n    28000 nanoseconds spent acquiring 1 JDBC connections;\n    0 nanoseconds spent releasing 0 JDBC connections;\n    1704300 nanoseconds spent preparing 1 JDBC statements;\n    86700 nanoseconds spent executing 1 JDBC statements;\n    0 nanoseconds spent executing 0 JDBC batches;\n    0 nanoseconds spent performing 0 L2C puts;\n    0 nanoseconds spent performing 0 L2C hits;\n    0 nanoseconds spent performing 0 L2C misses;\n    0 nanoseconds spent executing 0 flushes (flushing a total of 0 entities and 0 collections);\n    0 nanoseconds spent executing 0 pre-partial-flushes;\n    0 nanoseconds spent executing 0 partial-flushes (flushing a total of 0 entities and 0 collections)\n}","logger_name":"org.hibernate.engine.internal.StatisticalLoggingSessionEventListener","thread_name":"http-nio-8080-exec-7","level":"INFO","level_value":20000,"traceId":"9159d699d99550d7bd9dfc2f98fc5556","spanId":"35a72a99349dcf50"}
